"packageId","packageVersion","routeId","moduleId","lessonId","visibleTitle","currentOrder","routeOrder","moduleOrder","lessonOrder","currentType","proposedCurriculumStage","curriculumCategory","currentObservableObjective","objectiveQuality","currentLearningArchetype","recommendedLearningArchetype","declaredPrimarySource","secondarySources","currentCitations","citationPrecision","requiredConcepts","prerequisiteProblems","improperHigherDependencies","visualCoverage","requiredVisuals","currentEvidenceLevel","recommendedEvidenceLevel","executionTier","safetyStatus","historicalStatus","languageProblems","editorialProblems","editorialStatus","recommendedAction","priority","priorityScore","priorityBreakdown","reason","manualReviewRequired"
"wplab.horology.functional-map","0.5.0","route.horology.orientation","module.horology.functional-map","lesson.horology.system","Un reloj no es una colección de ruedas","1","1","1","1","pretraining / explanation","1-understand-watch-as-system","","Clasificar elementos por su función observable.","specific-observable","mechanism-explanation","mechanism-explanation","source.horology.private-book.functional-systems","[""source.horology.original-functional-map""]","[""source.horology.original-functional-map""]","chapter-or-section","[]","[]","[]","2/2 declared visuals ready or approved","[""causal schematic or state animation""]","K","V","simulation","normal","unknown","[""lesson.title"",""lesson.purpose"",""lesson.objectives[0]"",""lesson.objectives[1]"",""lesson.objectives[2]"",""activity.horology.classify-subsystems.title"",""activity.horology.classify-subsystems.description""]","[""identical-english-spanish"",""foreign-lesson-title"",""overbroad-citation"",""numeric-data-without-locator""]","needs-source-review","edit","medium","50","[{""reason"":""incidencias ponderadas"",""points"":30},{""reason"":""primeras experiencias del principiante"",""points"":20}]","Campos localizados en inglés repiten literalmente el español. El cuerpo contiene el título de otra lección; puede ser referencia válida o contaminación de plantilla. Una o más fuentes se citan a nivel de capítulo, documento o sin localizador. Hay datos numéricos o relaciones cuantitativas sin página, figura o tabla aplicable.","true"
"wplab.horology.functional-map","0.5.0","route.horology.orientation","module.horology.functional-map","lesson.horology.mechanical-chain","La cadena mecánica","2","1","1","2","conceptual-model / explanation","1-understand-watch-as-system","","Ordenar las etapas de la cadena mecánica.","generic","mechanism-explanation","psychomotor-skill","source.miyota.8215.product-page","[""source.miyota.8215.parts-list-exploded-view"",""source.horology.private-book.functional-systems"",""source.horology.original-functional-map""]","[""source.miyota.8215.parts-list-exploded-view""]","chapter-or-section","[""concept.horology.functional-chain"",""concept.horology.part-language""]","[]","[]","3/3 declared visuals ready or approved","[""multi-angle physical demonstration and reviewed result""]","V","P","simulation","normal","unknown","[""lesson.title"",""lesson.purpose"",""lesson.objectives[0]"",""lesson.objectives[1]"",""lesson.objectives[2]"",""activity.horology.order-mechanical-chain.title"",""activity.horology.order-mechanical-chain.description"",""activity.horology.identify-escapement-oscillator.title"",""activity.horology.identify-escapement-oscillator.description""]","[""identical-english-spanish"",""foreign-lesson-title"",""overbroad-citation"",""numeric-data-without-locator"",""automatic-segmentation-break""]","needs-source-review","split","high","56","[{""reason"":""incidencias ponderadas"",""points"":36},{""reason"":""primeras experiencias del principiante"",""points"":20}]","Campos localizados en inglés repiten literalmente el español. El cuerpo contiene el título de otra lección; puede ser referencia válida o contaminación de plantilla. Una o más fuentes se citan a nivel de capítulo, documento o sin localizador. Hay datos numéricos o relaciones cuantitativas sin página, figura o tabla aplicable.","true"
"wplab.horology.functional-map","0.5.0","route.horology.orientation","module.horology.functional-map","lesson.horology.quartz-chain","La cadena del cuarzo","3","1","1","3","conceptual-model / explanation","1-understand-watch-as-system","","Ordenar las seis etapas de la cadena de cuarzo.","generic","mechanism-explanation","mechanism-explanation","source.miyota.2035.product-page","[""source.miyota.2035.parts-list-exploded-view"",""source.horology.original-functional-map""]","[""source.miyota.2035.parts-list-exploded-view""]","document","[""concept.horology.functional-chain"",""concept.horology.mechanical-chain""]","[]","[]","3/3 declared visuals ready or approved","[""causal schematic or state animation""]","V","V","simulation","normal","unknown","[""lesson.title"",""lesson.purpose"",""lesson.objectives[0]"",""lesson.objectives[1]"",""lesson.objectives[2]"",""activity.horology.order-quartz-chain.title"",""activity.horology.order-quartz-chain.description"",""activity.horology.identify-time-reference.title"",""activity.horology.identify-time-reference.description""]","[""identical-english-spanish"",""overbroad-citation"",""numeric-data-without-locator"",""automatic-segmentation-break""]","needs-source-review","split","medium","50","[{""reason"":""incidencias ponderadas"",""points"":30},{""reason"":""primeras experiencias del principiante"",""points"":20}]","Campos localizados en inglés repiten literalmente el español. Una o más fuentes se citan a nivel de capítulo, documento o sin localizador. Hay datos numéricos o relaciones cuantitativas sin página, figura o tabla aplicable. La segmentación automática divide una sección larga en continuaciones que requieren revisión de unidad conceptual.","true"
"wplab.horology.functional-map","0.5.0","route.horology.orientation","module.horology.functional-map","lesson.horology.functional-equivalence","Cuarzo y mecánico: equivalencias funcionales","4","1","1","4","transfer / explanation","1-understand-watch-as-system","","Emparejar seis funciones en cuarzo y mecánico.","generic","mechanism-explanation","mechanism-explanation","source.miyota.2035.parts-list-exploded-view","[""source.horology.original-functional-map""]","[""source.horology.original-functional-map""]","document","[""concept.horology.quartz-chain"",""concept.horology.mechanical-chain""]","[]","[]","2/2 declared visuals ready or approved","[""causal schematic or state animation""]","K","V","simulation","historical-non-actionable","unknown","[""lesson.title"",""lesson.purpose"",""lesson.objectives[0]"",""lesson.objectives[1]"",""lesson.objectives[2]"",""activity.horology.match-functional-equivalents.title"",""activity.horology.match-functional-equivalents.description""]","[""identical-english-spanish"",""overbroad-citation"",""numeric-data-without-locator"",""hazardous-historical-procedure"",""automatic-segmentation-break""]","needs-safety-review","manual-review","high","75","[{""reason"":""incidencias ponderadas"",""points"":55},{""reason"":""primeras experiencias del principiante"",""points"":20}]","Campos localizados en inglés repiten literalmente el español. Una o más fuentes se citan a nivel de capítulo, documento o sin localizador. Hay datos numéricos o relaciones cuantitativas sin página, figura o tabla aplicable. La lección o sus fuentes contienen un procedimiento histórico peligroso; no debe convertirse en instrucción accionable.","true"
"wplab.horology.functional-map","0.5.0","route.horology.orientation","module.horology.functional-map","lesson.horology.failure-prediction","Predicción de fallos","5","1","1","5","transfer / explanation","1-understand-watch-as-system","","Predecir la consecuencia de dos interrupciones.","specific-observable","mechanism-explanation","mechanism-explanation","source.horology.original-functional-map","[]","[""source.horology.original-functional-map""]","missing","[""concept.horology.functional-equivalence"",""concept.horology.functional-chain""]","[]","[]","2/2 declared visuals ready or approved","[""causal schematic or state animation""]","R","V","simulation","historical-non-actionable","unknown","[""lesson.title"",""lesson.purpose"",""lesson.objectives[0]"",""lesson.objectives[1]"",""lesson.objectives[2]"",""activity.horology.predict-interruption.title"",""activity.horology.predict-interruption.description"",""activity.horology.select-affected-subsystem.title"",""activity.horology.select-affected-subsystem.description"",""activity.horology.justify-hypothesis.title"",""activity.horology.justify-hypothesis.description""]","[""identical-english-spanish"",""overbroad-citation"",""numeric-data-without-locator"",""hazardous-historical-procedure"",""automatic-segmentation-break""]","needs-safety-review","manual-review","high","75","[{""reason"":""incidencias ponderadas"",""points"":55},{""reason"":""primeras experiencias del principiante"",""points"":20}]","Campos localizados en inglés repiten literalmente el español. Una o más fuentes se citan a nivel de capítulo, documento o sin localizador. Hay datos numéricos o relaciones cuantitativas sin página, figura o tabla aplicable. La lección o sus fuentes contienen un procedimiento histórico peligroso; no debe convertirse en instrucción accionable.","true"
"wplab.horology.functional-map","0.5.0","route.horology.orientation","module.horology.functional-map","lesson.horology.isa8172-confidence","Lo que ya conoces por el ISA 8172","6","1","1","6","guided-practice / explanation","1-understand-watch-as-system","","Clasificar la autoridad de una afirmación.","specific-observable","mechanism-explanation","mechanism-explanation","source.horology.original-functional-map","[]","[""source.horology.original-functional-map""]","missing","[""concept.horology.quartz-chain"",""concept.horology.system-interruption""]","[]","[]","2/2 declared visuals ready or approved","[""causal schematic or state animation""]","K","V","simulation","normal","unknown","[""lesson.title"",""lesson.purpose"",""lesson.objectives[0]"",""lesson.objectives[1]"",""lesson.objectives[2]"",""activity.horology.isa-confidence-map.title"",""activity.horology.isa-confidence-map.description""]","[""identical-english-spanish"",""overbroad-citation"",""numeric-data-without-locator"",""automatic-segmentation-break""]","needs-source-review","split","medium","50","[{""reason"":""incidencias ponderadas"",""points"":30},{""reason"":""primeras experiencias del principiante"",""points"":20}]","Campos localizados en inglés repiten literalmente el español. Una o más fuentes se citan a nivel de capítulo, documento o sin localizador. Hay datos numéricos o relaciones cuantitativas sin página, figura o tabla aplicable. La segmentación automática divide una sección larga en continuaciones que requieren revisión de unidad conceptual.","true"
"wplab.horology.watchmaking-encyclopedia","1.1.0","route.encyclopedia.history-language","module.encyclopedia.history-language.medir-el-tiempo","lesson.encyclopedia.history-language.medir-el-tiempo","Medir el tiempo: referencia, oscilador y contador","7","2","1","1","conceptual-model / explanation","1-understand-watch-as-system","enrichment","Explicar Medir el tiempo: referencia, oscilador y contador mediante relaciones causales.","specific-observable","historical-comparison","psychomotor-skill","source.external.horology-student.books","[""source.external.hodinkee-watch101"",""source.encyclopedia.original-synthesis""]","[""source.encyclopedia.original-synthesis"",""source.external.hodinkee-watch101"",""source.external.horology-student.books""]","document","[]","[]","[]","0/0 declared visuals ready or approved","[""multi-angle physical demonstration and reviewed result""]","K","P","home-bench","historical-non-actionable","unknown","[""lesson.title"",""lesson.purpose"",""lesson.objectives[0]"",""lesson.objectives[1]"",""lesson.objectives[2]"",""activity.encyclopedia.history-language.medir-el-tiempo.title"",""activity.encyclopedia.history-language.medir-el-tiempo.description""]","[""identical-english-spanish"",""redundant-names"",""overbroad-citation"",""numeric-data-without-locator"",""hazardous-historical-procedure"",""modern-safety-source-required"",""inadequate-visual-support"",""automatic-segmentation-break"",""specialist-work-misclassified-home"",""single-lesson-module"",""physical-skill-digital-only""]","needs-safety-review","manual-review","critical","80","[{""reason"":""incidencias ponderadas"",""points"":60},{""reason"":""primeras experiencias del principiante"",""points"":20}]","Campos localizados en inglés repiten literalmente el español. Los nombres de módulo y lección son redundantes. Una o más fuentes se citan a nivel de capítulo, documento o sin localizador. Hay datos numéricos o relaciones cuantitativas sin página, figura o tabla aplicable.","true"
"wplab.horology.watchmaking-encyclopedia","1.1.0","route.encyclopedia.history-language","module.encyclopedia.history-language.del-reloj-fijo-al-portatil","lesson.encyclopedia.history-language.del-reloj-fijo-al-portatil","Del reloj fijo al reloj portátil","8","2","2","1","conceptual-model / explanation","1-understand-watch-as-system","enrichment","Explicar Del reloj fijo al reloj portátil mediante relaciones causales.","specific-observable","historical-comparison","manufacturing","source.external.jomashop-history","[""source.external.hodinkee-watch101"",""source.external.pocket-watch-database"",""source.encyclopedia.original-synthesis""]","[""source.external.hodinkee-watch101"",""source.external.jomashop-history"",""source.external.pocket-watch-database""]","document","[""concept.encyclopedia.history-language.medir-el-tiempo.referencia-temporal"",""concept.encyclopedia.history-language.medir-el-tiempo.oscilador"",""concept.encyclopedia.history-language.medir-el-tiempo.conteo-y-visualizacion""]","[]","[]","0/0 declared visuals ready or approved","[""dimensioned drawing, workholding, and operation states""]","K","R","simulation","normal","unknown","[""lesson.title"",""lesson.purpose"",""lesson.objectives[0]"",""lesson.objectives[1]"",""lesson.objectives[2]"",""activity.encyclopedia.history-language.del-reloj-fijo-al-portatil.title"",""activity.encyclopedia.history-language.del-reloj-fijo-al-portatil.description""]","[""identical-english-spanish"",""redundant-names"",""overbroad-citation"",""numeric-data-without-locator"",""inadequate-visual-support"",""automatic-segmentation-break"",""single-lesson-module""]","needs-source-review","split","high","66","[{""reason"":""incidencias ponderadas"",""points"":46},{""reason"":""primeras experiencias del principiante"",""points"":20}]","Campos localizados en inglés repiten literalmente el español. Los nombres de módulo y lección son redundantes. Una o más fuentes se citan a nivel de capítulo, documento o sin localizador. Hay datos numéricos o relaciones cuantitativas sin página, figura o tabla aplicable.","true"
"wplab.horology.watchmaking-encyclopedia","1.1.0","route.encyclopedia.history-language","module.encyclopedia.history-language.evolucion-de-los-escapes","lesson.encyclopedia.history-language.evolucion-de-los-escapes","Evolución de los escapes y de la regulación","9","2","3","1","conceptual-model / explanation","1-understand-watch-as-system","enrichment","Explicar Evolución de los escapes y de la regulación mediante relaciones causales.","specific-observable","historical-comparison","manufacturing","source.private.daniels.escapements","[""source.external.timezone-horologium"",""source.external.horology-student.books""]","[""source.external.horology-student.books"",""source.external.timezone-horologium"",""source.private.daniels.escapements [p.214-271; Escapements]""]","page-or-figure","[""concept.encyclopedia.history-language.del-reloj-fijo-al-portatil.portabilidad"",""concept.encyclopedia.history-language.del-reloj-fijo-al-portatil.reserva-de-marcha"",""concept.encyclopedia.history-language.del-reloj-fijo-al-portatil.sensibilidad-posicional""]","[]","[]","0/0 declared visuals ready or approved","[""dimensioned drawing, workholding, and operation states""]","K","R","simulation","normal","unknown","[""lesson.title"",""lesson.purpose"",""lesson.objectives[0]"",""lesson.objectives[1]"",""lesson.objectives[2]"",""activity.encyclopedia.history-language.evolucion-de-los-escapes.title"",""activity.encyclopedia.history-language.evolucion-de-los-escapes.description""]","[""identical-english-spanish"",""redundant-names"",""overbroad-citation"",""ocr-formula-unverified"",""inadequate-visual-support"",""automatic-segmentation-break"",""single-lesson-module""]","needs-source-review","manual-review","high","79","[{""reason"":""incidencias ponderadas"",""points"":59},{""reason"":""primeras experiencias del principiante"",""points"":20}]","Campos localizados en inglés repiten literalmente el español. Los nombres de módulo y lección son redundantes. Una o más fuentes se citan a nivel de capítulo, documento o sin localizador. Una fórmula vinculada a material OCR no consta como verificada visualmente.","true"
"wplab.horology.watchmaking-encyclopedia","1.1.0","route.encyclopedia.history-language","module.encyclopedia.history-language.industrializacion-y-familias","lesson.encyclopedia.history-language.industrializacion-y-familias","Industrialización, ébauches y familias de calibres","10","2","4","1","conceptual-model / explanation","1-understand-watch-as-system","enrichment","Explicar Industrialización, ébauches y familias de calibres mediante relaciones causales.","specific-observable","historical-comparison","psychomotor-skill","source.external.watchbase","[""source.external.ranfft"",""source.external.caliber-corner"",""source.external.worn-wound-caliber-spec"",""source.encyclopedia.original-synthesis""]","[""source.external.caliber-corner"",""source.external.ranfft"",""source.external.watchbase""]","document","[""concept.encyclopedia.history-language.evolucion-de-los-escapes.bloqueo"",""concept.encyclopedia.history-language.evolucion-de-los-escapes.impulso"",""concept.encyclopedia.history-language.evolucion-de-los-escapes.desenganche""]","[]","[]","0/0 declared visuals ready or approved","[""multi-angle physical demonstration and reviewed result""]","K","P","simulation","normal","unknown","[""lesson.title"",""lesson.purpose"",""lesson.objectives[0]"",""lesson.objectives[1]"",""lesson.objectives[2]"",""activity.encyclopedia.history-language.industrializacion-y-familias.title"",""activity.encyclopedia.history-language.industrializacion-y-familias.description""]","[""identical-english-spanish"",""redundant-names"",""overbroad-citation"",""numeric-data-without-locator"",""inadequate-visual-support"",""automatic-segmentation-break"",""calibre-content-general-theory-only"",""secondary-database-as-official"",""single-lesson-module""]","needs-source-review","manual-review","critical","80","[{""reason"":""incidencias ponderadas"",""points"":60},{""reason"":""primeras experiencias del principiante"",""points"":20}]","Campos localizados en inglés repiten literalmente el español. Los nombres de módulo y lección son redundantes. Una o más fuentes se citan a nivel de capítulo, documento o sin localizador. Hay datos numéricos o relaciones cuantitativas sin página, figura o tabla aplicable.","true"
"wplab.horology.watchmaking-encyclopedia","1.1.0","route.encyclopedia.history-language","module.encyclopedia.history-language.transicion-electromecanica-cuarzo","lesson.encyclopedia.history-language.transicion-electromecanica-cuarzo","De lo electromecánico al cuarzo","11","2","5","1","conceptual-model / explanation","1-understand-watch-as-system","enrichment","Explicar De lo electromecánico al cuarzo mediante relaciones causales.","specific-observable","historical-comparison","psychomotor-skill","source.external.watchguy-manuals","[""source.external.watch-movements-eu"",""source.external.hodinkee-watch101"",""source.encyclopedia.original-synthesis""]","[""source.external.hodinkee-watch101"",""source.external.watch-movements-eu"",""source.external.watchguy-manuals""]","document","[""concept.encyclopedia.history-language.industrializacion-y-familias.ebauche"",""concept.encyclopedia.history-language.industrializacion-y-familias.familia-de-calibres"",""concept.encyclopedia.history-language.industrializacion-y-familias.variante""]","[]","[]","0/0 declared visuals ready or approved","[""multi-angle physical demonstration and reviewed result""]","K","P","simulation","historical-non-actionable","unknown","[""lesson.title"",""lesson.purpose"",""lesson.objectives[0]"",""lesson.objectives[1]"",""lesson.objectives[2]"",""activity.encyclopedia.history-language.transicion-electromecanica-cuarzo.title"",""activity.encyclopedia.history-language.transicion-electromecanica-cuarzo.description""]","[""identical-english-spanish"",""redundant-names"",""overbroad-citation"",""numeric-data-without-locator"",""hazardous-historical-procedure"",""modern-safety-source-required"",""inadequate-visual-support"",""automatic-segmentation-break"",""secondary-database-as-official"",""single-lesson-module""]","needs-safety-review","manual-review","critical","80","[{""reason"":""incidencias ponderadas"",""points"":60},{""reason"":""primeras experiencias del principiante"",""points"":20}]","Campos localizados en inglés repiten literalmente el español. Los nombres de módulo y lección son redundantes. Una o más fuentes se citan a nivel de capítulo, documento o sin localizador. Hay datos numéricos o relaciones cuantitativas sin página, figura o tabla aplicable.","true"
"wplab.horology.watchmaking-encyclopedia","1.1.0","route.encyclopedia.history-language","module.encyclopedia.history-language.leer-documentacion","lesson.encyclopedia.history-language.leer-documentacion","Leer nombres, especificaciones, planos y manuales","12","2","6","1","conceptual-model / explanation","1-understand-watch-as-system","enrichment","Explicar Leer nombres, especificaciones, planos y manuales mediante relaciones causales.","specific-observable","historical-comparison","psychomotor-skill","source.official.miyota.2035","[""source.official.miyota.8215"",""source.external.watchguy-manuals"",""source.external.timezone-illustrated-glossary"",""source.encyclopedia.original-synthesis""]","[""source.external.watchguy-manuals"",""source.official.miyota.2035"",""source.official.miyota.8215""]","document","[""concept.encyclopedia.history-language.transicion-electromecanica-cuarzo.reloj-electromecanico"",""concept.encyclopedia.history-language.transicion-electromecanica-cuarzo.divisor-de-frecuencia"",""concept.encyclopedia.history-language.transicion-electromecanica-cuarzo.motor-paso-a-paso""]","[]","[]","0/0 declared visuals ready or approved","[""multi-angle physical demonstration and reviewed result""]","K","P","simulation","normal","unknown","[""lesson.title"",""lesson.purpose"",""lesson.objectives[0]"",""lesson.objectives[1]"",""lesson.objectives[2]"",""activity.encyclopedia.history-language.leer-documentacion.title"",""activity.encyclopedia.history-language.leer-documentacion.description""]","[""identical-english-spanish"",""redundant-names"",""overbroad-citation"",""numeric-data-without-locator"",""inadequate-visual-support"",""automatic-segmentation-break"",""single-lesson-module""]","needs-source-review","split","high","66","[{""reason"":""incidencias ponderadas"",""points"":46},{""reason"":""primeras experiencias del principiante"",""points"":20}]","Campos localizados en inglés repiten literalmente el español. Los nombres de módulo y lección son redundantes. Una o más fuentes se citan a nivel de capítulo, documento o sin localizador. Hay datos numéricos o relaciones cuantitativas sin página, figura o tabla aplicable.","true"
"wplab.horology.watchmaking-encyclopedia","1.1.0","route.encyclopedia.history-language","module.encyclopedia.history-language.toh-tiempo-escalas","lesson.encyclopedia.history-language.toh-tiempo-escalas","Tiempo, escalas y calendario civil","13","2","7","1","conceptual-model / explanation","1-understand-watch-as-system","enrichment","Explicar Tiempo, escalas y calendario civil mediante relaciones causales.","specific-observable","historical-comparison","psychomotor-skill","source.private.toh.ch01","[""source.official.bipm.vim"",""source.encyclopedia.original-synthesis""]","[""source.encyclopedia.original-synthesis"",""source.official.bipm.vim"",""source.private.toh.ch01 [p.1-20; 1]""]","page-or-figure","[""concept.encyclopedia.history-language.leer-documentacion.dato-nominal"",""concept.encyclopedia.history-language.leer-documentacion.revision-documental"",""concept.encyclopedia.history-language.leer-documentacion.procedencia-por-afirmacion""]","[]","[]","0/0 declared visuals ready or approved","[""multi-angle physical demonstration and reviewed result""]","K","P","simulation","historical-non-actionable","mixed","[""lesson.title"",""lesson.purpose"",""lesson.objectives[0]"",""lesson.objectives[1]"",""lesson.objectives[2]"",""activity.encyclopedia.history-language.toh-tiempo-escalas.title"",""activity.encyclopedia.history-language.toh-tiempo-escalas.description""]","[""identical-english-spanish"",""redundant-names"",""overbroad-citation"",""hazardous-historical-procedure"",""modern-safety-source-required"",""inadequate-visual-support"",""automatic-segmentation-break"",""single-lesson-module""]","needs-safety-review","manual-review","high","60","[{""reason"":""incidencias ponderadas"",""points"":60}]","Campos localizados en inglés repiten literalmente el español. Los nombres de módulo y lección son redundantes. Una o más fuentes se citan a nivel de capítulo, documento o sin localizador. La lección o sus fuentes contienen un procedimiento histórico peligroso; no debe convertirse en instrucción accionable.","true"
"wplab.horology.watchmaking-encyclopedia","1.1.0","route.encyclopedia.history-language","module.encyclopedia.history-language.toh-instrumentos-principios","lesson.encyclopedia.history-language.toh-instrumentos-principios","Instrumentos de tiempo: flujo, oscilación y conteo","14","2","8","1","conceptual-model / explanation","1-understand-watch-as-system","enrichment","Explicar Instrumentos de tiempo: flujo, oscilación y conteo mediante relaciones causales.","specific-observable","historical-comparison","psychomotor-skill","source.private.toh.ch02","[""source.external.jomashop-history"",""source.encyclopedia.original-synthesis""]","[""source.encyclopedia.original-synthesis"",""source.external.jomashop-history"",""source.private.toh.ch02 [p.21-31; 2]""]","page-or-figure","[""concept.encyclopedia.history-language.toh-tiempo-escalas.escala-temporal"",""concept.encyclopedia.history-language.toh-tiempo-escalas.tiempo-solar-aparente"",""concept.encyclopedia.history-language.toh-tiempo-escalas.calendario-civil""]","[]","[]","0/0 declared visuals ready or approved","[""multi-angle physical demonstration and reviewed result""]","K","P","simulation","normal","mixed","[""lesson.title"",""lesson.purpose"",""lesson.objectives[0]"",""lesson.objectives[1]"",""lesson.objectives[2]"",""activity.encyclopedia.history-language.toh-instrumentos-principios.title"",""activity.encyclopedia.history-language.toh-instrumentos-principios.description""]","[""identical-english-spanish"",""redundant-names"",""overbroad-citation"",""modern-safety-source-required"",""inadequate-visual-support"",""automatic-segmentation-break"",""single-lesson-module""]","needs-safety-review","manual-review","high","59","[{""reason"":""incidencias ponderadas"",""points"":59}]","Campos localizados en inglés repiten literalmente el español. Los nombres de módulo y lección son redundantes. Una o más fuentes se citan a nivel de capítulo, documento o sin localizador. El procedimiento necesita una fuente moderna de seguridad antes de cualquier uso operativo.","true"
"wplab.horology.watchmaking-encyclopedia","1.1.0","route.encyclopedia.history-language","module.encyclopedia.history-language.toh-cronometro-precision","lesson.encyclopedia.history-language.toh-cronometro-precision","Reloj, cronómetro, precisión y exactitud","15","2","9","1","transfer / explanation","1-understand-watch-as-system","enrichment","Explicar Reloj, cronómetro, precisión y exactitud mediante relaciones causales.","specific-observable","historical-comparison","psychomotor-skill","source.private.toh.ch01","[""source.official.nist.uncertainty"",""source.encyclopedia.original-synthesis""]","[""source.encyclopedia.original-synthesis"",""source.official.nist.uncertainty"",""source.private.toh.ch01 [p.1-20; 1]""]","page-or-figure","[""concept.encyclopedia.history-language.toh-instrumentos-principios.instrumento-de-flujo"",""concept.encyclopedia.history-language.toh-instrumentos-principios.reloj-oscilatorio"",""concept.encyclopedia.history-language.toh-instrumentos-principios.realizacion-de-la-referencia""]","[]","[]","0/0 declared visuals ready or approved","[""multi-angle physical demonstration and reviewed result""]","K","P","simulation","normal","mixed","[""lesson.title"",""lesson.purpose"",""lesson.objectives[0]"",""lesson.objectives[1]"",""lesson.objectives[2]"",""activity.encyclopedia.history-language.toh-cronometro-precision.title"",""activity.encyclopedia.history-language.toh-cronometro-precision.description""]","[""identical-english-spanish"",""redundant-names"",""overbroad-citation"",""modern-safety-source-required"",""inadequate-visual-support"",""automatic-segmentation-break"",""single-lesson-module""]","needs-safety-review","manual-review","high","59","[{""reason"":""incidencias ponderadas"",""points"":59}]","Campos localizados en inglés repiten literalmente el español. Los nombres de módulo y lección son redundantes. Una o más fuentes se citan a nivel de capítulo, documento o sin localizador. El procedimiento necesita una fuente moderna de seguridad antes de cualquier uso operativo.","true"
"wplab.horology.quartz-miyota2035","0.5.0","route.horology.bench-foundations","module.quartz2035.workstation","lesson.quartz2035.workstation","El puesto de trabajo","16","3","1","1","orientation / explanation","0-prepare-bench-and-control","","Ejecutar la práctica con orden y trazabilidad.","generic","bench-procedure","manufacturing","source.horology.original-quartz-practical-route","[]","[""source.horology.original-quartz-practical-route""]","missing","[]","[]","[]","1/1 declared visuals ready or approved","[""dimensioned drawing, workholding, and operation states""]","K","R","home-bench","normal","unknown","[""lesson.title"",""lesson.purpose"",""lesson.objectives[0]"",""lesson.objectives[1]"",""lesson.objectives[2]"",""activity.quartz2035.prepare-workbench.title"",""activity.quartz2035.prepare-workbench.description"",""activity.quartz2035.detect-unsafe-conditions.title"",""activity.quartz2035.detect-unsafe-conditions.description""]","[""empty-markdown-headings"",""identical-english-spanish"",""foreign-lesson-title"",""generic-reused-objective"",""repeated-paragraph-or-instruction"",""redundant-names"",""overbroad-citation"",""numeric-data-without-locator"",""template-conditioned-content"",""specialist-work-misclassified-home"",""single-lesson-module"",""physical-skill-digital-only""]","needs-source-review","manual-review","high","78","[{""reason"":""incidencias ponderadas"",""points"":60},{""reason"":""banco y herramientas"",""points"":18}]","La lección contiene encabezados sin contenido verificable. Campos localizados en inglés repiten literalmente el español. El cuerpo contiene el título de otra lección; puede ser referencia válida o contaminación de plantilla. El objetivo es genérico, no observable o se reutiliza de forma extensa.","true"
"wplab.horology.quartz-miyota2035","0.5.0","route.horology.bench-foundations","module.quartz2035.tools","lesson.quartz2035.tools","Herramientas fundamentales","17","3","2","1","pretraining / explanation","0-prepare-bench-and-control","","Ejecutar la práctica con orden y trazabilidad.","generic","bench-procedure","psychomotor-skill","source.horology.original-quartz-practical-route","[]","[""source.horology.original-quartz-practical-route""]","missing","[""concept.quartz2035.prepare-safe-workstation""]","[]","[]","1/1 declared visuals ready or approved","[""multi-angle physical demonstration and reviewed result""]","K","P","home-bench","normal","unknown","[""lesson.title"",""lesson.purpose"",""lesson.objectives[0]"",""lesson.objectives[1]"",""lesson.objectives[2]"",""activity.quartz2035.select-tools.title"",""activity.quartz2035.select-tools.description"",""activity.quartz2035.reject-wrong-tool.title"",""activity.quartz2035.reject-wrong-tool.description""]","[""empty-markdown-headings"",""identical-english-spanish"",""foreign-lesson-title"",""generic-reused-objective"",""repeated-paragraph-or-instruction"",""redundant-names"",""overbroad-citation"",""numeric-data-without-locator"",""template-conditioned-content"",""single-lesson-module"",""physical-skill-digital-only""]","needs-source-review","edit","high","78","[{""reason"":""incidencias ponderadas"",""points"":60},{""reason"":""banco y herramientas"",""points"":18}]","La lección contiene encabezados sin contenido verificable. Campos localizados en inglés repiten literalmente el español. El cuerpo contiene el título de otra lección; puede ser referencia válida o contaminación de plantilla. El objetivo es genérico, no observable o se reutiliza de forma extensa.","true"
"wplab.horology.quartz-miyota2035","0.5.0","route.horology.bench-foundations","module.quartz2035.observe","lesson.quartz2035.observe","Observar antes de desmontar","18","3","3","1","pretraining / explanation","0-prepare-bench-and-control","","Ejecutar la práctica con orden y trazabilidad.","generic","bench-procedure","bench-procedure","source.miyota.2035.product-page","[""source.miyota.2035.specification"",""source.miyota.2035.drawing"",""source.miyota.2035.instruction-manual"",""source.miyota.2035.parts-list-exploded-view"",""source.horology.original-quartz-practical-route""]","[""source.horology.original-quartz-practical-route""]","document","[""concept.quartz2035.select-basic-tools""]","[]","[]","1/1 declared visuals ready or approved","[""step sequence with tool, holding point, and stop condition""]","K","P","home-bench","normal","unknown","[""lesson.title"",""lesson.purpose"",""lesson.objectives[0]"",""lesson.objectives[1]"",""lesson.objectives[2]"",""activity.quartz2035.identify-movement-zones.title"",""activity.quartz2035.identify-movement-zones.description"",""activity.quartz2035.record-initial-condition.title"",""activity.quartz2035.record-initial-condition.description""]","[""empty-markdown-headings"",""identical-english-spanish"",""foreign-lesson-title"",""generic-reused-objective"",""repeated-paragraph-or-instruction"",""redundant-names"",""overbroad-citation"",""numeric-data-without-locator"",""template-conditioned-content"",""single-lesson-module"",""physical-skill-digital-only""]","needs-source-review","edit","high","78","[{""reason"":""incidencias ponderadas"",""points"":60},{""reason"":""banco y herramientas"",""points"":18}]","La lección contiene encabezados sin contenido verificable. Campos localizados en inglés repiten literalmente el español. El cuerpo contiene el título de otra lección; puede ser referencia válida o contaminación de plantilla. El objetivo es genérico, no observable o se reutiliza de forma extensa.","true"
"wplab.horology.watchmaking-encyclopedia","1.1.0","route.encyclopedia.workshop-tools-materials","module.encyclopedia.workshop-tools-materials.banco-y-seguridad","lesson.encyclopedia.workshop-tools-materials.banco-y-seguridad","Banco, postura, orden y seguridad","19","4","1","1","conceptual-model / explanation","0-prepare-bench-and-control","enrichment","Explicar Banco, postura, orden y seguridad mediante relaciones causales.","specific-observable","bench-procedure","psychomotor-skill","source.private.daniels.workshop-equipment","[""source.institutional.wostep.watchmaker"",""source.institutional.awci.standards""]","[""source.institutional.awci.standards"",""source.institutional.wostep.watchmaker"",""source.private.daniels.workshop-equipment [p.26-48; Workshop and Equipment]""]","page-or-figure","[]","[]","[]","0/0 declared visuals ready or approved","[""multi-angle physical demonstration and reviewed result""]","K","P","simulation","normal","unknown","[""lesson.title"",""lesson.purpose"",""lesson.objectives[0]"",""lesson.objectives[1]"",""lesson.objectives[2]"",""activity.encyclopedia.workshop-tools-materials.banco-y-seguridad.title"",""activity.encyclopedia.workshop-tools-materials.banco-y-seguridad.description""]","[""identical-english-spanish"",""redundant-names"",""overbroad-citation"",""ocr-formula-unverified"",""inadequate-visual-support"",""automatic-segmentation-break"",""single-lesson-module""]","needs-source-review","manual-review","high","77","[{""reason"":""incidencias ponderadas"",""points"":59},{""reason"":""banco y herramientas"",""points"":18}]","Campos localizados en inglés repiten literalmente el español. Los nombres de módulo y lección son redundantes. Una o más fuentes se citan a nivel de capítulo, documento o sin localizador. Una fórmula vinculada a material OCR no consta como verificada visualmente.","true"
"wplab.horology.watchmaking-encyclopedia","1.1.0","route.encyclopedia.workshop-tools-materials","module.encyclopedia.workshop-tools-materials.observacion-optica-manipulacion","lesson.encyclopedia.workshop-tools-materials.observacion-optica-manipulacion","Observación, óptica y manipulación","20","4","2","1","conceptual-model / explanation","0-prepare-bench-and-control","enrichment","Explicar Observación, óptica y manipulación mediante relaciones causales.","specific-observable","bench-procedure","psychomotor-skill","source.private.daniels.hand-tools","[""source.external.naked-watchmaker"",""source.institutional.awci.standards""]","[""source.external.naked-watchmaker"",""source.institutional.awci.standards"",""source.private.daniels.hand-tools [p.49-72; Hand Tools]""]","page-or-figure","[""concept.encyclopedia.workshop-tools-materials.banco-y-seguridad.zona-de-trabajo-controlada"",""concept.encyclopedia.workshop-tools-materials.banco-y-seguridad.control-de-piezas"",""concept.encyclopedia.workshop-tools-materials.banco-y-seguridad.parada-segura""]","[]","[]","0/0 declared visuals ready or approved","[""multi-angle physical demonstration and reviewed result""]","K","P","simulation","normal","unknown","[""lesson.title"",""lesson.purpose"",""lesson.objectives[0]"",""lesson.objectives[1]"",""lesson.objectives[2]"",""activity.encyclopedia.workshop-tools-materials.observacion-optica-manipulacion.title"",""activity.encyclopedia.workshop-tools-materials.observacion-optica-manipulacion.description""]","[""identical-english-spanish"",""redundant-names"",""overbroad-citation"",""ocr-formula-unverified"",""inadequate-visual-support"",""automatic-segmentation-break"",""single-lesson-module""]","needs-source-review","manual-review","high","77","[{""reason"":""incidencias ponderadas"",""points"":59},{""reason"":""banco y herramientas"",""points"":18}]","Campos localizados en inglés repiten literalmente el español. Los nombres de módulo y lección son redundantes. Una o más fuentes se citan a nivel de capítulo, documento o sin localizador. Una fórmula vinculada a material OCR no consta como verificada visualmente.","true"
"wplab.horology.watchmaking-encyclopedia","1.1.0","route.encyclopedia.workshop-tools-materials","module.encyclopedia.workshop-tools-materials.herramientas-y-afilado","lesson.encyclopedia.workshop-tools-materials.herramientas-y-afilado","Herramientas de mano, ajuste y afilado","21","4","3","1","conceptual-model / explanation","0-prepare-bench-and-control","enrichment","Explicar Herramientas de mano, ajuste y afilado mediante relaciones causales.","specific-observable","bench-procedure","psychomotor-skill","source.private.daniels.hand-tools","[""source.private.daniels.finishing-metals"",""source.institutional.wostep.watchmaker""]","[""source.institutional.wostep.watchmaker"",""source.private.daniels.finishing-metals [p.73-90; Finishing Steel and Brass]"",""source.private.daniels.hand-tools [p.49-72; Hand Tools]""]","page-or-figure","[""concept.encyclopedia.workshop-tools-materials.observacion-optica-manipulacion.campo-de-vision"",""concept.encyclopedia.workshop-tools-materials.observacion-optica-manipulacion.iluminacion-rasante"",""concept.encyclopedia.workshop-tools-materials.observacion-optica-manipulacion.manipulacion-atraumatica""]","[]","[]","0/0 declared visuals ready or approved","[""multi-angle physical demonstration and reviewed result""]","K","P","simulation","historical-non-actionable","unknown","[""lesson.title"",""lesson.purpose"",""lesson.objectives[0]"",""lesson.objectives[1]"",""lesson.objectives[2]"",""activity.encyclopedia.workshop-tools-materials.herramientas-y-afilado.title"",""activity.encyclopedia.workshop-tools-materials.herramientas-y-afilado.description""]","[""identical-english-spanish"",""redundant-names"",""overbroad-citation"",""ocr-formula-unverified"",""hazardous-historical-procedure"",""modern-safety-source-required"",""inadequate-visual-support"",""automatic-segmentation-break"",""single-lesson-module""]","needs-safety-review","manual-review","high","78","[{""reason"":""incidencias ponderadas"",""points"":60},{""reason"":""banco y herramientas"",""points"":18}]","Campos localizados en inglés repiten literalmente el español. Los nombres de módulo y lección son redundantes. Una o más fuentes se citan a nivel de capítulo, documento o sin localizador. Una fórmula vinculada a material OCR no consta como verificada visualmente.","true"
"wplab.horology.watchmaking-encyclopedia","1.1.0","route.encyclopedia.workshop-tools-materials","module.encyclopedia.workshop-tools-materials.materiales-relojeros","lesson.encyclopedia.workshop-tools-materials.materiales-relojeros","Materiales relojeros y propiedades funcionales","22","4","4","1","conceptual-model / explanation","0-prepare-bench-and-control","enrichment","Explicar Materiales relojeros y propiedades funcionales mediante relaciones causales.","specific-observable","bench-procedure","manufacturing","source.private.daniels.finishing-metals","[""source.private.daniels.jewelling"",""source.institutional.wostep.watchmaker""]","[""source.institutional.wostep.watchmaker"",""source.private.daniels.finishing-metals [p.73-90; Finishing Steel and Brass]"",""source.private.daniels.jewelling [p.195-213; Jewelling]""]","page-or-figure","[""concept.encyclopedia.workshop-tools-materials.herramientas-y-afilado.ajuste-de-herramienta"",""concept.encyclopedia.workshop-tools-materials.herramientas-y-afilado.angulo-de-desprendimiento"",""concept.encyclopedia.workshop-tools-materials.herramientas-y-afilado.rebaba""]","[]","[]","0/0 declared visuals ready or approved","[""dimensioned drawing, workholding, and operation states""]","K","R","simulation","normal","unknown","[""lesson.title"",""lesson.purpose"",""lesson.objectives[0]"",""lesson.objectives[1]"",""lesson.objectives[2]"",""activity.encyclopedia.workshop-tools-materials.materiales-relojeros.title"",""activity.encyclopedia.workshop-tools-materials.materiales-relojeros.description""]","[""identical-english-spanish"",""redundant-names"",""overbroad-citation"",""ocr-formula-unverified"",""inadequate-visual-support"",""automatic-segmentation-break"",""single-lesson-module""]","needs-source-review","manual-review","high","77","[{""reason"":""incidencias ponderadas"",""points"":59},{""reason"":""banco y herramientas"",""points"":18}]","Campos localizados en inglés repiten literalmente el español. Los nombres de módulo y lección son redundantes. Una o más fuentes se citan a nivel de capítulo, documento o sin localizador. Una fórmula vinculada a material OCR no consta como verificada visualmente.","true"
"wplab.horology.watchmaking-encyclopedia","1.1.0","route.encyclopedia.workshop-tools-materials","module.encyclopedia.workshop-tools-materials.tratamiento-termico-y-superficies","lesson.encyclopedia.workshop-tools-materials.tratamiento-termico-y-superficies","Tratamiento térmico y acabado de superficies","23","4","5","1","conceptual-model / explanation","0-prepare-bench-and-control","enrichment","Explicar Tratamiento térmico y acabado de superficies mediante relaciones causales.","specific-observable","bench-procedure","psychomotor-skill","source.private.daniels.finishing-metals","[""source.private.daniels.small-components"",""source.private.vba-uhrentechnik""]","[""source.private.daniels.finishing-metals [p.73-90; Finishing Steel and Brass]"",""source.private.daniels.small-components [p.168-194; Making Small Components]"",""source.private.vba-uhrentechnik""]","page-or-figure","[""concept.encyclopedia.workshop-tools-materials.materiales-relojeros.dureza"",""concept.encyclopedia.workshop-tools-materials.materiales-relojeros.tenacidad"",""concept.encyclopedia.workshop-tools-materials.materiales-relojeros.compatibilidad-tribologica""]","[]","[]","0/0 declared visuals ready or approved","[""multi-angle physical demonstration and reviewed result""]","K","P","simulation","historical-non-actionable","unknown","[""lesson.title"",""lesson.purpose"",""lesson.objectives[0]"",""lesson.objectives[1]"",""lesson.objectives[2]"",""activity.encyclopedia.workshop-tools-materials.tratamiento-termico-y-superficies.title"",""activity.encyclopedia.workshop-tools-materials.tratamiento-termico-y-superficies.description""]","[""identical-english-spanish"",""redundant-names"",""overbroad-citation"",""ocr-formula-unverified"",""hazardous-historical-procedure"",""modern-safety-source-required"",""inadequate-visual-support"",""automatic-segmentation-break"",""single-lesson-module""]","needs-safety-review","manual-review","high","78","[{""reason"":""incidencias ponderadas"",""points"":60},{""reason"":""banco y herramientas"",""points"":18}]","Campos localizados en inglés repiten literalmente el español. Los nombres de módulo y lección son redundantes. Una o más fuentes se citan a nivel de capítulo, documento o sin localizador. Una fórmula vinculada a material OCR no consta como verificada visualmente.","true"
"wplab.horology.watchmaking-encyclopedia","1.1.0","route.encyclopedia.workshop-tools-materials","module.encyclopedia.workshop-tools-materials.contaminacion-y-limpieza","lesson.encyclopedia.workshop-tools-materials.contaminacion-y-limpieza","Contaminación, limpieza y química segura","24","4","6","1","conceptual-model / explanation","0-prepare-bench-and-control","enrichment","Explicar Contaminación, limpieza y química segura mediante relaciones causales.","specific-observable","bench-procedure","psychomotor-skill","source.institutional.awci.standards","[""source.external.watchguy-repair-blog"",""source.private.daniels.workshop-equipment""]","[""source.external.watchguy-repair-blog"",""source.institutional.awci.standards"",""source.private.daniels.workshop-equipment [p.26-48; Workshop and Equipment]""]","page-or-figure","[""concept.encyclopedia.workshop-tools-materials.tratamiento-termico-y-superficies.temple"",""concept.encyclopedia.workshop-tools-materials.tratamiento-termico-y-superficies.revenido"",""concept.encyclopedia.workshop-tools-materials.tratamiento-termico-y-superficies.integridad-superficial""]","[]","[]","0/0 declared visuals ready or approved","[""multi-angle physical demonstration and reviewed result""]","K","P","simulation","normal","unknown","[""lesson.title"",""lesson.purpose"",""lesson.objectives[0]"",""lesson.objectives[1]"",""lesson.objectives[2]"",""activity.encyclopedia.workshop-tools-materials.contaminacion-y-limpieza.title"",""activity.encyclopedia.workshop-tools-materials.contaminacion-y-limpieza.description""]","[""identical-english-spanish"",""redundant-names"",""overbroad-citation"",""ocr-formula-unverified"",""inadequate-visual-support"",""automatic-segmentation-break"",""single-lesson-module""]","needs-source-review","manual-review","high","77","[{""reason"":""incidencias ponderadas"",""points"":59},{""reason"":""banco y herramientas"",""points"":18}]","Campos localizados en inglés repiten literalmente el español. Los nombres de módulo y lección son redundantes. Una o más fuentes se citan a nivel de capítulo, documento o sin localizador. Una fórmula vinculada a material OCR no consta como verificada visualmente.","true"
"wplab.horology.watchmaking-encyclopedia","1.1.0","route.encyclopedia.workshop-tools-materials","module.encyclopedia.workshop-tools-materials.bulova-destreza-basica","lesson.encyclopedia.workshop-tools-materials.bulova-destreza-basica","Pasaporte de banco I: lupa, pinzas y destornillador","25","4","7","1","conceptual-model / explanation","0-prepare-bench-and-control","enrichment","Explicar Pasaporte de banco I: lupa, pinzas y destornillador mediante relaciones causales.","specific-observable","bench-procedure","psychomotor-skill","source.private.bulova.preliminary","[""source.private.chicago.1"",""source.encyclopedia.original-synthesis""]","[""source.encyclopedia.original-synthesis"",""source.private.bulova.preliminary [p.1-8; Preliminary training: finger dexterity]"",""source.private.chicago.1 [Fundamental principles, equipment and casing]""]","page-or-figure","[""concept.encyclopedia.workshop-tools-materials.contaminacion-y-limpieza.contaminante"",""concept.encyclopedia.workshop-tools-materials.contaminacion-y-limpieza.compatibilidad-quimica"",""concept.encyclopedia.workshop-tools-materials.contaminacion-y-limpieza.arrastre-cruzado""]","[]","[]","0/0 declared visuals ready or approved","[""multi-angle physical demonstration and reviewed result""]","K","P","simulation","normal","historical-context","[""lesson.title"",""lesson.purpose"",""lesson.objectives[0]"",""lesson.objectives[1]"",""lesson.objectives[2]"",""activity.encyclopedia.workshop-tools-materials.bulova-destreza-basica.title"",""activity.encyclopedia.workshop-tools-materials.bulova-destreza-basica.description""]","[""identical-english-spanish"",""redundant-names"",""overbroad-citation"",""modern-safety-source-required"",""inadequate-visual-support"",""automatic-segmentation-break"",""single-lesson-module""]","needs-safety-review","manual-review","high","77","[{""reason"":""incidencias ponderadas"",""points"":59},{""reason"":""banco y herramientas"",""points"":18}]","Campos localizados en inglés repiten literalmente el español. Los nombres de módulo y lección son redundantes. Una o más fuentes se citan a nivel de capítulo, documento o sin localizador. El procedimiento necesita una fuente moderna de seguridad antes de cualquier uso operativo.","true"
"wplab.horology.watchmaking-encyclopedia","1.1.0","route.encyclopedia.workshop-tools-materials","module.encyclopedia.workshop-tools-materials.bulova-evaluacion-destreza","lesson.encyclopedia.workshop-tools-materials.bulova-evaluacion-destreza","Pasaporte de banco II: repetición, calidad y revisión","26","4","8","1","conceptual-model / explanation","0-prepare-bench-and-control","enrichment","Explicar Pasaporte de banco II: repetición, calidad y revisión mediante relaciones causales.","specific-observable","bench-procedure","psychomotor-skill","source.private.bulova.preliminary","[""source.institutional.awci.standards"",""source.encyclopedia.original-synthesis""]","[""source.encyclopedia.original-synthesis"",""source.institutional.awci.standards"",""source.private.bulova.preliminary [p.1-8; Preliminary training: finger dexterity]""]","page-or-figure","[""concept.encyclopedia.workshop-tools-materials.bulova-destreza-basica.agarre-controlado"",""concept.encyclopedia.workshop-tools-materials.bulova-destreza-basica.alineacion-de-herramienta"",""concept.encyclopedia.workshop-tools-materials.bulova-destreza-basica.criterio-de-parada""]","[]","[]","0/0 declared visuals ready or approved","[""multi-angle physical demonstration and reviewed result""]","K","P","simulation","normal","historical-context","[""lesson.title"",""lesson.purpose"",""lesson.objectives[0]"",""lesson.objectives[1]"",""lesson.objectives[2]"",""activity.encyclopedia.workshop-tools-materials.bulova-evaluacion-destreza.title"",""activity.encyclopedia.workshop-tools-materials.bulova-evaluacion-destreza.description""]","[""identical-english-spanish"",""redundant-names"",""overbroad-citation"",""modern-safety-source-required"",""inadequate-visual-support"",""automatic-segmentation-break"",""single-lesson-module""]","needs-safety-review","manual-review","high","77","[{""reason"":""incidencias ponderadas"",""points"":59},{""reason"":""banco y herramientas"",""points"":18}]","Campos localizados en inglés repiten literalmente el español. Los nombres de módulo y lección son redundantes. Una o más fuentes se citan a nivel de capítulo, documento o sin localizador. El procedimiento necesita una fuente moderna de seguridad antes de cualquier uso operativo.","true"
"wplab.horology.watchmaking-encyclopedia","1.1.0","route.encyclopedia.workshop-tools-materials","module.encyclopedia.workshop-tools-materials.chicago-herramientas-seleccion","lesson.encyclopedia.workshop-tools-materials.chicago-herramientas-seleccion","Expediente Chicago XII: elegir herramientas por capacidad","27","4","9","1","transfer / explanation","0-prepare-bench-and-control","enrichment","Explicar Expediente Chicago XII: elegir herramientas por capacidad mediante relaciones causales.","specific-observable","bench-procedure","psychomotor-skill","source.private.chicago.tools","[""source.private.daniels.workshop-equipment"",""source.encyclopedia.original-synthesis""]","[""source.encyclopedia.original-synthesis"",""source.private.chicago.tools [Tools and Materials of the Trade]"",""source.private.daniels.workshop-equipment [p.26-48; Workshop and Equipment]""]","page-or-figure","[""concept.encyclopedia.workshop-tools-materials.bulova-evaluacion-destreza.pasaporte-de-destreza"",""concept.encyclopedia.workshop-tools-materials.bulova-evaluacion-destreza.intento-independiente"",""concept.encyclopedia.workshop-tools-materials.bulova-evaluacion-destreza.defecto-observable""]","[]","[]","0/0 declared visuals ready or approved","[""multi-angle physical demonstration and reviewed result""]","K","P","simulation","historical-non-actionable","historical-non-actionable","[""lesson.title"",""lesson.purpose"",""lesson.objectives[0]"",""lesson.objectives[1]"",""lesson.objectives[2]"",""activity.encyclopedia.workshop-tools-materials.chicago-herramientas-seleccion.title"",""activity.encyclopedia.workshop-tools-materials.chicago-herramientas-seleccion.description""]","[""identical-english-spanish"",""redundant-names"",""overbroad-citation"",""ocr-formula-unverified"",""hazardous-historical-procedure"",""modern-safety-source-required"",""inadequate-visual-support"",""automatic-segmentation-break"",""single-lesson-module""]","needs-safety-review","manual-review","high","78","[{""reason"":""incidencias ponderadas"",""points"":60},{""reason"":""banco y herramientas"",""points"":18}]","Campos localizados en inglés repiten literalmente el español. Los nombres de módulo y lección son redundantes. Una o más fuentes se citan a nivel de capítulo, documento o sin localizador. Una fórmula vinculada a material OCR no consta como verificada visualmente.","true"
"wplab.horology.mechanical-foundations","0.5.0","route.mechanical.foundations","module.mechanical.energy","lesson.mechanical.energy","De energía almacenada a movimiento","28","5","1","1","orientation / explanation+explanation","2-understand-mechanical-systems","","Predecir y manipular una relación mecánica.","generic","mechanism-explanation","mechanism-explanation","source.horology.private-book.mainsprings","[""source.horology.original-mechanical-foundations"",""source.external.ciechanowski-mechanical-watch"",""source.external.timezone-illustrated-glossary""]","[""source.external.ciechanowski-mechanical-watch"",""source.external.timezone-illustrated-glossary"",""source.horology.original-mechanical-foundations""]","chapter-or-section","[]","[]","[]","1/1 declared visuals ready or approved","[""causal schematic or state animation""]","K","V","simulation","historical-non-actionable","unknown","[""lesson.title"",""lesson.purpose"",""lesson.objectives[0]"",""lesson.objectives[1]"",""lesson.objectives[2]"",""activity.mechanical.classify-energy-functions.title"",""activity.mechanical.classify-energy-functions.description"",""activity.mechanical.interrupt-energy-chain.title"",""activity.mechanical.interrupt-energy-chain.description""]","[""empty-markdown-headings"",""identical-english-spanish"",""foreign-lesson-title"",""generic-reused-objective"",""repeated-paragraph-or-instruction"",""redundant-names"",""overbroad-citation"",""numeric-data-without-locator"",""hazardous-historical-procedure"",""template-conditioned-content"",""automatic-segmentation-break"",""single-lesson-module""]","needs-safety-review","manual-review","high","76","[{""reason"":""incidencias ponderadas"",""points"":60},{""reason"":""fundamentos mecánicos"",""points"":16}]","La lección contiene encabezados sin contenido verificable. Campos localizados en inglés repiten literalmente el español. El cuerpo contiene el título de otra lección; puede ser referencia válida o contaminación de plantilla. El objetivo es genérico, no observable o se reutiliza de forma extensa.","true"
"wplab.horology.mechanical-foundations","0.5.0","route.mechanical.foundations","module.mechanical.barrel","lesson.mechanical.barrel","Muelle real y barrilete","29","5","2","1","conceptual-model / explanation","2-understand-mechanical-systems","","Predecir y manipular una relación mecánica.","generic","mechanism-explanation","mechanism-explanation","source.horology.private-book.mainsprings","[""source.horology.original-mechanical-foundations""]","[""source.horology.original-mechanical-foundations""]","chapter-or-section","[""concept.mechanical.explain-energy-chain""]","[]","[]","1/1 declared visuals ready or approved","[""causal schematic or state animation""]","K","V","home-bench","historical-non-actionable","unknown","[""lesson.title"",""lesson.purpose"",""lesson.objectives[0]"",""lesson.objectives[1]"",""lesson.objectives[2]"",""activity.mechanical.load-unload-barrel.title"",""activity.mechanical.load-unload-barrel.description"",""activity.mechanical.identify-barrel-parts.title"",""activity.mechanical.identify-barrel-parts.description""]","[""empty-markdown-headings"",""identical-english-spanish"",""foreign-lesson-title"",""generic-reused-objective"",""repeated-paragraph-or-instruction"",""redundant-names"",""overbroad-citation"",""numeric-data-without-locator"",""hazardous-historical-procedure"",""template-conditioned-content"",""specialist-work-misclassified-home"",""single-lesson-module"",""physical-skill-digital-only""]","needs-safety-review","manual-review","high","76","[{""reason"":""incidencias ponderadas"",""points"":60},{""reason"":""fundamentos mecánicos"",""points"":16}]","La lección contiene encabezados sin contenido verificable. Campos localizados en inglés repiten literalmente el español. El cuerpo contiene el título de otra lección; puede ser referencia válida o contaminación de plantilla. El objetivo es genérico, no observable o se reutiliza de forma extensa.","true"
"wplab.horology.mechanical-foundations","0.5.0","route.mechanical.foundations","module.mechanical.gear-pair","lesson.mechanical.gear-pair","Ruedas, piñones y engrane","30","5","3","1","conceptual-model / explanation","2-understand-mechanical-systems","","Predecir y manipular una relación mecánica.","generic","mechanism-explanation","manufacturing","source.horology.private-book.wheels-pinions","[""source.horology.original-mechanical-foundations""]","[""source.horology.original-mechanical-foundations""]","chapter-or-section","[""concept.mechanical.explain-barrel""]","[]","[]","1/1 declared visuals ready or approved","[""dimensioned drawing, workholding, and operation states""]","K","R","simulation","normal","unknown","[""lesson.title"",""lesson.purpose"",""lesson.objectives[0]"",""lesson.objectives[1]"",""lesson.objectives[2]"",""activity.mechanical.predict-pair-direction.title"",""activity.mechanical.predict-pair-direction.description"",""activity.mechanical.calculate-pair-ratio.title"",""activity.mechanical.calculate-pair-ratio.description"",""activity.mechanical.detect-impossible-mesh.title"",""activity.mechanical.detect-impossible-mesh.description""]","[""empty-markdown-headings"",""identical-english-spanish"",""foreign-lesson-title"",""generic-reused-objective"",""repeated-paragraph-or-instruction"",""redundant-names"",""overbroad-citation"",""numeric-data-without-locator"",""template-conditioned-content"",""single-lesson-module""]","needs-source-review","edit","high","76","[{""reason"":""incidencias ponderadas"",""points"":60},{""reason"":""fundamentos mecánicos"",""points"":16}]","La lección contiene encabezados sin contenido verificable. Campos localizados en inglés repiten literalmente el español. El cuerpo contiene el título de otra lección; puede ser referencia válida o contaminación de plantilla. El objetivo es genérico, no observable o se reutiliza de forma extensa.","true"
"wplab.horology.mechanical-foundations","0.5.0","route.mechanical.foundations","module.mechanical.train","lesson.mechanical.train","Construir un tren de rodaje","31","5","4","1","conceptual-model / explanation+explanation","2-understand-mechanical-systems","","Predecir y manipular una relación mecánica.","generic","mechanism-explanation","mechanism-explanation","source.horology.private-book.wheels-pinions","[""source.horology.private-book.movement-design"",""source.horology.original-mechanical-foundations"",""source.external.ciechanowski-mechanical-watch"",""source.external.timezone-illustrated-glossary"",""source.external.bobinchak-school""]","[""source.external.bobinchak-school"",""source.external.ciechanowski-mechanical-watch"",""source.external.timezone-illustrated-glossary"",""source.horology.original-mechanical-foundations""]","chapter-or-section","[""concept.mechanical.calculate-simple-ratios""]","[]","[]","1/1 declared visuals ready or approved","[""causal schematic or state animation""]","K","V","home-bench","normal","unknown","[""lesson.title"",""lesson.purpose"",""lesson.objectives[0]"",""lesson.objectives[1]"",""lesson.objectives[2]"",""activity.mechanical.build-train.title"",""activity.mechanical.build-train.description"",""activity.mechanical.calculate-total-ratio.title"",""activity.mechanical.calculate-total-ratio.description"",""activity.mechanical.interrupt-train.title"",""activity.mechanical.interrupt-train.description""]","[""empty-markdown-headings"",""identical-english-spanish"",""foreign-lesson-title"",""generic-reused-objective"",""repeated-paragraph-or-instruction"",""redundant-names"",""overbroad-citation"",""numeric-data-without-locator"",""template-conditioned-content"",""single-lesson-module"",""physical-skill-digital-only""]","needs-source-review","edit","high","76","[{""reason"":""incidencias ponderadas"",""points"":60},{""reason"":""fundamentos mecánicos"",""points"":16}]","La lección contiene encabezados sin contenido verificable. Campos localizados en inglés repiten literalmente el español. El cuerpo contiene el título de otra lección; puede ser referencia válida o contaminación de plantilla. El objetivo es genérico, no observable o se reutiliza de forma extensa.","true"
"wplab.horology.mechanical-foundations","0.5.0","route.mechanical.foundations","module.mechanical.supports","lesson.mechanical.supports","Pivotes, rubíes, puentes y libertad","32","5","5","1","conceptual-model / explanation","2-understand-mechanical-systems","","Predecir y manipular una relación mecánica.","generic","mechanism-explanation","mechanism-explanation","source.horology.private-book.jewelling","[""source.horology.private-book.movement-design"",""source.horology.original-mechanical-foundations""]","[""source.horology.original-mechanical-foundations""]","chapter-or-section","[""concept.mechanical.build-functional-train""]","[]","[]","1/1 declared visuals ready or approved","[""causal schematic or state animation""]","K","V","home-bench","normal","unknown","[""lesson.title"",""lesson.purpose"",""lesson.objectives[0]"",""lesson.objectives[1]"",""lesson.objectives[2]"",""activity.mechanical.identify-pivots-supports.title"",""activity.mechanical.identify-pivots-supports.description"",""activity.mechanical.detect-mis-seated-wheel.title"",""activity.mechanical.detect-mis-seated-wheel.description""]","[""empty-markdown-headings"",""identical-english-spanish"",""foreign-lesson-title"",""generic-reused-objective"",""repeated-paragraph-or-instruction"",""redundant-names"",""overbroad-citation"",""numeric-data-without-locator"",""template-conditioned-content"",""single-lesson-module"",""physical-skill-digital-only""]","needs-source-review","edit","high","76","[{""reason"":""incidencias ponderadas"",""points"":60},{""reason"":""fundamentos mecánicos"",""points"":16}]","La lección contiene encabezados sin contenido verificable. Campos localizados en inglés repiten literalmente el español. El cuerpo contiene el título de otra lección; puede ser referencia válida o contaminación de plantilla. El objetivo es genérico, no observable o se reutiliza de forma extensa.","true"
"wplab.horology.mechanical-foundations","0.5.0","route.mechanical.foundations","module.mechanical.escapement","lesson.mechanical.escapement","El escape de áncora suizo","33","5","6","1","conceptual-model / explanation+explanation","2-understand-mechanical-systems","","Predecir y manipular una relación mecánica.","generic","mechanism-explanation","manufacturing","source.horology.private-book.escapements","[""source.horology.original-mechanical-foundations"",""source.external.ciechanowski-mechanical-watch"",""source.external.timezone-illustrated-glossary"",""source.external.hodinkee-watch101""]","[""source.external.ciechanowski-mechanical-watch"",""source.external.hodinkee-watch101"",""source.external.timezone-illustrated-glossary"",""source.horology.original-mechanical-foundations""]","chapter-or-section","[""concept.mechanical.recognize-supports-clearances""]","[]","[]","1/1 declared visuals ready or approved","[""dimensioned drawing, workholding, and operation states""]","K","R","home-bench","historical-non-actionable","unknown","[""lesson.title"",""lesson.purpose"",""lesson.objectives[0]"",""lesson.objectives[1]"",""lesson.objectives[2]"",""activity.mechanical.order-escapement-phases.title"",""activity.mechanical.order-escapement-phases.description"",""activity.mechanical.identify-lock-impulse-drop.title"",""activity.mechanical.identify-lock-impulse-drop.description""]","[""empty-markdown-headings"",""identical-english-spanish"",""generic-reused-objective"",""repeated-paragraph-or-instruction"",""redundant-names"",""overbroad-citation"",""numeric-data-without-locator"",""hazardous-historical-procedure"",""modern-safety-source-required"",""template-conditioned-content"",""specialist-work-misclassified-home"",""single-lesson-module"",""physical-skill-digital-only""]","needs-safety-review","manual-review","high","76","[{""reason"":""incidencias ponderadas"",""points"":60},{""reason"":""fundamentos mecánicos"",""points"":16}]","La lección contiene encabezados sin contenido verificable. Campos localizados en inglés repiten literalmente el español. El objetivo es genérico, no observable o se reutiliza de forma extensa. La lección comparte párrafos o instrucciones extensos con otras lecciones.","true"
"wplab.horology.mechanical-foundations","0.5.0","route.mechanical.foundations","module.mechanical.oscillator","lesson.mechanical.oscillator","Volante y espiral","34","5","7","1","conceptual-model / explanation+explanation","2-understand-mechanical-systems","","Predecir y manipular una relación mecánica.","generic","mechanism-explanation","manufacturing","source.horology.private-book.balance-spring","[""source.horology.original-mechanical-foundations"",""source.external.ciechanowski-mechanical-watch"",""source.external.timezone-illustrated-glossary"",""source.external.hodinkee-watch101""]","[""source.external.ciechanowski-mechanical-watch"",""source.external.hodinkee-watch101"",""source.external.timezone-illustrated-glossary"",""source.horology.original-mechanical-foundations""]","chapter-or-section","[""concept.mechanical.order-escapement-phases""]","[]","[]","1/1 declared visuals ready or approved","[""dimensioned drawing, workholding, and operation states""]","K","R","simulation","normal","unknown","[""lesson.title"",""lesson.purpose"",""lesson.objectives[0]"",""lesson.objectives[1]"",""lesson.objectives[2]"",""activity.mechanical.distinguish-frequency-amplitude.title"",""activity.mechanical.distinguish-frequency-amplitude.description"",""activity.mechanical.configure-oscillator.title"",""activity.mechanical.configure-oscillator.description""]","[""empty-markdown-headings"",""identical-english-spanish"",""foreign-lesson-title"",""generic-reused-objective"",""repeated-paragraph-or-instruction"",""redundant-names"",""overbroad-citation"",""numeric-data-without-locator"",""template-conditioned-content"",""single-lesson-module""]","needs-source-review","edit","high","76","[{""reason"":""incidencias ponderadas"",""points"":60},{""reason"":""fundamentos mecánicos"",""points"":16}]","La lección contiene encabezados sin contenido verificable. Campos localizados en inglés repiten literalmente el español. El cuerpo contiene el título de otra lección; puede ser referencia válida o contaminación de plantilla. El objetivo es genérico, no observable o se reutiliza de forma extensa.","true"
"wplab.horology.mechanical-foundations","0.5.0","route.mechanical.foundations","module.mechanical.escape-oscillator","lesson.mechanical.escape-oscillator","Escape y oscilador como sistema","35","5","8","1","conceptual-model / explanation","2-understand-mechanical-systems","","Predecir y manipular una relación mecánica.","generic","system-overview","manufacturing","source.horology.private-book.escapements","[""source.horology.private-book.balance-spring"",""source.horology.original-mechanical-foundations""]","[""source.horology.original-mechanical-foundations""]","chapter-or-section","[""concept.mechanical.distinguish-frequency-amplitude""]","[]","[]","1/1 declared visuals ready or approved","[""dimensioned drawing, workholding, and operation states""]","R","R","home-bench","normal","unknown","[""lesson.title"",""lesson.purpose"",""lesson.objectives[0]"",""lesson.objectives[1]"",""lesson.objectives[2]"",""activity.mechanical.relate-escape-oscillator.title"",""activity.mechanical.relate-escape-oscillator.description"",""activity.mechanical.predict-escapement-interruption.title"",""activity.mechanical.predict-escapement-interruption.description""]","[""empty-markdown-headings"",""identical-english-spanish"",""foreign-lesson-title"",""generic-reused-objective"",""repeated-paragraph-or-instruction"",""redundant-names"",""overbroad-citation"",""numeric-data-without-locator"",""template-conditioned-content"",""specialist-work-misclassified-home"",""single-lesson-module"",""physical-skill-digital-only""]","needs-source-review","manual-review","high","76","[{""reason"":""incidencias ponderadas"",""points"":60},{""reason"":""fundamentos mecánicos"",""points"":16}]","La lección contiene encabezados sin contenido verificable. Campos localizados en inglés repiten literalmente el español. El cuerpo contiene el título de otra lección; puede ser referencia válida o contaminación de plantilla. El objetivo es genérico, no observable o se reutiliza de forma extensa.","true"
"wplab.horology.mechanical-foundations","0.5.0","route.mechanical.foundations","module.mechanical.motion-works","lesson.mechanical.motion-works","Minutería e indicación","36","5","9","1","conceptual-model / explanation","2-understand-mechanical-systems","","Predecir y manipular una relación mecánica.","generic","mechanism-explanation","manufacturing","source.horology.private-book.wheels-pinions","[""source.horology.original-mechanical-foundations""]","[""source.horology.original-mechanical-foundations""]","chapter-or-section","[""concept.mechanical.explain-escape-oscillator-system""]","[]","[]","1/1 declared visuals ready or approved","[""dimensioned drawing, workholding, and operation states""]","K","R","home-bench","normal","unknown","[""lesson.title"",""lesson.purpose"",""lesson.objectives[0]"",""lesson.objectives[1]"",""lesson.objectives[2]"",""activity.mechanical.build-motion-works.title"",""activity.mechanical.build-motion-works.description"",""activity.mechanical.set-indication.title"",""activity.mechanical.set-indication.description""]","[""empty-markdown-headings"",""identical-english-spanish"",""foreign-lesson-title"",""generic-reused-objective"",""repeated-paragraph-or-instruction"",""redundant-names"",""overbroad-citation"",""numeric-data-without-locator"",""template-conditioned-content"",""specialist-work-misclassified-home"",""single-lesson-module"",""physical-skill-digital-only""]","needs-source-review","manual-review","high","76","[{""reason"":""incidencias ponderadas"",""points"":60},{""reason"":""fundamentos mecánicos"",""points"":16}]","La lección contiene encabezados sin contenido verificable. Campos localizados en inglés repiten literalmente el español. El cuerpo contiene el título de otra lección; puede ser referencia válida o contaminación de plantilla. El objetivo es genérico, no observable o se reutiliza de forma extensa.","true"
"wplab.horology.mechanical-foundations","0.5.0","route.mechanical.foundations","module.mechanical.keyless","lesson.mechanical.keyless","Cuerda y puesta en hora","37","5","10","1","conceptual-model / explanation+explanation","2-understand-mechanical-systems","","Predecir y manipular una relación mecánica.","generic","mechanism-explanation","mechanism-explanation","source.horology.private-book.movement-design","[""source.horology.original-mechanical-foundations"",""source.external.ciechanowski-mechanical-watch"",""source.external.timezone-illustrated-glossary"",""source.external.hodinkee-watch101"",""source.horology.private-book.wheels-pinions""]","[""source.external.ciechanowski-mechanical-watch"",""source.external.hodinkee-watch101"",""source.external.timezone-illustrated-glossary"",""source.horology.original-mechanical-foundations""]","chapter-or-section","[""concept.mechanical.explain-motion-works""]","[]","[]","1/1 declared visuals ready or approved","[""causal schematic or state animation""]","K","V","home-bench","normal","unknown","[""lesson.title"",""lesson.purpose"",""lesson.objectives[0]"",""lesson.objectives[1]"",""lesson.objectives[2]"",""activity.mechanical.reconstruct-crown-states.title"",""activity.mechanical.reconstruct-crown-states.description"",""activity.mechanical.operate-winding-setting.title"",""activity.mechanical.operate-winding-setting.description""]","[""empty-markdown-headings"",""identical-english-spanish"",""foreign-lesson-title"",""generic-reused-objective"",""repeated-paragraph-or-instruction"",""redundant-names"",""overbroad-citation"",""numeric-data-without-locator"",""template-conditioned-content"",""single-lesson-module"",""physical-skill-digital-only""]","needs-source-review","edit","high","76","[{""reason"":""incidencias ponderadas"",""points"":60},{""reason"":""fundamentos mecánicos"",""points"":16}]","La lección contiene encabezados sin contenido verificable. Campos localizados en inglés repiten literalmente el español. El cuerpo contiene el título de otra lección; puede ser referencia válida o contaminación de plantilla. El objetivo es genérico, no observable o se reutiliza de forma extensa.","true"
"wplab.horology.mechanical-foundations","0.5.0","route.mechanical.foundations","module.mechanical.automatic-calendar","lesson.mechanical.automatic-calendar","Carga automática y calendario básico","38","5","11","1","conceptual-model / explanation+explanation","2-understand-mechanical-systems","","Predecir y manipular una relación mecánica.","generic","mechanism-explanation","manufacturing","source.horology.private-book.mainsprings","[""source.horology.private-book.movement-design"",""source.horology.original-mechanical-foundations"",""source.external.ciechanowski-mechanical-watch"",""source.external.animagraffs-mechanical-watch"",""source.external.hodinkee-watch101""]","[""source.external.animagraffs-mechanical-watch"",""source.external.ciechanowski-mechanical-watch"",""source.external.hodinkee-watch101"",""source.horology.original-mechanical-foundations""]","chapter-or-section","[""concept.mechanical.explain-keyless""]","[]","[]","1/1 declared visuals ready or approved","[""dimensioned drawing, workholding, and operation states""]","K","R","home-bench","normal","unknown","[""lesson.title"",""lesson.purpose"",""lesson.objectives[0]"",""lesson.objectives[1]"",""lesson.objectives[2]"",""activity.mechanical.follow-automatic-energy.title"",""activity.mechanical.follow-automatic-energy.description"",""activity.mechanical.explain-date-change.title"",""activity.mechanical.explain-date-change.description""]","[""empty-markdown-headings"",""identical-english-spanish"",""foreign-lesson-title"",""generic-reused-objective"",""repeated-paragraph-or-instruction"",""redundant-names"",""overbroad-citation"",""numeric-data-without-locator"",""template-conditioned-content"",""specialist-work-misclassified-home"",""single-lesson-module"",""physical-skill-digital-only""]","needs-source-review","manual-review","high","76","[{""reason"":""incidencias ponderadas"",""points"":60},{""reason"":""fundamentos mecánicos"",""points"":16}]","La lección contiene encabezados sin contenido verificable. Campos localizados en inglés repiten literalmente el español. El cuerpo contiene el título de otra lección; puede ser referencia válida o contaminación de plantilla. El objetivo es genérico, no observable o se reutiliza de forma extensa.","true"
"wplab.horology.mechanical-foundations","0.5.0","route.mechanical.foundations","module.mechanical.final-project","lesson.mechanical.final-project","Integración y proyecto final","39","5","12","1","transfer / explanation","2-understand-mechanical-systems","","Predecir y manipular una relación mecánica.","generic","design","design","source.horology.private-book.movement-design","[""source.horology.original-mechanical-foundations""]","[""source.horology.original-mechanical-foundations""]","chapter-or-section","[""concept.mechanical.explain-automatic-winding""]","[]","[]","1/1 declared visuals ready or approved","[""layout drawing, dependency graph, and validation criteria""]","R","R","simulation","normal","unknown","[""lesson.title"",""lesson.purpose"",""lesson.objectives[0]"",""lesson.objectives[1]"",""lesson.objectives[2]"",""activity.mechanical.introduce-fault.title"",""activity.mechanical.introduce-fault.description"",""activity.mechanical.formulate-hypothesis.title"",""activity.mechanical.formulate-hypothesis.description"",""activity.mechanical.build-final-project.title"",""activity.mechanical.build-final-project.description"",""activity.mechanical.compare-with-8215.title""]","[""empty-markdown-headings"",""identical-english-spanish"",""foreign-lesson-title"",""generic-reused-objective"",""repeated-paragraph-or-instruction"",""redundant-names"",""overbroad-citation"",""numeric-data-without-locator"",""template-conditioned-content"",""single-lesson-module""]","needs-source-review","edit","high","76","[{""reason"":""incidencias ponderadas"",""points"":60},{""reason"":""fundamentos mecánicos"",""points"":16}]","La lección contiene encabezados sin contenido verificable. Campos localizados en inglés repiten literalmente el español. El cuerpo contiene el título de otra lección; puede ser referencia válida o contaminación de plantilla. El objetivo es genérico, no observable o se reutiliza de forma extensa.","true"
"wplab.horology.watchmaking-encyclopedia","1.1.0","route.encyclopedia.math-physics-metrology","module.encyclopedia.math-physics-metrology.unidades-y-modelos","lesson.encyclopedia.math-physics-metrology.unidades-y-modelos","Unidades, escalas y análisis dimensional","40","6","1","1","conceptual-model / explanation","3-observe-measure-diagnose","","Explicar Unidades, escalas y análisis dimensional mediante relaciones causales.","specific-observable","measurement","psychomotor-skill","source.official.bipm.vim","[""source.private.vba-uhrentechnik"",""source.encyclopedia.original-synthesis""]","[""source.encyclopedia.original-synthesis"",""source.official.bipm.vim"",""source.private.vba-uhrentechnik""]","document","[]","[]","[]","0/0 declared visuals ready or approved","[""multi-angle physical demonstration and reviewed result""]","K","P","simulation","normal","unknown","[""lesson.title"",""lesson.purpose"",""lesson.objectives[0]"",""lesson.objectives[1]"",""lesson.objectives[2]"",""activity.encyclopedia.math-physics-metrology.unidades-y-modelos.title"",""activity.encyclopedia.math-physics-metrology.unidades-y-modelos.description""]","[""identical-english-spanish"",""redundant-names"",""overbroad-citation"",""numeric-data-without-locator"",""ocr-formula-unverified"",""inadequate-visual-support"",""automatic-segmentation-break"",""single-lesson-module""]","needs-source-review","manual-review","high","60","[{""reason"":""incidencias ponderadas"",""points"":60}]","Campos localizados en inglés repiten literalmente el español. Los nombres de módulo y lección son redundantes. Una o más fuentes se citan a nivel de capítulo, documento o sin localizador. Hay datos numéricos o relaciones cuantitativas sin página, figura o tabla aplicable.","true"
"wplab.horology.watchmaking-encyclopedia","1.1.0","route.encyclopedia.math-physics-metrology","module.encyclopedia.math-physics-metrology.fuerza-par-energia","lesson.encyclopedia.math-physics-metrology.fuerza-par-energia","Fuerza, par, trabajo, energía y potencia","41","6","2","1","conceptual-model / explanation","3-observe-measure-diagnose","","Explicar Fuerza, par, trabajo, energía y potencia mediante relaciones causales.","specific-observable","measurement","psychomotor-skill","source.private.daniels.mainsprings","[""source.private.daniels.movement-design"",""source.private.vba-uhrentechnik""]","[""source.private.daniels.mainsprings [p.272-297; Mainsprings and Accessories]"",""source.private.daniels.movement-design [p.298-335; Movement Design]"",""source.private.vba-uhrentechnik""]","page-or-figure","[""concept.encyclopedia.math-physics-metrology.unidades-y-modelos.magnitud"",""concept.encyclopedia.math-physics-metrology.unidades-y-modelos.orden-de-magnitud"",""concept.encyclopedia.math-physics-metrology.unidades-y-modelos.homogeneidad-dimensional""]","[]","[]","0/0 declared visuals ready or approved","[""multi-angle physical demonstration and reviewed result""]","K","P","simulation","historical-non-actionable","unknown","[""lesson.title"",""lesson.purpose"",""lesson.objectives[0]"",""lesson.objectives[1]"",""lesson.objectives[2]"",""activity.encyclopedia.math-physics-metrology.fuerza-par-energia.title"",""activity.encyclopedia.math-physics-metrology.fuerza-par-energia.description""]","[""identical-english-spanish"",""redundant-names"",""overbroad-citation"",""ocr-formula-unverified"",""hazardous-historical-procedure"",""modern-safety-source-required"",""inadequate-visual-support"",""automatic-segmentation-break"",""single-lesson-module""]","needs-safety-review","manual-review","high","60","[{""reason"":""incidencias ponderadas"",""points"":60}]","Campos localizados en inglés repiten literalmente el español. Los nombres de módulo y lección son redundantes. Una o más fuentes se citan a nivel de capítulo, documento o sin localizador. Una fórmula vinculada a material OCR no consta como verificada visualmente.","true"
"wplab.horology.watchmaking-encyclopedia","1.1.0","route.encyclopedia.math-physics-metrology","module.encyclopedia.math-physics-metrology.rotacion-friccion-contacto","lesson.encyclopedia.math-physics-metrology.rotacion-friccion-contacto","Rotación, inercia, fricción y contacto","42","6","3","1","conceptual-model / explanation","3-observe-measure-diagnose","","Explicar Rotación, inercia, fricción y contacto mediante relaciones causales.","specific-observable","measurement","psychomotor-skill","source.private.daniels.jewelling","[""source.private.daniels.wheels-pinions"",""source.private.vba-uhrentechnik""]","[""source.private.daniels.jewelling [p.195-213; Jewelling]"",""source.private.daniels.wheels-pinions [p.123-167; Wheels and Pinions]"",""source.private.vba-uhrentechnik""]","page-or-figure","[""concept.encyclopedia.math-physics-metrology.fuerza-par-energia.par"",""concept.encyclopedia.math-physics-metrology.fuerza-par-energia.trabajo-mecanico"",""concept.encyclopedia.math-physics-metrology.fuerza-par-energia.potencia""]","[]","[]","0/0 declared visuals ready or approved","[""multi-angle physical demonstration and reviewed result""]","K","P","simulation","normal","unknown","[""lesson.title"",""lesson.purpose"",""lesson.objectives[0]"",""lesson.objectives[1]"",""lesson.objectives[2]"",""activity.encyclopedia.math-physics-metrology.rotacion-friccion-contacto.title"",""activity.encyclopedia.math-physics-metrology.rotacion-friccion-contacto.description""]","[""identical-english-spanish"",""redundant-names"",""overbroad-citation"",""ocr-formula-unverified"",""inadequate-visual-support"",""automatic-segmentation-break"",""single-lesson-module""]","needs-source-review","manual-review","high","59","[{""reason"":""incidencias ponderadas"",""points"":59}]","Campos localizados en inglés repiten literalmente el español. Los nombres de módulo y lección son redundantes. Una o más fuentes se citan a nivel de capítulo, documento o sin localizador. Una fórmula vinculada a material OCR no consta como verificada visualmente.","true"
"wplab.horology.watchmaking-encyclopedia","1.1.0","route.encyclopedia.math-physics-metrology","module.encyclopedia.math-physics-metrology.oscilacion-amortiguamiento","lesson.encyclopedia.math-physics-metrology.oscilacion-amortiguamiento","Oscilación, frecuencia, resonancia y amortiguamiento","43","6","4","1","conceptual-model / explanation","3-observe-measure-diagnose","","Explicar Oscilación, frecuencia, resonancia y amortiguamiento mediante relaciones causales.","specific-observable","measurement","manufacturing","source.private.daniels.balance-spring","[""source.external.ciechanowski-mechanical-watch"",""source.private.vba-uhrentechnik""]","[""source.external.ciechanowski-mechanical-watch"",""source.private.daniels.balance-spring [p.336-370; The Balance and Spring]"",""source.private.vba-uhrentechnik""]","page-or-figure","[""concept.encyclopedia.math-physics-metrology.rotacion-friccion-contacto.momento-de-inercia"",""concept.encyclopedia.math-physics-metrology.rotacion-friccion-contacto.friccion-estatica"",""concept.encyclopedia.math-physics-metrology.rotacion-friccion-contacto.contacto-hertziano""]","[]","[]","0/0 declared visuals ready or approved","[""dimensioned drawing, workholding, and operation states""]","K","R","simulation","normal","unknown","[""lesson.title"",""lesson.purpose"",""lesson.objectives[0]"",""lesson.objectives[1]"",""lesson.objectives[2]"",""activity.encyclopedia.math-physics-metrology.oscilacion-amortiguamiento.title"",""activity.encyclopedia.math-physics-metrology.oscilacion-amortiguamiento.description""]","[""identical-english-spanish"",""redundant-names"",""overbroad-citation"",""ocr-formula-unverified"",""inadequate-visual-support"",""automatic-segmentation-break"",""single-lesson-module""]","needs-source-review","manual-review","high","59","[{""reason"":""incidencias ponderadas"",""points"":59}]","Campos localizados en inglés repiten literalmente el español. Los nombres de módulo y lección son redundantes. Una o más fuentes se citan a nivel de capítulo, documento o sin localizador. Una fórmula vinculada a material OCR no consta como verificada visualmente.","true"
"wplab.horology.watchmaking-encyclopedia","1.1.0","route.encyclopedia.math-physics-metrology","module.encyclopedia.math-physics-metrology.medicion-incertidumbre-trazabilidad","lesson.encyclopedia.math-physics-metrology.medicion-incertidumbre-trazabilidad","Medición, incertidumbre y trazabilidad","44","6","5","1","conceptual-model / explanation","3-observe-measure-diagnose","","Explicar Medición, incertidumbre y trazabilidad mediante relaciones causales.","specific-observable","measurement","psychomotor-skill","source.official.bipm.vim","[""source.official.nist.uncertainty"",""source.private.vba-uhrentechnik""]","[""source.official.bipm.vim"",""source.official.nist.uncertainty"",""source.private.vba-uhrentechnik""]","document","[""concept.encyclopedia.math-physics-metrology.oscilacion-amortiguamiento.frecuencia-natural"",""concept.encyclopedia.math-physics-metrology.oscilacion-amortiguamiento.amortiguamiento"",""concept.encyclopedia.math-physics-metrology.oscilacion-amortiguamiento.factor-de-calidad""]","[]","[]","0/0 declared visuals ready or approved","[""multi-angle physical demonstration and reviewed result""]","K","P","simulation","normal","unknown","[""lesson.title"",""lesson.purpose"",""lesson.objectives[0]"",""lesson.objectives[1]"",""lesson.objectives[2]"",""activity.encyclopedia.math-physics-metrology.medicion-incertidumbre-trazabilidad.title"",""activity.encyclopedia.math-physics-metrology.medicion-incertidumbre-trazabilidad.description""]","[""identical-english-spanish"",""redundant-names"",""overbroad-citation"",""numeric-data-without-locator"",""ocr-formula-unverified"",""inadequate-visual-support"",""automatic-segmentation-break"",""single-lesson-module""]","needs-source-review","manual-review","high","60","[{""reason"":""incidencias ponderadas"",""points"":60}]","Campos localizados en inglés repiten literalmente el español. Los nombres de módulo y lección son redundantes. Una o más fuentes se citan a nivel de capítulo, documento o sin localizador. Hay datos numéricos o relaciones cuantitativas sin página, figura o tabla aplicable.","true"
"wplab.horology.watchmaking-encyclopedia","1.1.0","route.encyclopedia.math-physics-metrology","module.encyclopedia.math-physics-metrology.tolerancias-y-fiabilidad","lesson.encyclopedia.math-physics-metrology.tolerancias-y-fiabilidad","Tolerancias, capacidad, FMEA y fiabilidad","45","6","6","1","conceptual-model / explanation","3-observe-measure-diagnose","","Explicar Tolerancias, capacidad, FMEA y fiabilidad mediante relaciones causales.","specific-observable","measurement","psychomotor-skill","source.private.vba-uhrentechnik","[""source.institutional.wostep.watchmaker"",""source.encyclopedia.original-synthesis""]","[""source.encyclopedia.original-synthesis"",""source.institutional.wostep.watchmaker"",""source.private.vba-uhrentechnik""]","document","[""concept.encyclopedia.math-physics-metrology.medicion-incertidumbre-trazabilidad.mensurando"",""concept.encyclopedia.math-physics-metrology.medicion-incertidumbre-trazabilidad.incertidumbre-de-medida"",""concept.encyclopedia.math-physics-metrology.medicion-incertidumbre-trazabilidad.trazabilidad-metrologica""]","[]","[]","0/0 declared visuals ready or approved","[""multi-angle physical demonstration and reviewed result""]","K","P","simulation","normal","unknown","[""lesson.title"",""lesson.purpose"",""lesson.objectives[0]"",""lesson.objectives[1]"",""lesson.objectives[2]"",""activity.encyclopedia.math-physics-metrology.tolerancias-y-fiabilidad.title"",""activity.encyclopedia.math-physics-metrology.tolerancias-y-fiabilidad.description""]","[""identical-english-spanish"",""redundant-names"",""overbroad-citation"",""numeric-data-without-locator"",""ocr-formula-unverified"",""inadequate-visual-support"",""automatic-segmentation-break"",""single-lesson-module""]","needs-source-review","manual-review","high","60","[{""reason"":""incidencias ponderadas"",""points"":60}]","Campos localizados en inglés repiten literalmente el español. Los nombres de módulo y lección son redundantes. Una o más fuentes se citan a nivel de capítulo, documento o sin localizador. Hay datos numéricos o relaciones cuantitativas sin página, figura o tabla aplicable.","true"
"wplab.horology.watchmaking-encyclopedia","1.1.0","route.encyclopedia.math-physics-metrology","module.encyclopedia.math-physics-metrology.toh-normas-dentado","lesson.encyclopedia.math-physics-metrology.toh-normas-dentado","Normas, perfiles y lectura de tablas relojeras","46","6","7","1","conceptual-model / explanation","3-observe-measure-diagnose","","Explicar Normas, perfiles y lectura de tablas relojeras mediante relaciones causales.","specific-observable","measurement","psychomotor-skill","source.private.toh.ch05","[""source.private.vba-uhrentechnik"",""source.encyclopedia.original-synthesis""]","[""source.encyclopedia.original-synthesis"",""source.private.toh.ch05 [p.63-99; 5]"",""source.private.vba-uhrentechnik""]","page-or-figure","[""concept.encyclopedia.math-physics-metrology.tolerancias-y-fiabilidad.cadena-de-tolerancias"",""concept.encyclopedia.math-physics-metrology.tolerancias-y-fiabilidad.capacidad-de-proceso"",""concept.encyclopedia.math-physics-metrology.tolerancias-y-fiabilidad.modo-de-fallo""]","[]","[]","0/0 declared visuals ready or approved","[""multi-angle physical demonstration and reviewed result""]","K","P","simulation","normal","mixed","[""lesson.title"",""lesson.purpose"",""lesson.objectives[0]"",""lesson.objectives[1]"",""lesson.objectives[2]"",""activity.encyclopedia.math-physics-metrology.toh-normas-dentado.title"",""activity.encyclopedia.math-physics-metrology.toh-normas-dentado.description""]","[""identical-english-spanish"",""redundant-names"",""overbroad-citation"",""ocr-formula-unverified"",""modern-safety-source-required"",""inadequate-visual-support"",""automatic-segmentation-break"",""single-lesson-module""]","needs-safety-review","manual-review","high","60","[{""reason"":""incidencias ponderadas"",""points"":60}]","Campos localizados en inglés repiten literalmente el español. Los nombres de módulo y lección son redundantes. Una o más fuentes se citan a nivel de capítulo, documento o sin localizador. Una fórmula vinculada a material OCR no consta como verificada visualmente.","true"
"wplab.horology.watchmaking-encyclopedia","1.1.0","route.encyclopedia.math-physics-metrology","module.encyclopedia.math-physics-metrology.toh-contar-tren","lesson.encyclopedia.math-physics-metrology.toh-contar-tren","Diseño inverso de un tren de conteo","47","6","8","1","conceptual-model / explanation","3-observe-measure-diagnose","","Explicar Diseño inverso de un tren de conteo mediante relaciones causales.","specific-observable","measurement","psychomotor-skill","source.private.toh.ch05","[""source.private.vba-uhrentechnik"",""source.encyclopedia.original-synthesis""]","[""source.encyclopedia.original-synthesis"",""source.private.toh.ch05 [p.63-99; 5]"",""source.private.vba-uhrentechnik""]","page-or-figure","[""concept.encyclopedia.math-physics-metrology.toh-normas-dentado.norma-dimensional"",""concept.encyclopedia.math-physics-metrology.toh-normas-dentado.coeficiente-de-perfil"",""concept.encyclopedia.math-physics-metrology.toh-normas-dentado.dominio-de-aplicacion""]","[]","[]","1/1 declared visuals ready or approved","[""multi-angle physical demonstration and reviewed result""]","K","P","simulation","normal","mixed","[""lesson.title"",""lesson.purpose"",""lesson.objectives[0]"",""lesson.objectives[1]"",""lesson.objectives[2]"",""activity.encyclopedia.math-physics-metrology.toh-contar-tren.title"",""activity.encyclopedia.math-physics-metrology.toh-contar-tren.description""]","[""identical-english-spanish"",""redundant-names"",""overbroad-citation"",""ocr-formula-unverified"",""modern-safety-source-required"",""automatic-segmentation-break"",""single-lesson-module""]","needs-safety-review","manual-review","high","75","[{""reason"":""incidencias ponderadas"",""points"":60},{""reason"":""diseño propio"",""points"":15}]","Campos localizados en inglés repiten literalmente el español. Los nombres de módulo y lección son redundantes. Una o más fuentes se citan a nivel de capítulo, documento o sin localizador. Una fórmula vinculada a material OCR no consta como verificada visualmente.","true"
"wplab.horology.watchmaking-encyclopedia","1.1.0","route.encyclopedia.math-physics-metrology","module.encyclopedia.math-physics-metrology.toh-oscilador-modelo","lesson.encyclopedia.math-physics-metrology.toh-oscilador-modelo","Modelo dinámico del volante-espiral","48","6","9","1","conceptual-model / explanation","3-observe-measure-diagnose","","Explicar Modelo dinámico del volante-espiral mediante relaciones causales.","specific-observable","measurement","psychomotor-skill","source.private.toh.ch07","[""source.private.vba-uhrentechnik"",""source.encyclopedia.original-synthesis""]","[""source.encyclopedia.original-synthesis"",""source.private.toh.ch07 [p.130-169; 7]"",""source.private.vba-uhrentechnik""]","page-or-figure","[""concept.encyclopedia.math-physics-metrology.toh-contar-tren.relacion-objetivo"",""concept.encyclopedia.math-physics-metrology.toh-contar-tren.factorizacion-de-tren"",""concept.encyclopedia.math-physics-metrology.toh-contar-tren.restriccion-geometrica""]","[]","[]","1/1 declared visuals ready or approved","[""multi-angle physical demonstration and reviewed result""]","K","P","simulation","normal","mixed","[""lesson.title"",""lesson.purpose"",""lesson.objectives[0]"",""lesson.objectives[1]"",""lesson.objectives[2]"",""activity.encyclopedia.math-physics-metrology.toh-oscilador-modelo.title"",""activity.encyclopedia.math-physics-metrology.toh-oscilador-modelo.description""]","[""identical-english-spanish"",""redundant-names"",""overbroad-citation"",""ocr-formula-unverified"",""modern-safety-source-required"",""automatic-segmentation-break"",""single-lesson-module""]","needs-safety-review","manual-review","high","60","[{""reason"":""incidencias ponderadas"",""points"":60}]","Campos localizados en inglés repiten literalmente el español. Los nombres de módulo y lección son redundantes. Una o más fuentes se citan a nivel de capítulo, documento o sin localizador. Una fórmula vinculada a material OCR no consta como verificada visualmente.","true"
"wplab.horology.watchmaking-encyclopedia","1.1.0","route.encyclopedia.math-physics-metrology","module.encyclopedia.math-physics-metrology.chicago-cronometria-maquinas","lesson.encyclopedia.math-physics-metrology.chicago-cronometria-maquinas","Expediente Chicago VII: de Watch Master y Time-O-Graph al cronocomparador","49","6","10","1","transfer / explanation","3-observe-measure-diagnose","","Explicar Expediente Chicago VII: de Watch Master y Time-O-Graph al cronocomparador mediante relaciones causales.","specific-observable","measurement","psychomotor-skill","source.private.chicago.33","[""source.private.chicago.34"",""source.private.chicago.11"",""source.encyclopedia.original-synthesis""]","[""source.private.chicago.11 [Timing, rating and regulation]"",""source.private.chicago.33 [Watch Master timing machine]"",""source.private.chicago.34 [Time-O-Graph]""]","chapter-or-section","[""concept.encyclopedia.math-physics-metrology.toh-oscilador-modelo.inercia-del-volante"",""concept.encyclopedia.math-physics-metrology.toh-oscilador-modelo.rigidez-angular"",""concept.encyclopedia.math-physics-metrology.toh-oscilador-modelo.amortiguamiento""]","[]","[]","0/0 declared visuals ready or approved","[""multi-angle physical demonstration and reviewed result""]","K","P","simulation","normal","historical-context","[""lesson.title"",""lesson.purpose"",""lesson.objectives[0]"",""lesson.objectives[1]"",""lesson.objectives[2]"",""activity.encyclopedia.math-physics-metrology.chicago-cronometria-maquinas.title"",""activity.encyclopedia.math-physics-metrology.chicago-cronometria-maquinas.description""]","[""identical-english-spanish"",""redundant-names"",""overbroad-citation"",""numeric-data-without-locator"",""modern-safety-source-required"",""inadequate-visual-support"",""automatic-segmentation-break"",""single-lesson-module""]","needs-safety-review","manual-review","high","60","[{""reason"":""incidencias ponderadas"",""points"":60}]","Campos localizados en inglés repiten literalmente el español. Los nombres de módulo y lección son redundantes. Una o más fuentes se citan a nivel de capítulo, documento o sin localizador. Hay datos numéricos o relaciones cuantitativas sin página, figura o tabla aplicable.","true"
"wplab.horology.inspection-metrology","0.2.0","route.metrology.physical-digital-bridge","module.metrology.observe-before-measuring","lesson.metrology.observe-before-measuring","Observar antes de medir","50","7","1","1","orientation / exercise","3-observe-measure-diagnose","","Explicar cómo separar descripción, identificación e interpretación antes de escoger una magnitud.","specific-observable","inspection","inspection","source.metrology.bipm.vim","[""source.metrology.bipm.gum"",""source.metrology.nist.handbook"",""source.metrology.original-course""]","[]","document","[]","[]","[]","0/0 declared visuals ready or approved","[""scaled defect imagery and observation conditions""]","K","R","simulation","normal","unknown","[""lesson.title"",""lesson.purpose"",""lesson.objectives[0]"",""lesson.objectives[1]"",""lesson.objectives[2]"",""activity.metrology.preparar-una-inspeccion.title"",""activity.metrology.preparar-una-inspeccion.description"",""activity.metrology.separar-observacion-e-hipotesis.title"",""activity.metrology.separar-observacion-e-hipotesis.description""]","[""identical-english-spanish"",""repeated-paragraph-or-instruction"",""redundant-names"",""overbroad-citation"",""numeric-data-without-locator"",""inadequate-visual-support"",""single-lesson-module""]","needs-source-review","edit","medium","46","[{""reason"":""incidencias ponderadas"",""points"":46}]","Campos localizados en inglés repiten literalmente el español. La lección comparte párrafos o instrucciones extensos con otras lecciones. Los nombres de módulo y lección son redundantes. Una o más fuentes se citan a nivel de capítulo, documento o sin localizador.","true"
"wplab.horology.inspection-metrology","0.2.0","route.metrology.physical-digital-bridge","module.metrology.light-magnification-posture","lesson.metrology.light-magnification-posture","Luz, aumento y postura","51","7","2","1","guided-practice / explanation","3-observe-measure-diagnose","","Explicar cómo hacer visible una característica sin introducir reflejos, sombras o posturas inestables.","specific-observable","inspection","inspection","source.metrology.bipm.vim","[""source.metrology.bipm.gum"",""source.metrology.nist.handbook"",""source.metrology.original-course""]","[]","document","[""concept.metrology.observe-before-measuring""]","[]","[]","0/0 declared visuals ready or approved","[""scaled defect imagery and observation conditions""]","K","R","home-bench","normal","unknown","[""lesson.title"",""lesson.purpose"",""lesson.objectives[0]"",""lesson.objectives[1]"",""lesson.objectives[2]"",""activity.metrology.elegir-iluminacion.title"",""activity.metrology.elegir-iluminacion.description"",""activity.metrology.elegir-aumento.title"",""activity.metrology.elegir-aumento.description""]","[""identical-english-spanish"",""foreign-lesson-title"",""repeated-paragraph-or-instruction"",""redundant-names"",""overbroad-citation"",""numeric-data-without-locator"",""inadequate-visual-support"",""single-lesson-module"",""physical-skill-digital-only""]","needs-source-review","edit","high","60","[{""reason"":""incidencias ponderadas"",""points"":60}]","Campos localizados en inglés repiten literalmente el español. El cuerpo contiene el título de otra lección; puede ser referencia válida o contaminación de plantilla. La lección comparte párrafos o instrucciones extensos con otras lecciones. Los nombres de módulo y lección son redundantes.","true"
"wplab.horology.inspection-metrology","0.2.0","route.metrology.physical-digital-bridge","module.metrology.units-scale-resolution","lesson.metrology.units-scale-resolution","Unidades, escala y resolución","52","7","3","1","guided-practice / explanation","3-observe-measure-diagnose","","Explicar cómo declarar magnitud, unidad, escala y capacidad de discriminación sin atribuir exactitud.","specific-observable","inspection","manufacturing","source.metrology.bipm.vim","[""source.metrology.bipm.gum"",""source.metrology.nist.handbook"",""source.metrology.original-course""]","[]","document","[""concept.metrology.light-magnification-posture""]","[]","[]","0/0 declared visuals ready or approved","[""dimensioned drawing, workholding, and operation states""]","K","R","home-bench","normal","unknown","[""lesson.title"",""lesson.purpose"",""lesson.objectives[0]"",""lesson.objectives[1]"",""lesson.objectives[2]"",""activity.metrology.diferenciar-resolucion-y-precision.title"",""activity.metrology.diferenciar-resolucion-y-precision.description"",""activity.metrology.redondear-sin-inventar-informacion.title"",""activity.metrology.redondear-sin-inventar-informacion.description""]","[""identical-english-spanish"",""foreign-lesson-title"",""repeated-paragraph-or-instruction"",""redundant-names"",""overbroad-citation"",""numeric-data-without-locator"",""inadequate-visual-support"",""single-lesson-module"",""physical-skill-digital-only""]","needs-source-review","edit","high","60","[{""reason"":""incidencias ponderadas"",""points"":60}]","Campos localizados en inglés repiten literalmente el español. El cuerpo contiene el título de otra lección; puede ser referencia válida o contaminación de plantilla. La lección comparte párrafos o instrucciones extensos con otras lecciones. Los nombres de módulo y lección son redundantes.","true"
"wplab.horology.inspection-metrology","0.2.0","route.metrology.physical-digital-bridge","module.metrology.precision-accuracy-uncertainty","lesson.metrology.precision-accuracy-uncertainty","Precisión, exactitud, repetibilidad e incertidumbre","53","7","4","1","worked-example / explanation","3-observe-measure-diagnose","","Explicar cómo distinguir dispersión, sesgo, error, repetibilidad e incertidumbre.","specific-observable","inspection","inspection","source.metrology.bipm.vim","[""source.metrology.bipm.gum"",""source.metrology.nist.handbook"",""source.metrology.original-course""]","[]","document","[""concept.metrology.units-scale-resolution""]","[]","[]","0/0 declared visuals ready or approved","[""scaled defect imagery and observation conditions""]","K","R","home-bench","historical-non-actionable","unknown","[""lesson.title"",""lesson.purpose"",""lesson.objectives[0]"",""lesson.objectives[1]"",""lesson.objectives[2]"",""activity.metrology.repetir-medicion.title"",""activity.metrology.repetir-medicion.description"",""activity.metrology.declarar-incertidumbre.title"",""activity.metrology.declarar-incertidumbre.description""]","[""identical-english-spanish"",""foreign-lesson-title"",""repeated-paragraph-or-instruction"",""redundant-names"",""overbroad-citation"",""numeric-data-without-locator"",""hazardous-historical-procedure"",""inadequate-visual-support"",""specialist-work-misclassified-home"",""single-lesson-module"",""physical-skill-digital-only""]","needs-safety-review","manual-review","high","60","[{""reason"":""incidencias ponderadas"",""points"":60}]","Campos localizados en inglés repiten literalmente el español. El cuerpo contiene el título de otra lección; puede ser referencia válida o contaminación de plantilla. La lección comparte párrafos o instrucciones extensos con otras lecciones. Los nombres de módulo y lección son redundantes.","true"
"wplab.horology.inspection-metrology","0.2.0","route.metrology.physical-digital-bridge","module.metrology.instruments","lesson.metrology.instruments","Instrumentos","54","7","5","1","guided-practice / exercise","3-observe-measure-diagnose","","Explicar cómo elegir un instrumento compatible con la característica, el rango y el acceso.","specific-observable","inspection","inspection","source.metrology.bipm.vim","[""source.metrology.bipm.gum"",""source.metrology.nist.handbook"",""source.metrology.original-course""]","[]","document","[""concept.metrology.precision-accuracy-uncertainty""]","[]","[]","0/0 declared visuals ready or approved","[""scaled defect imagery and observation conditions""]","R","R","home-bench","normal","unknown","[""lesson.title"",""lesson.purpose"",""lesson.objectives[0]"",""lesson.objectives[1]"",""lesson.objectives[2]"",""activity.metrology.seleccionar-instrumento.title"",""activity.metrology.seleccionar-instrumento.description"",""activity.metrology.detectar-paralaje.title"",""activity.metrology.detectar-paralaje.description""]","[""identical-english-spanish"",""foreign-lesson-title"",""repeated-paragraph-or-instruction"",""redundant-names"",""overbroad-citation"",""numeric-data-without-locator"",""inadequate-visual-support"",""single-lesson-module"",""physical-skill-digital-only""]","needs-source-review","edit","high","60","[{""reason"":""incidencias ponderadas"",""points"":60}]","Campos localizados en inglés repiten literalmente el español. El cuerpo contiene el título de otra lección; puede ser referencia válida o contaminación de plantilla. La lección comparte párrafos o instrucciones extensos con otras lecciones. Los nombres de módulo y lección son redundantes.","true"
"wplab.horology.inspection-metrology","0.2.0","route.metrology.physical-digital-bridge","module.metrology.verification-calibration","lesson.metrology.verification-calibration","Verificación y calibración","55","7","6","1","guided-practice / explanation","3-observe-measure-diagnose","","Explicar cómo registrar una comprobación funcional sin llamarla calibración acreditada.","specific-observable","inspection","manufacturing","source.metrology.bipm.vim","[""source.metrology.bipm.gum"",""source.metrology.nist.handbook"",""source.metrology.original-course""]","[]","document","[""concept.metrology.instruments""]","[]","[]","0/0 declared visuals ready or approved","[""dimensioned drawing, workholding, and operation states""]","R","R","home-bench","historical-non-actionable","unknown","[""lesson.title"",""lesson.purpose"",""lesson.objectives[0]"",""lesson.objectives[1]"",""lesson.objectives[2]"",""activity.metrology.verificar-cero.title"",""activity.metrology.verificar-cero.description"",""activity.metrology.interpretar-una-verificacion.title"",""activity.metrology.interpretar-una-verificacion.description""]","[""identical-english-spanish"",""repeated-paragraph-or-instruction"",""redundant-names"",""overbroad-citation"",""numeric-data-without-locator"",""hazardous-historical-procedure"",""modern-safety-source-required"",""inadequate-visual-support"",""specialist-work-misclassified-home"",""single-lesson-module""]","needs-safety-review","manual-review","high","60","[{""reason"":""incidencias ponderadas"",""points"":60}]","Campos localizados en inglés repiten literalmente el español. La lección comparte párrafos o instrucciones extensos con otras lecciones. Los nombres de módulo y lección son redundantes. Una o más fuentes se citan a nivel de capítulo, documento o sin localizador.","true"
"wplab.horology.inspection-metrology","0.2.0","route.metrology.physical-digital-bridge","module.metrology.physical-specimen","lesson.metrology.physical-specimen","Registrar una unidad física","56","7","7","1","worked-example / explanation","3-observe-measure-diagnose","","Explicar cómo dar identidad estable, alcance y privacidad a una unidad concreta.","specific-observable","inspection","inspection","source.metrology.bipm.vim","[""source.metrology.bipm.gum"",""source.metrology.nist.handbook"",""source.metrology.original-course""]","[]","document","[""concept.metrology.verification-calibration""]","[]","[]","0/0 declared visuals ready or approved","[""scaled defect imagery and observation conditions""]","R","R","simulation","historical-non-actionable","unknown","[""lesson.title"",""lesson.purpose"",""lesson.objectives[0]"",""lesson.objectives[1]"",""lesson.objectives[2]"",""activity.metrology.registrar-especimen.title"",""activity.metrology.registrar-especimen.description"",""activity.metrology.contar-dientes.title"",""activity.metrology.contar-dientes.description""]","[""identical-english-spanish"",""foreign-lesson-title"",""repeated-paragraph-or-instruction"",""redundant-names"",""overbroad-citation"",""numeric-data-without-locator"",""hazardous-historical-procedure"",""inadequate-visual-support"",""single-lesson-module""]","needs-safety-review","manual-review","high","60","[{""reason"":""incidencias ponderadas"",""points"":60}]","Campos localizados en inglés repiten literalmente el español. El cuerpo contiene el título de otra lección; puede ser referencia válida o contaminación de plantilla. La lección comparte párrafos o instrucciones extensos con otras lecciones. Los nombres de módulo y lección son redundantes.","true"
"wplab.horology.inspection-metrology","0.2.0","route.metrology.physical-digital-bridge","module.metrology.technical-photography","lesson.metrology.technical-photography","Fotografía técnica","57","7","8","1","guided-practice / explanation","3-observe-measure-diagnose","","Explicar cómo capturar vistas reproducibles y conservar el original inmutable.","specific-observable","inspection","inspection","source.metrology.bipm.vim","[""source.metrology.bipm.gum"",""source.metrology.nist.handbook"",""source.metrology.original-course""]","[]","document","[""concept.metrology.physical-specimen""]","[]","[]","0/0 declared visuals ready or approved","[""scaled defect imagery and observation conditions""]","R","R","simulation","normal","unknown","[""lesson.title"",""lesson.purpose"",""lesson.objectives[0]"",""lesson.objectives[1]"",""lesson.objectives[2]"",""activity.metrology.importar-fotografia.title"",""activity.metrology.importar-fotografia.description"",""activity.metrology.clasificar-fotografia.title"",""activity.metrology.clasificar-fotografia.description""]","[""identical-english-spanish"",""foreign-lesson-title"",""repeated-paragraph-or-instruction"",""redundant-names"",""overbroad-citation"",""numeric-data-without-locator"",""inadequate-visual-support"",""single-lesson-module""]","needs-source-review","edit","medium","52","[{""reason"":""incidencias ponderadas"",""points"":52}]","Campos localizados en inglés repiten literalmente el español. El cuerpo contiene el título de otra lección; puede ser referencia válida o contaminación de plantilla. La lección comparte párrafos o instrucciones extensos con otras lecciones. Los nombres de módulo y lección son redundantes.","true"
"wplab.horology.inspection-metrology","0.2.0","route.metrology.physical-digital-bridge","module.metrology.image-measurement","lesson.metrology.image-measurement","Medir sobre una fotografía","58","7","9","1","guided-practice / exercise","3-observe-measure-diagnose","","Explicar cómo calibrar una escala 2D y medir sin inferir profundidad.","specific-observable","inspection","manufacturing","source.metrology.bipm.vim","[""source.metrology.bipm.gum"",""source.metrology.nist.handbook"",""source.metrology.original-course""]","[]","document","[""concept.metrology.technical-photography""]","[]","[]","0/0 declared visuals ready or approved","[""dimensioned drawing, workholding, and operation states""]","R","R","home-bench","normal","unknown","[""lesson.title"",""lesson.purpose"",""lesson.objectives[0]"",""lesson.objectives[1]"",""lesson.objectives[2]"",""activity.metrology.calibrar-escala.title"",""activity.metrology.calibrar-escala.description"",""activity.metrology.medir-distancia.title"",""activity.metrology.medir-distancia.description""]","[""identical-english-spanish"",""foreign-lesson-title"",""repeated-paragraph-or-instruction"",""redundant-names"",""overbroad-citation"",""numeric-data-without-locator"",""inadequate-visual-support"",""specialist-work-misclassified-home"",""single-lesson-module""]","needs-source-review","manual-review","high","60","[{""reason"":""incidencias ponderadas"",""points"":60}]","Campos localizados en inglés repiten literalmente el español. El cuerpo contiene el título de otra lección; puede ser referencia válida o contaminación de plantilla. La lección comparte párrafos o instrucciones extensos con otras lecciones. Los nombres de módulo y lección son redundantes.","true"
"wplab.horology.inspection-metrology","0.2.0","route.metrology.physical-digital-bridge","module.metrology.physical-measurement","lesson.metrology.physical-measurement","Medir piezas físicas","59","7","10","1","worked-example / explanation","3-observe-measure-diagnose","","Explicar cómo definir datums, orientación, instrumento y repeticiones antes de leer.","specific-observable","inspection","inspection","source.metrology.bipm.vim","[""source.metrology.bipm.gum"",""source.metrology.nist.handbook"",""source.metrology.original-course""]","[]","document","[""concept.metrology.image-measurement""]","[]","[]","0/0 declared visuals ready or approved","[""scaled defect imagery and observation conditions""]","R","R","home-bench","normal","unknown","[""lesson.title"",""lesson.purpose"",""lesson.objectives[0]"",""lesson.objectives[1]"",""lesson.objectives[2]"",""activity.metrology.medir-diametro.title"",""activity.metrology.medir-diametro.description"",""activity.metrology.medir-distancia-entre-centros.title"",""activity.metrology.medir-distancia-entre-centros.description""]","[""identical-english-spanish"",""foreign-lesson-title"",""repeated-paragraph-or-instruction"",""redundant-names"",""overbroad-citation"",""numeric-data-without-locator"",""inadequate-visual-support"",""single-lesson-module""]","needs-source-review","edit","medium","52","[{""reason"":""incidencias ponderadas"",""points"":52}]","Campos localizados en inglés repiten literalmente el español. El cuerpo contiene el título de otra lección; puede ser referencia válida o contaminación de plantilla. La lección comparte párrafos o instrucciones extensos con otras lecciones. Los nombres de módulo y lección son redundantes.","true"
"wplab.horology.inspection-metrology","0.2.0","route.metrology.physical-digital-bridge","module.metrology.inspection-findings","lesson.metrology.inspection-findings","Inspeccionar desgaste y daños","60","7","11","1","guided-practice / explanation","3-observe-measure-diagnose","","Explicar cómo clasificar hallazgos sin convertirlos automáticamente en diagnóstico.","specific-observable","inspection","manufacturing","source.metrology.bipm.vim","[""source.metrology.bipm.gum"",""source.metrology.nist.handbook"",""source.metrology.original-course""]","[]","document","[""concept.metrology.physical-measurement""]","[]","[]","0/0 declared visuals ready or approved","[""dimensioned drawing, workholding, and operation states""]","R","R","home-bench","historical-non-actionable","unknown","[""lesson.title"",""lesson.purpose"",""lesson.objectives[0]"",""lesson.objectives[1]"",""lesson.objectives[2]"",""activity.metrology.identificar-lectura-atipica.title"",""activity.metrology.identificar-lectura-atipica.description"",""activity.metrology.registrar-hallazgo.title"",""activity.metrology.registrar-hallazgo.description""]","[""identical-english-spanish"",""foreign-lesson-title"",""repeated-paragraph-or-instruction"",""redundant-names"",""overbroad-citation"",""numeric-data-without-locator"",""hazardous-historical-procedure"",""modern-safety-source-required"",""inadequate-visual-support"",""specialist-work-misclassified-home"",""single-lesson-module""]","needs-safety-review","manual-review","high","76","[{""reason"":""incidencias ponderadas"",""points"":60},{""reason"":""inspección"",""points"":16}]","Campos localizados en inglés repiten literalmente el español. El cuerpo contiene el título de otra lección; puede ser referencia válida o contaminación de plantilla. La lección comparte párrafos o instrucciones extensos con otras lecciones. Los nombres de módulo y lección son redundantes.","true"
"wplab.horology.inspection-metrology","0.2.0","route.metrology.physical-digital-bridge","module.metrology.compare-data","lesson.metrology.compare-data","Comparar datos","61","7","12","1","guided-practice / explanation","3-observe-measure-diagnose","","Explicar cómo contrastar nominal, reconstruido y medido con marcos y tolerancias explícitos.","specific-observable","inspection","inspection","source.metrology.bipm.vim","[""source.metrology.bipm.gum"",""source.metrology.nist.handbook"",""source.metrology.original-course""]","[]","document","[""concept.metrology.inspection-findings""]","[]","[]","0/0 declared visuals ready or approved","[""scaled defect imagery and observation conditions""]","R","R","home-bench","normal","unknown","[""lesson.title"",""lesson.purpose"",""lesson.objectives[0]"",""lesson.objectives[1]"",""lesson.objectives[2]"",""activity.metrology.comparar-nominal-y-medido.title"",""activity.metrology.comparar-nominal-y-medido.description"",""activity.metrology.determinar-validez-de-comparacion.title"",""activity.metrology.determinar-validez-de-comparacion.description""]","[""identical-english-spanish"",""foreign-lesson-title"",""repeated-paragraph-or-instruction"",""redundant-names"",""overbroad-citation"",""numeric-data-without-locator"",""inadequate-visual-support"",""single-lesson-module""]","needs-source-review","edit","medium","52","[{""reason"":""incidencias ponderadas"",""points"":52}]","Campos localizados en inglés repiten literalmente el español. El cuerpo contiene el título de otra lección; puede ser referencia válida o contaminación de plantilla. La lección comparte párrafos o instrucciones extensos con otras lecciones. Los nombres de módulo y lección son redundantes.","true"
"wplab.horology.inspection-metrology","0.2.0","route.metrology.physical-digital-bridge","module.metrology.improve-virtual-model","lesson.metrology.improve-virtual-model","Mejorar un modelo virtual","62","7","13","1","worked-example / exercise","3-observe-measure-diagnose","","Explicar cómo formular una corrección versionada sin alterar canon ni CAD.","specific-observable","inspection","manufacturing","source.metrology.bipm.vim","[""source.metrology.bipm.gum"",""source.metrology.nist.handbook"",""source.metrology.original-course""]","[]","document","[""concept.metrology.compare-data""]","[]","[]","0/0 declared visuals ready or approved","[""dimensioned drawing, workholding, and operation states""]","R","R","home-bench","historical-non-actionable","unknown","[""lesson.title"",""lesson.purpose"",""lesson.objectives[0]"",""lesson.objectives[1]"",""lesson.objectives[2]"",""activity.metrology.adoptar-un-valor.title"",""activity.metrology.adoptar-un-valor.description"",""activity.metrology.crear-propuesta.title"",""activity.metrology.crear-propuesta.description""]","[""identical-english-spanish"",""repeated-paragraph-or-instruction"",""redundant-names"",""overbroad-citation"",""numeric-data-without-locator"",""hazardous-historical-procedure"",""modern-safety-source-required"",""inadequate-visual-support"",""specialist-work-misclassified-home"",""single-lesson-module""]","needs-safety-review","manual-review","high","60","[{""reason"":""incidencias ponderadas"",""points"":60}]","Campos localizados en inglés repiten literalmente el español. La lección comparte párrafos o instrucciones extensos con otras lecciones. Los nombres de módulo y lección son redundantes. Una o más fuentes se citan a nivel de capítulo, documento o sin localizador.","true"
"wplab.horology.inspection-metrology","0.2.0","route.metrology.physical-digital-bridge","module.metrology.final-project","lesson.metrology.final-project","Proyecto final","63","7","14","1","guided-practice / explanation","3-observe-measure-diagnose","","Explicar cómo producir un dossier trazable y revisable de una unidad concreta.","specific-observable","inspection","inspection","source.metrology.bipm.vim","[""source.metrology.bipm.gum"",""source.metrology.nist.handbook"",""source.metrology.original-course""]","[]","document","[""concept.metrology.improve-virtual-model""]","[]","[]","0/0 declared visuals ready or approved","[""scaled defect imagery and observation conditions""]","R","R","home-bench","normal","unknown","[""lesson.title"",""lesson.purpose"",""lesson.objectives[0]"",""lesson.objectives[1]"",""lesson.objectives[2]"",""activity.metrology.completar-dossier.title"",""activity.metrology.completar-dossier.description"",""activity.metrology.defender-el-proyecto-final.title"",""activity.metrology.defender-el-proyecto-final.description""]","[""identical-english-spanish"",""foreign-lesson-title"",""repeated-paragraph-or-instruction"",""redundant-names"",""overbroad-citation"",""numeric-data-without-locator"",""inadequate-visual-support"",""single-lesson-module""]","needs-source-review","edit","medium","52","[{""reason"":""incidencias ponderadas"",""points"":52}]","Campos localizados en inglés repiten literalmente el español. El cuerpo contiene el título de otra lección; puede ser referencia válida o contaminación de plantilla. La lección comparte párrafos o instrucciones extensos con otras lecciones. Los nombres de módulo y lección son redundantes.","true"
"wplab.horology.watchmaking-encyclopedia","1.1.0","route.encyclopedia.quartz-electronics","module.encyclopedia.quartz-electronics.electricidad-y-celulas","lesson.encyclopedia.quartz-electronics.electricidad-y-celulas","Tensión, corriente, resistencia y células","64","8","1","1","conceptual-model / explanation","2-understand-mechanical-systems","specialization","Explicar Tensión, corriente, resistencia y células mediante relaciones causales.","specific-observable","mechanism-explanation","psychomotor-skill","source.official.miyota.2035","[""source.institutional.awci.standards"",""source.external.watchguy-manuals""]","[""source.external.watchguy-manuals"",""source.institutional.awci.standards"",""source.official.miyota.2035""]","document","[]","[]","[]","0/0 declared visuals ready or approved","[""multi-angle physical demonstration and reviewed result""]","K","P","simulation","normal","unknown","[""lesson.title"",""lesson.purpose"",""lesson.objectives[0]"",""lesson.objectives[1]"",""lesson.objectives[2]"",""activity.encyclopedia.quartz-electronics.electricidad-y-celulas.title"",""activity.encyclopedia.quartz-electronics.electricidad-y-celulas.description""]","[""identical-english-spanish"",""redundant-names"",""overbroad-citation"",""numeric-data-without-locator"",""inadequate-visual-support"",""template-conditioned-content"",""automatic-segmentation-break"",""single-lesson-module""]","needs-source-review","split","high","58","[{""reason"":""incidencias ponderadas"",""points"":58}]","Campos localizados en inglés repiten literalmente el español. Los nombres de módulo y lección son redundantes. Una o más fuentes se citan a nivel de capítulo, documento o sin localizador. Hay datos numéricos o relaciones cuantitativas sin página, figura o tabla aplicable.","true"
"wplab.horology.watchmaking-encyclopedia","1.1.0","route.encyclopedia.quartz-electronics","module.encyclopedia.quartz-electronics.piezoelectricidad-y-resonador","lesson.encyclopedia.quartz-electronics.piezoelectricidad-y-resonador","Piezoelectricidad y resonador de cuarzo","65","8","2","1","conceptual-model / explanation","2-understand-mechanical-systems","specialization","Explicar Piezoelectricidad y resonador de cuarzo mediante relaciones causales.","specific-observable","mechanism-explanation","psychomotor-skill","source.private.toh.ch15","[""source.official.miyota.2035"",""source.encyclopedia.original-synthesis""]","[""source.encyclopedia.original-synthesis"",""source.official.miyota.2035"",""source.private.toh.ch15 [p.338-372; 15]""]","page-or-figure","[""concept.encyclopedia.quartz-electronics.electricidad-y-celulas.tension"",""concept.encyclopedia.quartz-electronics.electricidad-y-celulas.corriente"",""concept.encyclopedia.quartz-electronics.electricidad-y-celulas.resistencia-interna""]","[]","[]","0/0 declared visuals ready or approved","[""multi-angle physical demonstration and reviewed result""]","K","P","simulation","normal","mixed","[""lesson.title"",""lesson.purpose"",""lesson.objectives[0]"",""lesson.objectives[1]"",""lesson.objectives[2]"",""activity.encyclopedia.quartz-electronics.piezoelectricidad-y-resonador.title"",""activity.encyclopedia.quartz-electronics.piezoelectricidad-y-resonador.description""]","[""identical-english-spanish"",""redundant-names"",""overbroad-citation"",""modern-safety-source-required"",""inadequate-visual-support"",""template-conditioned-content"",""automatic-segmentation-break"",""single-lesson-module""]","needs-safety-review","manual-review","high","60","[{""reason"":""incidencias ponderadas"",""points"":60}]","Campos localizados en inglés repiten literalmente el español. Los nombres de módulo y lección son redundantes. Una o más fuentes se citan a nivel de capítulo, documento o sin localizador. El procedimiento necesita una fuente moderna de seguridad antes de cualquier uso operativo.","true"
"wplab.horology.watchmaking-encyclopedia","1.1.0","route.encyclopedia.quartz-electronics","module.encyclopedia.quartz-electronics.divisor-circuito-y-consumo","lesson.encyclopedia.quartz-electronics.divisor-circuito-y-consumo","Circuito integrado, divisor, compensación y consumo","66","8","3","1","conceptual-model / explanation","2-understand-mechanical-systems","specialization","Explicar Circuito integrado, divisor, compensación y consumo mediante relaciones causales.","specific-observable","mechanism-explanation","psychomotor-skill","source.official.miyota.2035","[""source.external.watchguy-manuals"",""source.external.watch-movements-eu""]","[""source.external.watch-movements-eu"",""source.external.watchguy-manuals"",""source.official.miyota.2035""]","document","[""concept.encyclopedia.quartz-electronics.piezoelectricidad-y-resonador.efecto-piezoelectrico"",""concept.encyclopedia.quartz-electronics.piezoelectricidad-y-resonador.resonador-de-horquilla"",""concept.encyclopedia.quartz-electronics.piezoelectricidad-y-resonador.circuito-oscilador""]","[]","[]","0/0 declared visuals ready or approved","[""multi-angle physical demonstration and reviewed result""]","K","P","simulation","normal","unknown","[""lesson.title"",""lesson.purpose"",""lesson.objectives[0]"",""lesson.objectives[1]"",""lesson.objectives[2]"",""activity.encyclopedia.quartz-electronics.divisor-circuito-y-consumo.title"",""activity.encyclopedia.quartz-electronics.divisor-circuito-y-consumo.description""]","[""identical-english-spanish"",""redundant-names"",""overbroad-citation"",""numeric-data-without-locator"",""inadequate-visual-support"",""template-conditioned-content"",""automatic-segmentation-break"",""single-lesson-module""]","needs-source-review","split","high","58","[{""reason"":""incidencias ponderadas"",""points"":58}]","Campos localizados en inglés repiten literalmente el español. Los nombres de módulo y lección son redundantes. Una o más fuentes se citan a nivel de capítulo, documento o sin localizador. Hay datos numéricos o relaciones cuantitativas sin página, figura o tabla aplicable.","true"
"wplab.horology.watchmaking-encyclopedia","1.1.0","route.encyclopedia.quartz-electronics","module.encyclopedia.quartz-electronics.bobina-estator-y-rotor","lesson.encyclopedia.quartz-electronics.bobina-estator-y-rotor","Bobina, estator, rotor y motor paso a paso","67","8","4","1","conceptual-model / explanation","2-understand-mechanical-systems","specialization","Explicar Bobina, estator, rotor y motor paso a paso mediante relaciones causales.","specific-observable","mechanism-explanation","psychomotor-skill","source.private.toh.ch15","[""source.official.miyota.2035"",""source.external.watchguy-repair-blog""]","[""source.external.watchguy-repair-blog"",""source.official.miyota.2035"",""source.private.toh.ch15 [p.338-372; 15]""]","page-or-figure","[""concept.encyclopedia.quartz-electronics.divisor-circuito-y-consumo.division-binaria"",""concept.encyclopedia.quartz-electronics.divisor-circuito-y-consumo.pulso-de-motor"",""concept.encyclopedia.quartz-electronics.divisor-circuito-y-consumo.consumo-medio""]","[]","[]","0/0 declared visuals ready or approved","[""multi-angle physical demonstration and reviewed result""]","K","P","simulation","normal","mixed","[""lesson.title"",""lesson.purpose"",""lesson.objectives[0]"",""lesson.objectives[1]"",""lesson.objectives[2]"",""activity.encyclopedia.quartz-electronics.bobina-estator-y-rotor.title"",""activity.encyclopedia.quartz-electronics.bobina-estator-y-rotor.description""]","[""identical-english-spanish"",""redundant-names"",""overbroad-citation"",""modern-safety-source-required"",""inadequate-visual-support"",""template-conditioned-content"",""automatic-segmentation-break"",""single-lesson-module""]","needs-safety-review","manual-review","high","60","[{""reason"":""incidencias ponderadas"",""points"":60}]","Campos localizados en inglés repiten literalmente el español. Los nombres de módulo y lección son redundantes. Una o más fuentes se citan a nivel de capítulo, documento o sin localizador. El procedimiento necesita una fuente moderna de seguridad antes de cualquier uso operativo.","true"
"wplab.horology.watchmaking-encyclopedia","1.1.0","route.encyclopedia.quartz-electronics","module.encyclopedia.quartz-electronics.diagnostico-cuarzo","lesson.encyclopedia.quartz-electronics.diagnostico-cuarzo","Diagnóstico sistemático de un cuarzo analógico","68","8","5","1","conceptual-model / explanation","3-observe-measure-diagnose","specialization","Explicar Diagnóstico sistemático de un cuarzo analógico mediante relaciones causales.","specific-observable","diagnosis-case","psychomotor-skill","source.institutional.awci.standards","[""source.official.miyota.2035"",""source.external.watchguy-manuals"",""source.external.watchguy-repair-blog""]","[""source.external.watchguy-manuals"",""source.institutional.awci.standards"",""source.official.miyota.2035""]","document","[""concept.encyclopedia.quartz-electronics.bobina-estator-y-rotor.bobina"",""concept.encyclopedia.quartz-electronics.bobina-estator-y-rotor.estator"",""concept.encyclopedia.quartz-electronics.bobina-estator-y-rotor.rotor-paso-a-paso""]","[]","[]","0/0 declared visuals ready or approved","[""multi-angle physical demonstration and reviewed result""]","K","P","simulation","normal","unknown","[""lesson.title"",""lesson.purpose"",""lesson.objectives[0]"",""lesson.objectives[1]"",""lesson.objectives[2]"",""activity.encyclopedia.quartz-electronics.diagnostico-cuarzo.title"",""activity.encyclopedia.quartz-electronics.diagnostico-cuarzo.description""]","[""identical-english-spanish"",""redundant-names"",""overbroad-citation"",""numeric-data-without-locator"",""inadequate-visual-support"",""automatic-segmentation-break"",""single-lesson-module""]","needs-source-review","split","high","61","[{""reason"":""incidencias ponderadas"",""points"":46},{""reason"":""diagnóstico"",""points"":15}]","Campos localizados en inglés repiten literalmente el español. Los nombres de módulo y lección son redundantes. Una o más fuentes se citan a nivel de capítulo, documento o sin localizador. Hay datos numéricos o relaciones cuantitativas sin página, figura o tabla aplicable.","true"
"wplab.horology.watchmaking-encyclopedia","1.1.0","route.encyclopedia.quartz-electronics","module.encyclopedia.quartz-electronics.cuarzo-avanzado","lesson.encyclopedia.quartz-electronics.cuarzo-avanzado","Cuarzo de alta precisión, solar, radio y conectividad","69","8","6","1","conceptual-model / explanation","2-understand-mechanical-systems","specialization","Explicar Cuarzo de alta precisión, solar, radio y conectividad mediante relaciones causales.","specific-observable","mechanism-explanation","psychomotor-skill","source.private.toh.ch15","[""source.external.watchbase"",""source.external.caliber-corner"",""source.encyclopedia.original-synthesis""]","[""source.external.caliber-corner"",""source.external.watchbase"",""source.private.toh.ch15 [p.338-372; 15]""]","page-or-figure","[""concept.encyclopedia.quartz-electronics.diagnostico-cuarzo.prueba-discriminante"",""concept.encyclopedia.quartz-electronics.diagnostico-cuarzo.carga-mecanica"",""concept.encyclopedia.quartz-electronics.diagnostico-cuarzo.arbol-de-fallos""]","[]","[]","0/0 declared visuals ready or approved","[""multi-angle physical demonstration and reviewed result""]","K","P","simulation","normal","mixed","[""lesson.title"",""lesson.purpose"",""lesson.objectives[0]"",""lesson.objectives[1]"",""lesson.objectives[2]"",""activity.encyclopedia.quartz-electronics.cuarzo-avanzado.title"",""activity.encyclopedia.quartz-electronics.cuarzo-avanzado.description""]","[""identical-english-spanish"",""redundant-names"",""overbroad-citation"",""modern-safety-source-required"",""inadequate-visual-support"",""template-conditioned-content"",""automatic-segmentation-break"",""single-lesson-module""]","needs-safety-review","manual-review","high","60","[{""reason"":""incidencias ponderadas"",""points"":60}]","Campos localizados en inglés repiten literalmente el español. Los nombres de módulo y lección son redundantes. Una o más fuentes se citan a nivel de capítulo, documento o sin localizador. El procedimiento necesita una fuente moderna de seguridad antes de cualquier uso operativo.","true"
"wplab.horology.watchmaking-encyclopedia","1.1.0","route.encyclopedia.quartz-electronics","module.encyclopedia.quartz-electronics.toh-cuarzo-oscilador-divisor","lesson.encyclopedia.quartz-electronics.toh-cuarzo-oscilador-divisor","Oscilador de cuarzo y división de frecuencia","70","8","7","1","conceptual-model / explanation","2-understand-mechanical-systems","specialization","Explicar Oscilador de cuarzo y división de frecuencia mediante relaciones causales.","specific-observable","mechanism-explanation","psychomotor-skill","source.private.toh.ch15","[""source.official.miyota.2035"",""source.encyclopedia.original-synthesis""]","[""source.encyclopedia.original-synthesis"",""source.official.miyota.2035"",""source.private.toh.ch15 [p.338-372; 15]""]","page-or-figure","[""concept.encyclopedia.quartz-electronics.cuarzo-avanzado.compensacion-termica"",""concept.encyclopedia.quartz-electronics.cuarzo-avanzado.disciplina-externa"",""concept.encyclopedia.quartz-electronics.cuarzo-avanzado.gestion-de-energia""]","[]","[]","0/0 declared visuals ready or approved","[""multi-angle physical demonstration and reviewed result""]","K","P","simulation","historical-non-actionable","mixed","[""lesson.title"",""lesson.purpose"",""lesson.objectives[0]"",""lesson.objectives[1]"",""lesson.objectives[2]"",""activity.encyclopedia.quartz-electronics.toh-cuarzo-oscilador-divisor.title"",""activity.encyclopedia.quartz-electronics.toh-cuarzo-oscilador-divisor.description""]","[""identical-english-spanish"",""redundant-names"",""overbroad-citation"",""hazardous-historical-procedure"",""modern-safety-source-required"",""inadequate-visual-support"",""template-conditioned-content"",""automatic-segmentation-break"",""single-lesson-module""]","needs-safety-review","manual-review","high","60","[{""reason"":""incidencias ponderadas"",""points"":60}]","Campos localizados en inglés repiten literalmente el español. Los nombres de módulo y lección son redundantes. Una o más fuentes se citan a nivel de capítulo, documento o sin localizador. La lección o sus fuentes contienen un procedimiento histórico peligroso; no debe convertirse en instrucción accionable.","true"
"wplab.horology.watchmaking-encyclopedia","1.1.0","route.encyclopedia.quartz-electronics","module.encyclopedia.quartz-electronics.toh-motor-paso-bipolar","lesson.encyclopedia.quartz-electronics.toh-motor-paso-bipolar","Bobina, estator y motor paso a paso bipolar","71","8","8","1","conceptual-model / explanation","2-understand-mechanical-systems","specialization","Explicar Bobina, estator y motor paso a paso bipolar mediante relaciones causales.","specific-observable","mechanism-explanation","psychomotor-skill","source.private.toh.ch15","[""source.official.miyota.2035"",""source.encyclopedia.original-synthesis""]","[""source.encyclopedia.original-synthesis"",""source.official.miyota.2035"",""source.private.toh.ch15 [p.338-372; 15]""]","page-or-figure","[""concept.encyclopedia.quartz-electronics.toh-cuarzo-oscilador-divisor.resonancia-de-cuarzo"",""concept.encyclopedia.quartz-electronics.toh-cuarzo-oscilador-divisor.divisor-binario"",""concept.encyclopedia.quartz-electronics.toh-cuarzo-oscilador-divisor.capacitancia-de-carga""]","[]","[]","0/0 declared visuals ready or approved","[""multi-angle physical demonstration and reviewed result""]","K","P","simulation","normal","mixed","[""lesson.title"",""lesson.purpose"",""lesson.objectives[0]"",""lesson.objectives[1]"",""lesson.objectives[2]"",""activity.encyclopedia.quartz-electronics.toh-motor-paso-bipolar.title"",""activity.encyclopedia.quartz-electronics.toh-motor-paso-bipolar.description""]","[""identical-english-spanish"",""redundant-names"",""overbroad-citation"",""modern-safety-source-required"",""inadequate-visual-support"",""template-conditioned-content"",""automatic-segmentation-break"",""single-lesson-module""]","needs-safety-review","manual-review","high","60","[{""reason"":""incidencias ponderadas"",""points"":60}]","Campos localizados en inglés repiten literalmente el español. Los nombres de módulo y lección son redundantes. Una o más fuentes se citan a nivel de capítulo, documento o sin localizador. El procedimiento necesita una fuente moderna de seguridad antes de cualquier uso operativo.","true"
"wplab.horology.watchmaking-encyclopedia","1.1.0","route.encyclopedia.quartz-electronics","module.encyclopedia.quartz-electronics.toh-cadena-electronica-completa","lesson.encyclopedia.quartz-electronics.toh-cadena-electronica-completa","Cadena completa del reloj electrónico analógico","72","8","9","1","transfer / explanation","2-understand-mechanical-systems","specialization","Explicar Cadena completa del reloj electrónico analógico mediante relaciones causales.","specific-observable","mechanism-explanation","psychomotor-skill","source.private.toh.ch15","[""source.official.miyota.2035"",""source.encyclopedia.original-synthesis""]","[""source.encyclopedia.original-synthesis"",""source.official.miyota.2035"",""source.private.toh.ch15 [p.338-372; 15]""]","page-or-figure","[""concept.encyclopedia.quartz-electronics.toh-motor-paso-bipolar.estator"",""concept.encyclopedia.quartz-electronics.toh-motor-paso-bipolar.rotor-imantado"",""concept.encyclopedia.quartz-electronics.toh-motor-paso-bipolar.pulso-bipolar""]","[]","[]","0/0 declared visuals ready or approved","[""multi-angle physical demonstration and reviewed result""]","K","P","simulation","normal","mixed","[""lesson.title"",""lesson.purpose"",""lesson.objectives[0]"",""lesson.objectives[1]"",""lesson.objectives[2]"",""activity.encyclopedia.quartz-electronics.toh-cadena-electronica-completa.title"",""activity.encyclopedia.quartz-electronics.toh-cadena-electronica-completa.description""]","[""identical-english-spanish"",""redundant-names"",""overbroad-citation"",""modern-safety-source-required"",""inadequate-visual-support"",""automatic-segmentation-break"",""single-lesson-module""]","needs-safety-review","manual-review","high","59","[{""reason"":""incidencias ponderadas"",""points"":59}]","Campos localizados en inglés repiten literalmente el español. Los nombres de módulo y lección son redundantes. Una o más fuentes se citan a nivel de capítulo, documento o sin localizador. El procedimiento necesita una fuente moderna de seguridad antes de cualquier uso operativo.","true"
"wplab.horology.quartz-miyota2035","0.5.0","route.quartz2035.isa-to-2035","module.quartz2035.isa-memory","lesson.quartz2035.isa-memory","Del recuerdo del ISA 8172 a una observación trazable","73","9","1","1","conceptual-model / explanation","4-work-on-real-calibre","specialization","Ejecutar la práctica con orden y trazabilidad.","generic","mechanism-explanation","mechanism-explanation","source.horology.original-quartz-practical-route","[]","[""source.horology.original-quartz-practical-route""]","missing","[""concept.quartz2035.observe-before-disassembly""]","[]","[]","1/1 declared visuals ready or approved","[""causal schematic or state animation""]","K","V","simulation","normal","unknown","[""lesson.title"",""lesson.purpose"",""lesson.objectives[0]"",""lesson.objectives[1]"",""lesson.objectives[2]"",""activity.quartz2035.create-isa-confidence-map.title"",""activity.quartz2035.create-isa-confidence-map.description"",""activity.quartz2035.compare-isa-functionally.title"",""activity.quartz2035.compare-isa-functionally.description""]","[""empty-markdown-headings"",""identical-english-spanish"",""foreign-lesson-title"",""generic-reused-objective"",""redundant-names"",""overbroad-citation"",""numeric-data-without-locator"",""template-conditioned-content"",""calibre-content-general-theory-only"",""single-lesson-module""]","needs-source-review","manual-review","high","60","[{""reason"":""incidencias ponderadas"",""points"":60}]","La lección contiene encabezados sin contenido verificable. Campos localizados en inglés repiten literalmente el español. El cuerpo contiene el título de otra lección; puede ser referencia válida o contaminación de plantilla. El objetivo es genérico, no observable o se reutiliza de forma extensa.","true"
"wplab.horology.quartz-miyota2035","0.5.0","route.quartz2035.isa-to-2035","module.quartz2035.documentation","lesson.quartz2035.documentation","Cómo leer la documentación del MIYOTA 2035","74","9","2","1","pretraining / explanation","4-work-on-real-calibre","specialization","Ejecutar la práctica con orden y trazabilidad.","generic","mechanism-explanation","mechanism-explanation","source.miyota.2035.product-page","[""source.miyota.2035.specification"",""source.miyota.2035.drawing"",""source.miyota.2035.instruction-manual"",""source.miyota.2035.parts-list-exploded-view"",""source.horology.original-quartz-practical-route""]","[""source.miyota.2035.parts-list-exploded-view""]","document","[""concept.quartz2035.distinguish-observation-inference""]","[]","[]","1/1 declared visuals ready or approved","[""causal schematic or state animation""]","K","V","simulation","historical-non-actionable","unknown","[""lesson.title"",""lesson.purpose"",""lesson.objectives[0]"",""lesson.objectives[1]"",""lesson.objectives[2]"",""activity.quartz2035.read-drawing.title"",""activity.quartz2035.read-drawing.description"",""activity.quartz2035.associate-reference-part.title"",""activity.quartz2035.associate-reference-part.description""]","[""empty-markdown-headings"",""identical-english-spanish"",""foreign-lesson-title"",""generic-reused-objective"",""redundant-names"",""overbroad-citation"",""numeric-data-without-locator"",""hazardous-historical-procedure"",""template-conditioned-content"",""single-lesson-module""]","needs-safety-review","manual-review","high","60","[{""reason"":""incidencias ponderadas"",""points"":60}]","La lección contiene encabezados sin contenido verificable. Campos localizados en inglés repiten literalmente el español. El cuerpo contiene el título de otra lección; puede ser referencia válida o contaminación de plantilla. El objetivo es genérico, no observable o se reutiliza de forma extensa.","true"
"wplab.horology.quartz-miyota2035","0.5.0","route.quartz2035.isa-to-2035","module.quartz2035.anatomy","lesson.quartz2035.anatomy","Anatomía completa del MIYOTA 2035","75","9","3","1","pretraining / explanation","4-work-on-real-calibre","specialization","Ejecutar la práctica con orden y trazabilidad.","generic","visual-anatomy","visual-anatomy","source.miyota.2035.product-page","[""source.miyota.2035.specification"",""source.miyota.2035.drawing"",""source.miyota.2035.instruction-manual"",""source.miyota.2035.parts-list-exploded-view"",""source.horology.original-quartz-practical-route""]","[""source.miyota.2035.parts-list-exploded-view""]","document","[""concept.quartz2035.locate-official-data""]","[]","[]","1/1 declared visuals ready or approved","[""annotated anatomy or exploded view""]","K","V","home-bench","normal","unknown","[""lesson.title"",""lesson.purpose"",""lesson.objectives[0]"",""lesson.objectives[1]"",""lesson.objectives[2]"",""activity.quartz2035.classify-subsystems.title"",""activity.quartz2035.classify-subsystems.description"",""activity.quartz2035.follow-functional-chain.title"",""activity.quartz2035.follow-functional-chain.description""]","[""empty-markdown-headings"",""identical-english-spanish"",""foreign-lesson-title"",""generic-reused-objective"",""redundant-names"",""overbroad-citation"",""numeric-data-without-locator"",""template-conditioned-content"",""single-lesson-module"",""physical-skill-digital-only""]","needs-source-review","edit","high","60","[{""reason"":""incidencias ponderadas"",""points"":60}]","La lección contiene encabezados sin contenido verificable. Campos localizados en inglés repiten literalmente el español. El cuerpo contiene el título de otra lección; puede ser referencia válida o contaminación de plantilla. El objetivo es genérico, no observable o se reutiliza de forma extensa.","true"
"wplab.horology.quartz-miyota2035","0.5.0","route.quartz2035.isa-to-2035","module.quartz2035.disassembly","lesson.quartz2035.disassembly","Desmontaje virtual guiado","76","9","4","1","guided-practice / explanation","4-work-on-real-calibre","specialization","Ejecutar la práctica con orden y trazabilidad.","generic","bench-procedure","manufacturing","source.miyota.2035.product-page","[""source.miyota.2035.specification"",""source.miyota.2035.drawing"",""source.miyota.2035.instruction-manual"",""source.miyota.2035.parts-list-exploded-view"",""source.horology.original-quartz-practical-route""]","[""source.horology.original-quartz-practical-route""]","document","[""concept.quartz2035.identify-2035-subsystems""]","[]","[]","1/1 declared visuals ready or approved","[""dimensioned drawing, workholding, and operation states""]","K","R","home-bench","historical-non-actionable","unknown","[""lesson.title"",""lesson.purpose"",""lesson.objectives[0]"",""lesson.objectives[1]"",""lesson.objectives[2]"",""activity.quartz2035.order-disassembly-steps.title"",""activity.quartz2035.order-disassembly-steps.description"",""activity.quartz2035.disassemble-to-tray.title"",""activity.quartz2035.disassemble-to-tray.description""]","[""empty-markdown-headings"",""identical-english-spanish"",""foreign-lesson-title"",""generic-reused-objective"",""repeated-paragraph-or-instruction"",""redundant-names"",""overbroad-citation"",""numeric-data-without-locator"",""hazardous-historical-procedure"",""modern-safety-source-required"",""template-conditioned-content"",""specialist-work-misclassified-home"",""single-lesson-module"",""physical-skill-digital-only""]","needs-safety-review","manual-review","high","60","[{""reason"":""incidencias ponderadas"",""points"":60}]","La lección contiene encabezados sin contenido verificable. Campos localizados en inglés repiten literalmente el español. El cuerpo contiene el título de otra lección; puede ser referencia válida o contaminación de plantilla. El objetivo es genérico, no observable o se reutiliza de forma extensa.","true"
"wplab.horology.quartz-miyota2035","0.5.0","route.quartz2035.isa-to-2035","module.quartz2035.assembly","lesson.quartz2035.assembly","Montaje virtual y comprobaciones","77","9","5","1","guided-practice / explanation","4-work-on-real-calibre","specialization","Ejecutar la práctica con orden y trazabilidad.","generic","bench-procedure","bench-procedure","source.miyota.2035.product-page","[""source.miyota.2035.specification"",""source.miyota.2035.drawing"",""source.miyota.2035.instruction-manual"",""source.miyota.2035.parts-list-exploded-view"",""source.horology.original-quartz-practical-route""]","[""source.horology.original-quartz-practical-route""]","document","[""concept.quartz2035.identify-documented-parts""]","[]","[]","1/1 declared visuals ready or approved","[""step sequence with tool, holding point, and stop condition""]","K","P","home-bench","normal","unknown","[""lesson.title"",""lesson.purpose"",""lesson.objectives[0]"",""lesson.objectives[1]"",""lesson.objectives[2]"",""activity.quartz2035.assemble-guided.title"",""activity.quartz2035.assemble-guided.description"",""activity.quartz2035.assemble-assisted-free.title"",""activity.quartz2035.assemble-assisted-free.description""]","[""empty-markdown-headings"",""identical-english-spanish"",""foreign-lesson-title"",""generic-reused-objective"",""repeated-paragraph-or-instruction"",""redundant-names"",""overbroad-citation"",""numeric-data-without-locator"",""template-conditioned-content"",""single-lesson-module"",""physical-skill-digital-only""]","needs-source-review","edit","high","60","[{""reason"":""incidencias ponderadas"",""points"":60}]","La lección contiene encabezados sin contenido verificable. Campos localizados en inglés repiten literalmente el español. El cuerpo contiene el título de otra lección; puede ser referencia válida o contaminación de plantilla. El objetivo es genérico, no observable o se reutiliza de forma extensa.","true"
"wplab.horology.quartz-miyota2035","0.5.0","route.quartz2035.isa-to-2035","module.quartz2035.diagnosis","lesson.quartz2035.diagnosis","Comprobación y diagnóstico básico","78","9","6","1","conceptual-model / explanation","4-work-on-real-calibre","specialization","Ejecutar la práctica con orden y trazabilidad.","generic","diagnosis-case","diagnosis-case","source.miyota.2035.product-page","[""source.miyota.2035.specification"",""source.miyota.2035.drawing"",""source.miyota.2035.instruction-manual"",""source.miyota.2035.parts-list-exploded-view"",""source.horology.original-quartz-practical-route""]","[""source.horology.original-quartz-practical-route""]","document","[""concept.quartz2035.disassemble-virtually""]","[]","[]","1/1 declared visuals ready or approved","[""evidence trail, hypothesis table, and decision graph""]","R","R","simulation","normal","unknown","[""lesson.title"",""lesson.purpose"",""lesson.objectives[0]"",""lesson.objectives[1]"",""lesson.objectives[2]"",""activity.quartz2035.identify-error-hypothesis.title"",""activity.quartz2035.identify-error-hypothesis.description"",""activity.quartz2035.choose-check.title"",""activity.quartz2035.choose-check.description""]","[""empty-markdown-headings"",""identical-english-spanish"",""foreign-lesson-title"",""generic-reused-objective"",""redundant-names"",""overbroad-citation"",""numeric-data-without-locator"",""template-conditioned-content"",""single-lesson-module""]","needs-source-review","edit","high","75","[{""reason"":""incidencias ponderadas"",""points"":60},{""reason"":""diagnóstico"",""points"":15}]","La lección contiene encabezados sin contenido verificable. Campos localizados en inglés repiten literalmente el español. El cuerpo contiene el título de otra lección; puede ser referencia válida o contaminación de plantilla. El objetivo es genérico, no observable o se reutiliza de forma extensa.","true"
"wplab.horology.quartz-miyota2035","0.5.0","route.quartz2035.isa-to-2035","module.quartz2035.final-project","lesson.quartz2035.final-project","Proyecto final MIYOTA 2035","79","9","7","1","transfer / explanation","4-work-on-real-calibre","specialization","Ejecutar la práctica con orden y trazabilidad.","generic","design","design","source.miyota.2035.product-page","[""source.miyota.2035.specification"",""source.miyota.2035.drawing"",""source.miyota.2035.instruction-manual"",""source.miyota.2035.parts-list-exploded-view"",""source.horology.original-quartz-practical-route""]","[""source.horology.original-quartz-practical-route""]","document","[""concept.quartz2035.preserve-identity-orientation""]","[]","[]","1/1 declared visuals ready or approved","[""layout drawing, dependency graph, and validation criteria""]","R","R","simulation","normal","unknown","[""lesson.title"",""lesson.purpose"",""lesson.objectives[0]"",""lesson.objectives[1]"",""lesson.objectives[2]"",""activity.quartz2035.complete-final-project.title"",""activity.quartz2035.complete-final-project.description"",""activity.quartz2035.review-final-dossier.title"",""activity.quartz2035.review-final-dossier.description""]","[""empty-markdown-headings"",""identical-english-spanish"",""generic-reused-objective"",""repeated-paragraph-or-instruction"",""redundant-names"",""overbroad-citation"",""numeric-data-without-locator"",""template-conditioned-content"",""single-lesson-module""]","needs-source-review","edit","high","60","[{""reason"":""incidencias ponderadas"",""points"":60}]","La lección contiene encabezados sin contenido verificable. Campos localizados en inglés repiten literalmente el español. El objetivo es genérico, no observable o se reutiliza de forma extensa. La lección comparte párrafos o instrucciones extensos con otras lecciones.","true"
"wplab.horology.watchmaking-encyclopedia","1.1.0","route.encyclopedia.mechanical-energy-trains","module.encyclopedia.mechanical-energy-trains.muelle-real-y-barrilete","lesson.encyclopedia.mechanical-energy-trains.muelle-real-y-barrilete","Muelle real, barrilete y curva de par","80","10","1","1","conceptual-model / explanation","2-understand-mechanical-systems","","Explicar Muelle real, barrilete y curva de par mediante relaciones causales.","specific-observable","mechanism-explanation","psychomotor-skill","source.private.daniels.mainsprings","[""source.external.ciechanowski-mechanical-watch"",""source.external.17jewels""]","[""source.external.17jewels"",""source.external.ciechanowski-mechanical-watch"",""source.private.daniels.mainsprings [p.272-297; Mainsprings and Accessories]""]","page-or-figure","[]","[]","[]","1/1 declared visuals ready or approved","[""multi-angle physical demonstration and reviewed result""]","K","P","simulation","normal","unknown","[""lesson.title"",""lesson.purpose"",""lesson.objectives[0]"",""lesson.objectives[1]"",""lesson.objectives[2]"",""activity.encyclopedia.mechanical-energy-trains.muelle-real-y-barrilete.title"",""activity.encyclopedia.mechanical-energy-trains.muelle-real-y-barrilete.description""]","[""identical-english-spanish"",""redundant-names"",""overbroad-citation"",""ocr-formula-unverified"",""template-conditioned-content"",""automatic-segmentation-break"",""single-lesson-module""]","needs-source-review","manual-review","high","75","[{""reason"":""incidencias ponderadas"",""points"":59},{""reason"":""fundamentos mecánicos"",""points"":16}]","Campos localizados en inglés repiten literalmente el español. Los nombres de módulo y lección son redundantes. Una o más fuentes se citan a nivel de capítulo, documento o sin localizador. Una fórmula vinculada a material OCR no consta como verificada visualmente.","true"
"wplab.horology.watchmaking-encyclopedia","1.1.0","route.encyclopedia.mechanical-energy-trains","module.encyclopedia.mechanical-energy-trains.cuerda-clic-y-automatico","lesson.encyclopedia.mechanical-energy-trains.cuerda-clic-y-automatico","Cuerda manual, rochete, rueda de corona y sistema automático","81","10","2","1","conceptual-model / explanation","2-understand-mechanical-systems","","Explicar Cuerda manual, rochete, rueda de corona y sistema automático mediante relaciones causales.","specific-observable","system-overview","manufacturing","source.private.daniels.mainsprings","[""source.official.miyota.8215"",""source.external.animagraffs-mechanical-watch""]","[""source.external.animagraffs-mechanical-watch"",""source.official.miyota.8215"",""source.private.daniels.mainsprings [p.272-297; Mainsprings and Accessories]""]","page-or-figure","[""concept.encyclopedia.mechanical-energy-trains.muelle-real-y-barrilete.muelle-real"",""concept.encyclopedia.mechanical-energy-trains.muelle-real-y-barrilete.arbol-de-barrilete"",""concept.encyclopedia.mechanical-energy-trains.muelle-real-y-barrilete.curva-de-par""]","[]","[]","0/0 declared visuals ready or approved","[""dimensioned drawing, workholding, and operation states""]","K","R","simulation","normal","unknown","[""lesson.title"",""lesson.purpose"",""lesson.objectives[0]"",""lesson.objectives[1]"",""lesson.objectives[2]"",""activity.encyclopedia.mechanical-energy-trains.cuerda-clic-y-automatico.title"",""activity.encyclopedia.mechanical-energy-trains.cuerda-clic-y-automatico.description""]","[""identical-english-spanish"",""redundant-names"",""overbroad-citation"",""ocr-formula-unverified"",""inadequate-visual-support"",""template-conditioned-content"",""automatic-segmentation-break"",""single-lesson-module""]","needs-source-review","manual-review","high","76","[{""reason"":""incidencias ponderadas"",""points"":60},{""reason"":""fundamentos mecánicos"",""points"":16}]","Campos localizados en inglés repiten literalmente el español. Los nombres de módulo y lección son redundantes. Una o más fuentes se citan a nivel de capítulo, documento o sin localizador. Una fórmula vinculada a material OCR no consta como verificada visualmente.","true"
"wplab.horology.watchmaking-encyclopedia","1.1.0","route.encyclopedia.mechanical-energy-trains","module.encyclopedia.mechanical-energy-trains.dentado-y-engranes","lesson.encyclopedia.mechanical-energy-trains.dentado-y-engranes","Dentado relojero y condiciones de engrane","82","10","3","1","conceptual-model / explanation","2-understand-mechanical-systems","","Explicar Dentado relojero y condiciones de engrane mediante relaciones causales.","specific-observable","mechanism-explanation","psychomotor-skill","source.private.daniels.wheels-pinions","[""source.private.vba-uhrentechnik"",""source.external.eta-swisslab-6497""]","[""source.external.eta-swisslab-6497"",""source.private.daniels.wheels-pinions [p.123-167; Wheels and Pinions]"",""source.private.vba-uhrentechnik""]","page-or-figure","[""concept.encyclopedia.mechanical-energy-trains.cuerda-clic-y-automatico.rochete"",""concept.encyclopedia.mechanical-energy-trains.cuerda-clic-y-automatico.clic"",""concept.encyclopedia.mechanical-energy-trains.cuerda-clic-y-automatico.reversor-automatico""]","[]","[]","1/1 declared visuals ready or approved","[""multi-angle physical demonstration and reviewed result""]","K","P","simulation","normal","unknown","[""lesson.title"",""lesson.purpose"",""lesson.objectives[0]"",""lesson.objectives[1]"",""lesson.objectives[2]"",""activity.encyclopedia.mechanical-energy-trains.dentado-y-engranes.title"",""activity.encyclopedia.mechanical-energy-trains.dentado-y-engranes.description""]","[""identical-english-spanish"",""redundant-names"",""overbroad-citation"",""ocr-formula-unverified"",""template-conditioned-content"",""automatic-segmentation-break"",""single-lesson-module""]","needs-source-review","manual-review","high","75","[{""reason"":""incidencias ponderadas"",""points"":59},{""reason"":""fundamentos mecánicos"",""points"":16}]","Campos localizados en inglés repiten literalmente el español. Los nombres de módulo y lección son redundantes. Una o más fuentes se citan a nivel de capítulo, documento o sin localizador. Una fórmula vinculada a material OCR no consta como verificada visualmente.","true"
"wplab.horology.watchmaking-encyclopedia","1.1.0","route.encyclopedia.mechanical-energy-trains","module.encyclopedia.mechanical-energy-trains.relaciones-y-arquitectura-del-tren","lesson.encyclopedia.mechanical-energy-trains.relaciones-y-arquitectura-del-tren","Relaciones, velocidades y arquitectura del tren","83","10","4","1","conceptual-model / explanation","2-understand-mechanical-systems","","Explicar Relaciones, velocidades y arquitectura del tren mediante relaciones causales.","specific-observable","calculation","psychomotor-skill","source.private.daniels.movement-design","[""source.private.daniels.wheels-pinions"",""source.private.vba-uhrentechnik""]","[""source.private.daniels.movement-design [p.298-335; Movement Design]"",""source.private.daniels.wheels-pinions [p.123-167; Wheels and Pinions]"",""source.private.vba-uhrentechnik""]","page-or-figure","[""concept.encyclopedia.mechanical-energy-trains.dentado-y-engranes.diametro-primitivo"",""concept.encyclopedia.mechanical-energy-trains.dentado-y-engranes.depthing"",""concept.encyclopedia.mechanical-energy-trains.dentado-y-engranes.linea-de-accion""]","[]","[]","1/1 declared visuals ready or approved","[""multi-angle physical demonstration and reviewed result""]","K","P","simulation","normal","unknown","[""lesson.title"",""lesson.purpose"",""lesson.objectives[0]"",""lesson.objectives[1]"",""lesson.objectives[2]"",""activity.encyclopedia.mechanical-energy-trains.relaciones-y-arquitectura-del-tren.title"",""activity.encyclopedia.mechanical-energy-trains.relaciones-y-arquitectura-del-tren.description""]","[""identical-english-spanish"",""redundant-names"",""overbroad-citation"",""ocr-formula-unverified"",""template-conditioned-content"",""automatic-segmentation-break"",""single-lesson-module""]","needs-source-review","manual-review","high","75","[{""reason"":""incidencias ponderadas"",""points"":59},{""reason"":""fundamentos mecánicos"",""points"":16}]","Campos localizados en inglés repiten literalmente el español. Los nombres de módulo y lección son redundantes. Una o más fuentes se citan a nivel de capítulo, documento o sin localizador. Una fórmula vinculada a material OCR no consta como verificada visualmente.","true"
"wplab.horology.watchmaking-encyclopedia","1.1.0","route.encyclopedia.mechanical-energy-trains","module.encyclopedia.mechanical-energy-trains.pivotes-rubies-y-puentes","lesson.encyclopedia.mechanical-energy-trains.pivotes-rubies-y-puentes","Pivotes, rubíes, juegos, platina y puentes","84","10","5","1","conceptual-model / explanation","2-understand-mechanical-systems","","Explicar Pivotes, rubíes, juegos, platina y puentes mediante relaciones causales.","specific-observable","mechanism-explanation","psychomotor-skill","source.private.daniels.jewelling","[""source.private.daniels.turning"",""source.external.naked-watchmaker""]","[""source.external.naked-watchmaker"",""source.private.daniels.jewelling [p.195-213; Jewelling]"",""source.private.daniels.turning [p.91-122; Turning]""]","page-or-figure","[""concept.encyclopedia.mechanical-energy-trains.relaciones-y-arquitectura-del-tren.movil-compuesto"",""concept.encyclopedia.mechanical-energy-trains.relaciones-y-arquitectura-del-tren.relacion-de-transmision"",""concept.encyclopedia.mechanical-energy-trains.relaciones-y-arquitectura-del-tren.cadena-cinematica""]","[]","[]","0/0 declared visuals ready or approved","[""multi-angle physical demonstration and reviewed result""]","K","P","simulation","normal","unknown","[""lesson.title"",""lesson.purpose"",""lesson.objectives[0]"",""lesson.objectives[1]"",""lesson.objectives[2]"",""activity.encyclopedia.mechanical-energy-trains.pivotes-rubies-y-puentes.title"",""activity.encyclopedia.mechanical-energy-trains.pivotes-rubies-y-puentes.description""]","[""identical-english-spanish"",""redundant-names"",""overbroad-citation"",""ocr-formula-unverified"",""inadequate-visual-support"",""template-conditioned-content"",""automatic-segmentation-break"",""single-lesson-module""]","needs-source-review","manual-review","high","76","[{""reason"":""incidencias ponderadas"",""points"":60},{""reason"":""fundamentos mecánicos"",""points"":16}]","Campos localizados en inglés repiten literalmente el español. Los nombres de módulo y lección son redundantes. Una o más fuentes se citan a nivel de capítulo, documento o sin localizador. Una fórmula vinculada a material OCR no consta como verificada visualmente.","true"
"wplab.horology.watchmaking-encyclopedia","1.1.0","route.encyclopedia.mechanical-energy-trains","module.encyclopedia.mechanical-energy-trains.minuteria-y-puesta-en-hora","lesson.encyclopedia.mechanical-energy-trains.minuteria-y-puesta-en-hora","Minutería, cañón de minutos y puesta en hora","85","10","6","1","conceptual-model / explanation","2-understand-mechanical-systems","","Explicar Minutería, cañón de minutos y puesta en hora mediante relaciones causales.","specific-observable","mechanism-explanation","psychomotor-skill","source.private.daniels.movement-design","[""source.official.miyota.8215"",""source.external.ciechanowski-mechanical-watch""]","[""source.external.ciechanowski-mechanical-watch"",""source.official.miyota.8215"",""source.private.daniels.movement-design [p.298-335; Movement Design]""]","page-or-figure","[""concept.encyclopedia.mechanical-energy-trains.pivotes-rubies-y-puentes.juego-radial"",""concept.encyclopedia.mechanical-energy-trains.pivotes-rubies-y-puentes.juego-axial"",""concept.encyclopedia.mechanical-energy-trains.pivotes-rubies-y-puentes.piedra-de-contrapivote""]","[]","[]","0/0 declared visuals ready or approved","[""multi-angle physical demonstration and reviewed result""]","K","P","simulation","normal","unknown","[""lesson.title"",""lesson.purpose"",""lesson.objectives[0]"",""lesson.objectives[1]"",""lesson.objectives[2]"",""activity.encyclopedia.mechanical-energy-trains.minuteria-y-puesta-en-hora.title"",""activity.encyclopedia.mechanical-energy-trains.minuteria-y-puesta-en-hora.description""]","[""identical-english-spanish"",""foreign-lesson-title"",""redundant-names"",""overbroad-citation"",""ocr-formula-unverified"",""inadequate-visual-support"",""template-conditioned-content"",""automatic-segmentation-break"",""single-lesson-module""]","needs-source-review","manual-review","high","76","[{""reason"":""incidencias ponderadas"",""points"":60},{""reason"":""fundamentos mecánicos"",""points"":16}]","Campos localizados en inglés repiten literalmente el español. El cuerpo contiene el título de otra lección; puede ser referencia válida o contaminación de plantilla. Los nombres de módulo y lección son redundantes. Una o más fuentes se citan a nivel de capítulo, documento o sin localizador.","true"
"wplab.horology.watchmaking-encyclopedia","1.1.0","route.encyclopedia.mechanical-energy-trains","module.encyclopedia.mechanical-energy-trains.toh-movimiento-simple","lesson.encyclopedia.mechanical-energy-trains.toh-movimiento-simple","Movimiento mecánico simple como sistema cerrado","86","10","7","1","conceptual-model / explanation","2-understand-mechanical-systems","","Explicar Movimiento mecánico simple como sistema cerrado mediante relaciones causales.","specific-observable","system-overview","psychomotor-skill","source.private.toh.ch03","[""source.private.daniels.movement-design"",""source.encyclopedia.original-synthesis""]","[""source.encyclopedia.original-synthesis"",""source.private.daniels.movement-design [p.298-335; Movement Design]"",""source.private.toh.ch03 [p.32-44; 3]""]","page-or-figure","[""concept.encyclopedia.mechanical-energy-trains.minuteria-y-puesta-en-hora.canon-de-minutos"",""concept.encyclopedia.mechanical-energy-trains.minuteria-y-puesta-en-hora.rueda-de-minuteria"",""concept.encyclopedia.mechanical-energy-trains.minuteria-y-puesta-en-hora.puesta-en-hora""]","[]","[]","1/1 declared visuals ready or approved","[""multi-angle physical demonstration and reviewed result""]","K","P","simulation","normal","mixed","[""lesson.title"",""lesson.purpose"",""lesson.objectives[0]"",""lesson.objectives[1]"",""lesson.objectives[2]"",""activity.encyclopedia.mechanical-energy-trains.toh-movimiento-simple.title"",""activity.encyclopedia.mechanical-energy-trains.toh-movimiento-simple.description""]","[""identical-english-spanish"",""redundant-names"",""overbroad-citation"",""ocr-formula-unverified"",""modern-safety-source-required"",""template-conditioned-content"",""automatic-segmentation-break"",""single-lesson-module""]","needs-safety-review","manual-review","high","76","[{""reason"":""incidencias ponderadas"",""points"":60},{""reason"":""fundamentos mecánicos"",""points"":16}]","Campos localizados en inglés repiten literalmente el español. Los nombres de módulo y lección son redundantes. Una o más fuentes se citan a nivel de capítulo, documento o sin localizador. Una fórmula vinculada a material OCR no consta como verificada visualmente.","true"
"wplab.horology.watchmaking-encyclopedia","1.1.0","route.encyclopedia.mechanical-energy-trains","module.encyclopedia.mechanical-energy-trains.toh-muelle-par","lesson.encyclopedia.mechanical-energy-trains.toh-muelle-par","Muelle real: energía, par y curva de entrega","87","10","8","1","conceptual-model / explanation","2-understand-mechanical-systems","","Explicar Muelle real: energía, par y curva de entrega mediante relaciones causales.","specific-observable","mechanism-explanation","psychomotor-skill","source.private.toh.ch04","[""source.private.daniels.mainsprings"",""source.encyclopedia.original-synthesis""]","[""source.encyclopedia.original-synthesis"",""source.private.daniels.mainsprings [p.272-297; Mainsprings and Accessories]"",""source.private.toh.ch04 [p.45-62; 4]""]","page-or-figure","[""concept.encyclopedia.mechanical-energy-trains.toh-movimiento-simple.cadena-energetica"",""concept.encyclopedia.mechanical-energy-trains.toh-movimiento-simple.cadena-informativa"",""concept.encyclopedia.mechanical-energy-trains.toh-movimiento-simple.estado-de-carga""]","[]","[]","1/1 declared visuals ready or approved","[""multi-angle physical demonstration and reviewed result""]","K","P","simulation","normal","mixed","[""lesson.title"",""lesson.purpose"",""lesson.objectives[0]"",""lesson.objectives[1]"",""lesson.objectives[2]"",""activity.encyclopedia.mechanical-energy-trains.toh-muelle-par.title"",""activity.encyclopedia.mechanical-energy-trains.toh-muelle-par.description""]","[""identical-english-spanish"",""redundant-names"",""overbroad-citation"",""ocr-formula-unverified"",""modern-safety-source-required"",""template-conditioned-content"",""automatic-segmentation-break"",""single-lesson-module""]","needs-safety-review","manual-review","high","76","[{""reason"":""incidencias ponderadas"",""points"":60},{""reason"":""fundamentos mecánicos"",""points"":16}]","Campos localizados en inglés repiten literalmente el español. Los nombres de módulo y lección son redundantes. Una o más fuentes se citan a nivel de capítulo, documento o sin localizador. Una fórmula vinculada a material OCR no consta como verificada visualmente.","true"
"wplab.horology.watchmaking-encyclopedia","1.1.0","route.encyclopedia.mechanical-energy-trains","module.encyclopedia.mechanical-energy-trains.toh-barrilete-arquitecturas","lesson.encyclopedia.mechanical-energy-trains.toh-barrilete-arquitecturas","Barrilete, árbol, tambor y apoyos","88","10","9","1","conceptual-model / explanation","2-understand-mechanical-systems","","Explicar Barrilete, árbol, tambor y apoyos mediante relaciones causales.","specific-observable","mechanism-explanation","psychomotor-skill","source.private.toh.ch04","[""source.private.chicago.6"",""source.encyclopedia.original-synthesis""]","[""source.encyclopedia.original-synthesis"",""source.private.chicago.6 [Motor and jeweled barrels]"",""source.private.toh.ch04 [p.45-62; 4]""]","page-or-figure","[""concept.encyclopedia.mechanical-energy-trains.toh-muelle-par.curva-de-par"",""concept.encyclopedia.mechanical-energy-trains.toh-muelle-par.numero-de-vueltas-utiles"",""concept.encyclopedia.mechanical-energy-trains.toh-muelle-par.brida-deslizante""]","[]","[]","1/1 declared visuals ready or approved","[""multi-angle physical demonstration and reviewed result""]","K","P","simulation","normal","historical-context","[""lesson.title"",""lesson.purpose"",""lesson.objectives[0]"",""lesson.objectives[1]"",""lesson.objectives[2]"",""activity.encyclopedia.mechanical-energy-trains.toh-barrilete-arquitecturas.title"",""activity.encyclopedia.mechanical-energy-trains.toh-barrilete-arquitecturas.description""]","[""identical-english-spanish"",""redundant-names"",""overbroad-citation"",""modern-safety-source-required"",""template-conditioned-content"",""automatic-segmentation-break"",""single-lesson-module""]","needs-safety-review","manual-review","high","75","[{""reason"":""incidencias ponderadas"",""points"":59},{""reason"":""fundamentos mecánicos"",""points"":16}]","Campos localizados en inglés repiten literalmente el español. Los nombres de módulo y lección son redundantes. Una o más fuentes se citan a nivel de capítulo, documento o sin localizador. El procedimiento necesita una fuente moderna de seguridad antes de cualquier uso operativo.","true"
"wplab.horology.watchmaking-encyclopedia","1.1.0","route.encyclopedia.mechanical-energy-trains","module.encyclopedia.mechanical-energy-trains.toh-engranaje-geometria","lesson.encyclopedia.mechanical-energy-trains.toh-engranaje-geometria","Geometría del engrane relojero","89","10","10","1","conceptual-model / explanation","2-understand-mechanical-systems","","Explicar Geometría del engrane relojero mediante relaciones causales.","specific-observable","mechanism-explanation","psychomotor-skill","source.private.toh.ch05","[""source.private.vba-uhrentechnik"",""source.encyclopedia.original-synthesis""]","[""source.encyclopedia.original-synthesis"",""source.private.toh.ch05 [p.63-99; 5]"",""source.private.vba-uhrentechnik""]","page-or-figure","[""concept.encyclopedia.mechanical-energy-trains.toh-barrilete-arquitecturas.going-barrel"",""concept.encyclopedia.mechanical-energy-trains.toh-barrilete-arquitecturas.motor-barrel"",""concept.encyclopedia.mechanical-energy-trains.toh-barrilete-arquitecturas.apoyo-del-arbol""]","[]","[]","1/1 declared visuals ready or approved","[""multi-angle physical demonstration and reviewed result""]","K","P","simulation","normal","mixed","[""lesson.title"",""lesson.purpose"",""lesson.objectives[0]"",""lesson.objectives[1]"",""lesson.objectives[2]"",""activity.encyclopedia.mechanical-energy-trains.toh-engranaje-geometria.title"",""activity.encyclopedia.mechanical-energy-trains.toh-engranaje-geometria.description""]","[""identical-english-spanish"",""redundant-names"",""overbroad-citation"",""ocr-formula-unverified"",""modern-safety-source-required"",""template-conditioned-content"",""automatic-segmentation-break"",""single-lesson-module""]","needs-safety-review","manual-review","high","76","[{""reason"":""incidencias ponderadas"",""points"":60},{""reason"":""fundamentos mecánicos"",""points"":16}]","Campos localizados en inglés repiten literalmente el español. Los nombres de módulo y lección son redundantes. Una o más fuentes se citan a nivel de capítulo, documento o sin localizador. Una fórmula vinculada a material OCR no consta como verificada visualmente.","true"
"wplab.horology.watchmaking-encyclopedia","1.1.0","route.encyclopedia.mechanical-energy-trains","module.encyclopedia.mechanical-energy-trains.toh-relaciones-tren","lesson.encyclopedia.mechanical-energy-trains.toh-relaciones-tren","Relaciones del tren y sentido de giro","90","10","11","1","conceptual-model / explanation","2-understand-mechanical-systems","","Explicar Relaciones del tren y sentido de giro mediante relaciones causales.","specific-observable","calculation","psychomotor-skill","source.private.toh.ch05","[""source.private.vba-uhrentechnik"",""source.encyclopedia.original-synthesis""]","[""source.encyclopedia.original-synthesis"",""source.private.toh.ch05 [p.63-99; 5]"",""source.private.vba-uhrentechnik""]","page-or-figure","[""concept.encyclopedia.mechanical-energy-trains.toh-engranaje-geometria.modulo"",""concept.encyclopedia.mechanical-energy-trains.toh-engranaje-geometria.distancia-entre-centros"",""concept.encyclopedia.mechanical-energy-trains.toh-engranaje-geometria.arco-de-conduccion""]","[]","[]","1/1 declared visuals ready or approved","[""multi-angle physical demonstration and reviewed result""]","K","P","simulation","normal","mixed","[""lesson.title"",""lesson.purpose"",""lesson.objectives[0]"",""lesson.objectives[1]"",""lesson.objectives[2]"",""activity.encyclopedia.mechanical-energy-trains.toh-relaciones-tren.title"",""activity.encyclopedia.mechanical-energy-trains.toh-relaciones-tren.description""]","[""identical-english-spanish"",""redundant-names"",""overbroad-citation"",""ocr-formula-unverified"",""modern-safety-source-required"",""template-conditioned-content"",""automatic-segmentation-break"",""single-lesson-module""]","needs-safety-review","manual-review","high","76","[{""reason"":""incidencias ponderadas"",""points"":60},{""reason"":""fundamentos mecánicos"",""points"":16}]","Campos localizados en inglés repiten literalmente el español. Los nombres de módulo y lección son redundantes. Una o más fuentes se citan a nivel de capítulo, documento o sin localizador. Una fórmula vinculada a material OCR no consta como verificada visualmente.","true"
"wplab.horology.watchmaking-encyclopedia","1.1.0","route.encyclopedia.mechanical-energy-trains","module.encyclopedia.mechanical-energy-trains.toh-potencia-tren","lesson.encyclopedia.mechanical-energy-trains.toh-potencia-tren","Par, velocidad, potencia y pérdidas en el tren","91","10","12","1","conceptual-model / explanation","2-understand-mechanical-systems","","Explicar Par, velocidad, potencia y pérdidas en el tren mediante relaciones causales.","specific-observable","mechanism-explanation","psychomotor-skill","source.private.toh.ch05","[""source.private.daniels.wheels-pinions"",""source.encyclopedia.original-synthesis""]","[""source.encyclopedia.original-synthesis"",""source.private.daniels.wheels-pinions [p.123-167; Wheels and Pinions]"",""source.private.toh.ch05 [p.63-99; 5]""]","page-or-figure","[""concept.encyclopedia.mechanical-energy-trains.toh-relaciones-tren.relacion-de-transmision"",""concept.encyclopedia.mechanical-energy-trains.toh-relaciones-tren.tren-compuesto"",""concept.encyclopedia.mechanical-energy-trains.toh-relaciones-tren.sentido-alternante""]","[]","[]","1/1 declared visuals ready or approved","[""multi-angle physical demonstration and reviewed result""]","K","P","simulation","normal","mixed","[""lesson.title"",""lesson.purpose"",""lesson.objectives[0]"",""lesson.objectives[1]"",""lesson.objectives[2]"",""activity.encyclopedia.mechanical-energy-trains.toh-potencia-tren.title"",""activity.encyclopedia.mechanical-energy-trains.toh-potencia-tren.description""]","[""identical-english-spanish"",""redundant-names"",""overbroad-citation"",""ocr-formula-unverified"",""modern-safety-source-required"",""template-conditioned-content"",""automatic-segmentation-break"",""single-lesson-module""]","needs-safety-review","manual-review","high","76","[{""reason"":""incidencias ponderadas"",""points"":60},{""reason"":""fundamentos mecánicos"",""points"":16}]","Campos localizados en inglés repiten literalmente el español. Los nombres de módulo y lección son redundantes. Una o más fuentes se citan a nivel de capítulo, documento o sin localizador. Una fórmula vinculada a material OCR no consta como verificada visualmente.","true"
"wplab.horology.watchmaking-encyclopedia","1.1.0","route.encyclopedia.mechanical-energy-trains","module.encyclopedia.mechanical-energy-trains.toh-minuteria-friccion","lesson.encyclopedia.mechanical-energy-trains.toh-minuteria-friccion","Acoplamiento de minutería y ajuste manual","92","10","13","1","conceptual-model / explanation","2-understand-mechanical-systems","","Explicar Acoplamiento de minutería y ajuste manual mediante relaciones causales.","specific-observable","mechanism-explanation","psychomotor-skill","source.private.toh.ch05","[""source.private.chicago.9"",""source.encyclopedia.original-synthesis""]","[""source.encyclopedia.original-synthesis"",""source.private.chicago.9 [Winding and setting]"",""source.private.toh.ch05 [p.63-99; 5]""]","page-or-figure","[""concept.encyclopedia.mechanical-energy-trains.toh-potencia-tren.rendimiento-de-etapa"",""concept.encyclopedia.mechanical-energy-trains.toh-potencia-tren.margen-de-par"",""concept.encyclopedia.mechanical-energy-trains.toh-potencia-tren.perdida-parasitaria""]","[]","[]","1/1 declared visuals ready or approved","[""multi-angle physical demonstration and reviewed result""]","K","P","simulation","normal","historical-context","[""lesson.title"",""lesson.purpose"",""lesson.objectives[0]"",""lesson.objectives[1]"",""lesson.objectives[2]"",""activity.encyclopedia.mechanical-energy-trains.toh-minuteria-friccion.title"",""activity.encyclopedia.mechanical-energy-trains.toh-minuteria-friccion.description""]","[""identical-english-spanish"",""redundant-names"",""overbroad-citation"",""modern-safety-source-required"",""template-conditioned-content"",""automatic-segmentation-break"",""single-lesson-module""]","needs-safety-review","manual-review","high","75","[{""reason"":""incidencias ponderadas"",""points"":59},{""reason"":""fundamentos mecánicos"",""points"":16}]","Campos localizados en inglés repiten literalmente el español. Los nombres de módulo y lección son redundantes. Una o más fuentes se citan a nivel de capítulo, documento o sin localizador. El procedimiento necesita una fuente moderna de seguridad antes de cualquier uso operativo.","true"
"wplab.horology.watchmaking-encyclopedia","1.1.0","route.encyclopedia.mechanical-energy-trains","module.encyclopedia.mechanical-energy-trains.chicago-muelles-seleccion","lesson.encyclopedia.mechanical-energy-trains.chicago-muelles-seleccion","Expediente Chicago III: selección de muelle real","93","10","14","1","conceptual-model / explanation","2-understand-mechanical-systems","","Explicar Expediente Chicago III: selección de muelle real mediante relaciones causales.","specific-observable","mechanism-explanation","psychomotor-skill","source.private.chicago.5","[""source.private.chicago.7"",""source.private.toh.ch04"",""source.encyclopedia.original-synthesis""]","[""source.private.chicago.5 [Mainsprings]"",""source.private.chicago.7 [Selecting a mainspring]"",""source.private.toh.ch04 [p.45-62; 4]""]","page-or-figure","[""concept.encyclopedia.mechanical-energy-trains.toh-minuteria-friccion.canon-de-minutos"",""concept.encyclopedia.mechanical-energy-trains.toh-minuteria-friccion.rueda-de-minuteria"",""concept.encyclopedia.mechanical-energy-trains.toh-minuteria-friccion.par-de-arrastre""]","[]","[]","0/0 declared visuals ready or approved","[""multi-angle physical demonstration and reviewed result""]","K","P","simulation","normal","historical-context","[""lesson.title"",""lesson.purpose"",""lesson.objectives[0]"",""lesson.objectives[1]"",""lesson.objectives[2]"",""activity.encyclopedia.mechanical-energy-trains.chicago-muelles-seleccion.title"",""activity.encyclopedia.mechanical-energy-trains.chicago-muelles-seleccion.description""]","[""identical-english-spanish"",""redundant-names"",""overbroad-citation"",""modern-safety-source-required"",""inadequate-visual-support"",""template-conditioned-content"",""automatic-segmentation-break"",""single-lesson-module""]","needs-safety-review","manual-review","high","76","[{""reason"":""incidencias ponderadas"",""points"":60},{""reason"":""fundamentos mecánicos"",""points"":16}]","Campos localizados en inglés repiten literalmente el español. Los nombres de módulo y lección son redundantes. Una o más fuentes se citan a nivel de capítulo, documento o sin localizador. El procedimiento necesita una fuente moderna de seguridad antes de cualquier uso operativo.","true"
"wplab.horology.watchmaking-encyclopedia","1.1.0","route.encyclopedia.mechanical-energy-trains","module.encyclopedia.mechanical-energy-trains.chicago-barriletes-especiales","lesson.encyclopedia.mechanical-energy-trains.chicago-barriletes-especiales","Expediente Chicago IV: barriletes motor, enjoyados y stopwork","94","10","15","1","transfer / explanation","2-understand-mechanical-systems","","Explicar Expediente Chicago IV: barriletes motor, enjoyados y stopwork mediante relaciones causales.","specific-observable","mechanism-explanation","psychomotor-skill","source.private.chicago.6","[""source.private.toh.ch04"",""source.encyclopedia.original-synthesis""]","[""source.encyclopedia.original-synthesis"",""source.private.chicago.6 [Motor and jeweled barrels]"",""source.private.toh.ch04 [p.45-62; 4]""]","page-or-figure","[""concept.encyclopedia.mechanical-energy-trains.chicago-muelles-seleccion.factor-de-ocupacion"",""concept.encyclopedia.mechanical-energy-trains.chicago-muelles-seleccion.gancho-de-muelle"",""concept.encyclopedia.mechanical-energy-trains.chicago-muelles-seleccion.reconstruccion-dimensional""]","[]","[]","0/0 declared visuals ready or approved","[""multi-angle physical demonstration and reviewed result""]","K","P","simulation","normal","historical-context","[""lesson.title"",""lesson.purpose"",""lesson.objectives[0]"",""lesson.objectives[1]"",""lesson.objectives[2]"",""activity.encyclopedia.mechanical-energy-trains.chicago-barriletes-especiales.title"",""activity.encyclopedia.mechanical-energy-trains.chicago-barriletes-especiales.description""]","[""identical-english-spanish"",""redundant-names"",""overbroad-citation"",""modern-safety-source-required"",""inadequate-visual-support"",""template-conditioned-content"",""automatic-segmentation-break"",""single-lesson-module""]","needs-safety-review","manual-review","high","76","[{""reason"":""incidencias ponderadas"",""points"":60},{""reason"":""fundamentos mecánicos"",""points"":16}]","Campos localizados en inglés repiten literalmente el español. Los nombres de módulo y lección son redundantes. Una o más fuentes se citan a nivel de capítulo, documento o sin localizador. El procedimiento necesita una fuente moderna de seguridad antes de cualquier uso operativo.","true"
"wplab.horology.watchmaking-encyclopedia","1.1.0","route.encyclopedia.escapements-chronometry","module.encyclopedia.escapements-chronometry.ciclo-del-ancora-suiza","lesson.encyclopedia.escapements-chronometry.ciclo-del-ancora-suiza","Ciclo completo del escape de áncora suiza","95","11","1","1","conceptual-model / explanation","2-understand-mechanical-systems","","Explicar Ciclo completo del escape de áncora suiza mediante relaciones causales.","specific-observable","mechanism-explanation","psychomotor-skill","source.private.daniels.escapements","[""source.external.ciechanowski-mechanical-watch"",""source.external.horlogerie-suisse""]","[""source.external.ciechanowski-mechanical-watch"",""source.external.horlogerie-suisse"",""source.private.daniels.escapements [p.214-271; Escapements]""]","page-or-figure","[]","[]","[]","1/1 declared visuals ready or approved","[""multi-angle physical demonstration and reviewed result""]","K","P","simulation","normal","unknown","[""lesson.title"",""lesson.purpose"",""lesson.objectives[0]"",""lesson.objectives[1]"",""lesson.objectives[2]"",""activity.encyclopedia.escapements-chronometry.ciclo-del-ancora-suiza.title"",""activity.encyclopedia.escapements-chronometry.ciclo-del-ancora-suiza.description""]","[""identical-english-spanish"",""redundant-names"",""overbroad-citation"",""ocr-formula-unverified"",""template-conditioned-content"",""automatic-segmentation-break"",""single-lesson-module""]","needs-source-review","manual-review","high","75","[{""reason"":""incidencias ponderadas"",""points"":59},{""reason"":""fundamentos mecánicos"",""points"":16}]","Campos localizados en inglés repiten literalmente el español. Los nombres de módulo y lección son redundantes. Una o más fuentes se citan a nivel de capítulo, documento o sin localizador. Una fórmula vinculada a material OCR no consta como verificada visualmente.","true"
"wplab.horology.watchmaking-encyclopedia","1.1.0","route.encyclopedia.escapements-chronometry","module.encyclopedia.escapements-chronometry.geometria-del-escape","lesson.encyclopedia.escapements-chronometry.geometria-del-escape","Bloqueo, draw, caída, impulso y seguridad","96","11","2","1","conceptual-model / explanation","2-understand-mechanical-systems","","Explicar Bloqueo, draw, caída, impulso y seguridad mediante relaciones causales.","specific-observable","mechanism-explanation","psychomotor-skill","source.private.daniels.escapements","[""source.private.vba-uhrentechnik"",""source.external.eta-swisslab-6497""]","[""source.external.eta-swisslab-6497"",""source.private.daniels.escapements [p.214-271; Escapements]"",""source.private.vba-uhrentechnik""]","page-or-figure","[""concept.encyclopedia.escapements-chronometry.ciclo-del-ancora-suiza.paleta-de-entrada"",""concept.encyclopedia.escapements-chronometry.ciclo-del-ancora-suiza.paleta-de-salida"",""concept.encyclopedia.escapements-chronometry.ciclo-del-ancora-suiza.accion-perdida""]","[]","[]","1/1 declared visuals ready or approved","[""multi-angle physical demonstration and reviewed result""]","K","P","simulation","normal","unknown","[""lesson.title"",""lesson.purpose"",""lesson.objectives[0]"",""lesson.objectives[1]"",""lesson.objectives[2]"",""activity.encyclopedia.escapements-chronometry.geometria-del-escape.title"",""activity.encyclopedia.escapements-chronometry.geometria-del-escape.description""]","[""identical-english-spanish"",""redundant-names"",""overbroad-citation"",""ocr-formula-unverified"",""template-conditioned-content"",""automatic-segmentation-break"",""single-lesson-module""]","needs-source-review","manual-review","high","75","[{""reason"":""incidencias ponderadas"",""points"":59},{""reason"":""fundamentos mecánicos"",""points"":16}]","Campos localizados en inglés repiten literalmente el español. Los nombres de módulo y lección son redundantes. Una o más fuentes se citan a nivel de capítulo, documento o sin localizador. Una fórmula vinculada a material OCR no consta como verificada visualmente.","true"
"wplab.horology.watchmaking-encyclopedia","1.1.0","route.encyclopedia.escapements-chronometry","module.encyclopedia.escapements-chronometry.volante-y-espiral","lesson.encyclopedia.escapements-chronometry.volante-y-espiral","Volante, espiral, pitón, raqueta y frecuencia","97","11","3","1","conceptual-model / explanation","2-understand-mechanical-systems","","Explicar Volante, espiral, pitón, raqueta y frecuencia mediante relaciones causales.","specific-observable","mechanism-explanation","manufacturing","source.private.daniels.balance-spring","[""source.private.vba-uhrentechnik"",""source.external.horlogerie-suisse""]","[""source.external.horlogerie-suisse"",""source.private.daniels.balance-spring [p.336-370; The Balance and Spring]"",""source.private.vba-uhrentechnik""]","page-or-figure","[""concept.encyclopedia.escapements-chronometry.geometria-del-escape.draw"",""concept.encyclopedia.escapements-chronometry.geometria-del-escape.caida"",""concept.encyclopedia.escapements-chronometry.geometria-del-escape.seguridad-del-rodillo""]","[]","[]","1/1 declared visuals ready or approved","[""dimensioned drawing, workholding, and operation states""]","K","R","simulation","normal","unknown","[""lesson.title"",""lesson.purpose"",""lesson.objectives[0]"",""lesson.objectives[1]"",""lesson.objectives[2]"",""activity.encyclopedia.escapements-chronometry.volante-y-espiral.title"",""activity.encyclopedia.escapements-chronometry.volante-y-espiral.description""]","[""identical-english-spanish"",""redundant-names"",""overbroad-citation"",""ocr-formula-unverified"",""template-conditioned-content"",""automatic-segmentation-break"",""single-lesson-module""]","needs-source-review","manual-review","high","75","[{""reason"":""incidencias ponderadas"",""points"":59},{""reason"":""fundamentos mecánicos"",""points"":16}]","Campos localizados en inglés repiten literalmente el español. Los nombres de módulo y lección son redundantes. Una o más fuentes se citan a nivel de capítulo, documento o sin localizador. Una fórmula vinculada a material OCR no consta como verificada visualmente.","true"
"wplab.horology.watchmaking-encyclopedia","1.1.0","route.encyclopedia.escapements-chronometry","module.encyclopedia.escapements-chronometry.isocronismo-y-curvas-terminales","lesson.encyclopedia.escapements-chronometry.isocronismo-y-curvas-terminales","Isocronismo, punto de sujeción y curvas terminales","98","11","4","1","conceptual-model / explanation","2-understand-mechanical-systems","","Explicar Isocronismo, punto de sujeción y curvas terminales mediante relaciones causales.","specific-observable","mechanism-explanation","psychomotor-skill","source.private.daniels.balance-spring","[""source.private.vba-uhrentechnik"",""source.external.horology-student.books""]","[""source.external.horology-student.books"",""source.private.daniels.balance-spring [p.336-370; The Balance and Spring]"",""source.private.vba-uhrentechnik""]","page-or-figure","[""concept.encyclopedia.escapements-chronometry.volante-y-espiral.momento-de-inercia-del-volante"",""concept.encyclopedia.escapements-chronometry.volante-y-espiral.longitud-activa-de-espiral"",""concept.encyclopedia.escapements-chronometry.volante-y-espiral.respiracion-concentrica""]","[]","[]","0/0 declared visuals ready or approved","[""multi-angle physical demonstration and reviewed result""]","K","P","simulation","normal","unknown","[""lesson.title"",""lesson.purpose"",""lesson.objectives[0]"",""lesson.objectives[1]"",""lesson.objectives[2]"",""activity.encyclopedia.escapements-chronometry.isocronismo-y-curvas-terminales.title"",""activity.encyclopedia.escapements-chronometry.isocronismo-y-curvas-terminales.description""]","[""identical-english-spanish"",""redundant-names"",""overbroad-citation"",""ocr-formula-unverified"",""inadequate-visual-support"",""template-conditioned-content"",""automatic-segmentation-break"",""single-lesson-module""]","needs-source-review","manual-review","high","76","[{""reason"":""incidencias ponderadas"",""points"":60},{""reason"":""fundamentos mecánicos"",""points"":16}]","Campos localizados en inglés repiten literalmente el español. Los nombres de módulo y lección son redundantes. Una o más fuentes se citan a nivel de capítulo, documento o sin localizador. Una fórmula vinculada a material OCR no consta como verificada visualmente.","true"
"wplab.horology.watchmaking-encyclopedia","1.1.0","route.encyclopedia.escapements-chronometry","module.encyclopedia.escapements-chronometry.poising-beat-y-posiciones","lesson.encyclopedia.escapements-chronometry.poising-beat-y-posiciones","Poising, beat error y posiciones","99","11","5","1","conceptual-model / explanation","2-understand-mechanical-systems","","Explicar Poising, beat error y posiciones mediante relaciones causales.","specific-observable","mechanism-explanation","psychomotor-skill","source.private.daniels.balance-spring","[""source.private.vba-uhrentechnik"",""source.institutional.wostep.watchmaker""]","[""source.institutional.wostep.watchmaker"",""source.private.daniels.balance-spring [p.336-370; The Balance and Spring]"",""source.private.vba-uhrentechnik""]","page-or-figure","[""concept.encyclopedia.escapements-chronometry.isocronismo-y-curvas-terminales.isocronismo"",""concept.encyclopedia.escapements-chronometry.isocronismo-y-curvas-terminales.curva-terminal"",""concept.encyclopedia.escapements-chronometry.isocronismo-y-curvas-terminales.error-circular""]","[]","[]","0/0 declared visuals ready or approved","[""multi-angle physical demonstration and reviewed result""]","K","P","home-bench","normal","unknown","[""lesson.title"",""lesson.purpose"",""lesson.objectives[0]"",""lesson.objectives[1]"",""lesson.objectives[2]"",""activity.encyclopedia.escapements-chronometry.poising-beat-y-posiciones.title"",""activity.encyclopedia.escapements-chronometry.poising-beat-y-posiciones.description""]","[""identical-english-spanish"",""redundant-names"",""overbroad-citation"",""ocr-formula-unverified"",""inadequate-visual-support"",""template-conditioned-content"",""automatic-segmentation-break"",""single-lesson-module"",""physical-skill-digital-only""]","needs-source-review","manual-review","high","76","[{""reason"":""incidencias ponderadas"",""points"":60},{""reason"":""fundamentos mecánicos"",""points"":16}]","Campos localizados en inglés repiten literalmente el español. Los nombres de módulo y lección son redundantes. Una o más fuentes se citan a nivel de capítulo, documento o sin localizador. Una fórmula vinculada a material OCR no consta como verificada visualmente.","true"
"wplab.horology.watchmaking-encyclopedia","1.1.0","route.encyclopedia.escapements-chronometry","module.encyclopedia.escapements-chronometry.cronocomparador-y-prueba","lesson.encyclopedia.escapements-chronometry.cronocomparador-y-prueba","Cronocomparador, reserva y validación cronométrica","100","11","6","1","conceptual-model / explanation","2-understand-mechanical-systems","","Explicar Cronocomparador, reserva y validación cronométrica mediante relaciones causales.","specific-observable","mechanism-explanation","psychomotor-skill","source.institutional.awci.standards","[""source.institutional.wostep.watchmaker"",""source.private.vba-uhrentechnik""]","[""source.institutional.awci.standards"",""source.institutional.wostep.watchmaker"",""source.private.vba-uhrentechnik""]","document","[""concept.encyclopedia.escapements-chronometry.poising-beat-y-posiciones.poising-estatico"",""concept.encyclopedia.escapements-chronometry.poising-beat-y-posiciones.poising-dinamico"",""concept.encyclopedia.escapements-chronometry.poising-beat-y-posiciones.beat-error""]","[]","[]","0/0 declared visuals ready or approved","[""multi-angle physical demonstration and reviewed result""]","K","P","simulation","normal","unknown","[""lesson.title"",""lesson.purpose"",""lesson.objectives[0]"",""lesson.objectives[1]"",""lesson.objectives[2]"",""activity.encyclopedia.escapements-chronometry.cronocomparador-y-prueba.title"",""activity.encyclopedia.escapements-chronometry.cronocomparador-y-prueba.description""]","[""identical-english-spanish"",""redundant-names"",""overbroad-citation"",""numeric-data-without-locator"",""ocr-formula-unverified"",""inadequate-visual-support"",""automatic-segmentation-break"",""single-lesson-module""]","needs-source-review","manual-review","high","76","[{""reason"":""incidencias ponderadas"",""points"":60},{""reason"":""fundamentos mecánicos"",""points"":16}]","Campos localizados en inglés repiten literalmente el español. Los nombres de módulo y lección son redundantes. Una o más fuentes se citan a nivel de capítulo, documento o sin localizador. Hay datos numéricos o relaciones cuantitativas sin página, figura o tabla aplicable.","true"
"wplab.horology.watchmaking-encyclopedia","1.1.0","route.encyclopedia.escapements-chronometry","module.encyclopedia.escapements-chronometry.toh-escape-fases","lesson.encyclopedia.escapements-chronometry.toh-escape-fases","Fases completas del escape de áncora suizo","101","11","7","1","conceptual-model / explanation","2-understand-mechanical-systems","","Explicar Fases completas del escape de áncora suizo mediante relaciones causales.","specific-observable","mechanism-explanation","psychomotor-skill","source.private.toh.ch06","[""source.private.bulova.10"",""source.encyclopedia.original-synthesis""]","[""source.encyclopedia.original-synthesis"",""source.private.bulova.10 [p.239-260; Escapement examination]"",""source.private.toh.ch06 [p.100-129; 6]""]","page-or-figure","[""concept.encyclopedia.escapements-chronometry.cronocomparador-y-prueba.tasa-instantanea-estimada"",""concept.encyclopedia.escapements-chronometry.cronocomparador-y-prueba.angulo-de-alzada"",""concept.encyclopedia.escapements-chronometry.cronocomparador-y-prueba.protocolo-cronometrico""]","[]","[]","1/1 declared visuals ready or approved","[""multi-angle physical demonstration and reviewed result""]","K","P","simulation","normal","historical-context","[""lesson.title"",""lesson.purpose"",""lesson.objectives[0]"",""lesson.objectives[1]"",""lesson.objectives[2]"",""activity.encyclopedia.escapements-chronometry.toh-escape-fases.title"",""activity.encyclopedia.escapements-chronometry.toh-escape-fases.description""]","[""identical-english-spanish"",""foreign-lesson-title"",""redundant-names"",""overbroad-citation"",""modern-safety-source-required"",""template-conditioned-content"",""automatic-segmentation-break"",""single-lesson-module""]","needs-safety-review","manual-review","high","76","[{""reason"":""incidencias ponderadas"",""points"":60},{""reason"":""fundamentos mecánicos"",""points"":16}]","Campos localizados en inglés repiten literalmente el español. El cuerpo contiene el título de otra lección; puede ser referencia válida o contaminación de plantilla. Los nombres de módulo y lección son redundantes. Una o más fuentes se citan a nivel de capítulo, documento o sin localizador.","true"
"wplab.horology.watchmaking-encyclopedia","1.1.0","route.encyclopedia.escapements-chronometry","module.encyclopedia.escapements-chronometry.toh-seguridad-escape","lesson.encyclopedia.escapements-chronometry.toh-seguridad-escape","Seguridad: draw, guardia y cuernos","102","11","8","1","conceptual-model / explanation","2-understand-mechanical-systems","","Explicar Seguridad: draw, guardia y cuernos mediante relaciones causales.","specific-observable","mechanism-explanation","psychomotor-skill","source.private.toh.ch06","[""source.private.bulova.10"",""source.encyclopedia.original-synthesis""]","[""source.encyclopedia.original-synthesis"",""source.private.bulova.10 [p.239-260; Escapement examination]"",""source.private.toh.ch06 [p.100-129; 6]""]","page-or-figure","[""concept.encyclopedia.escapements-chronometry.toh-escape-fases.despeje"",""concept.encyclopedia.escapements-chronometry.toh-escape-fases.impulso"",""concept.encyclopedia.escapements-chronometry.toh-escape-fases.caida""]","[]","[]","1/1 declared visuals ready or approved","[""multi-angle physical demonstration and reviewed result""]","K","P","simulation","normal","historical-context","[""lesson.title"",""lesson.purpose"",""lesson.objectives[0]"",""lesson.objectives[1]"",""lesson.objectives[2]"",""activity.encyclopedia.escapements-chronometry.toh-seguridad-escape.title"",""activity.encyclopedia.escapements-chronometry.toh-seguridad-escape.description""]","[""identical-english-spanish"",""redundant-names"",""overbroad-citation"",""modern-safety-source-required"",""template-conditioned-content"",""automatic-segmentation-break"",""single-lesson-module""]","needs-safety-review","manual-review","high","75","[{""reason"":""incidencias ponderadas"",""points"":59},{""reason"":""fundamentos mecánicos"",""points"":16}]","Campos localizados en inglés repiten literalmente el español. Los nombres de módulo y lección son redundantes. Una o más fuentes se citan a nivel de capítulo, documento o sin localizador. El procedimiento necesita una fuente moderna de seguridad antes de cualquier uso operativo.","true"
"wplab.horology.watchmaking-encyclopedia","1.1.0","route.encyclopedia.escapements-chronometry","module.encyclopedia.escapements-chronometry.toh-volante-espiral-conjunto","lesson.encyclopedia.escapements-chronometry.toh-volante-espiral-conjunto","Volante, espiral, pitón, virola y raqueta","103","11","9","1","conceptual-model / explanation","2-understand-mechanical-systems","","Explicar Volante, espiral, pitón, virola y raqueta mediante relaciones causales.","specific-observable","mechanism-explanation","psychomotor-skill","source.private.toh.ch07","[""source.private.bulova.06"",""source.encyclopedia.original-synthesis""]","[""source.encyclopedia.original-synthesis"",""source.private.bulova.06 [p.129-156; Hairspring truing]"",""source.private.toh.ch07 [p.130-169; 7]""]","page-or-figure","[""concept.encyclopedia.escapements-chronometry.toh-seguridad-escape.draw"",""concept.encyclopedia.escapements-chronometry.toh-seguridad-escape.accion-de-guardia"",""concept.encyclopedia.escapements-chronometry.toh-seguridad-escape.run-to-banking""]","[]","[]","1/1 declared visuals ready or approved","[""multi-angle physical demonstration and reviewed result""]","K","P","simulation","normal","historical-context","[""lesson.title"",""lesson.purpose"",""lesson.objectives[0]"",""lesson.objectives[1]"",""lesson.objectives[2]"",""activity.encyclopedia.escapements-chronometry.toh-volante-espiral-conjunto.title"",""activity.encyclopedia.escapements-chronometry.toh-volante-espiral-conjunto.description""]","[""identical-english-spanish"",""redundant-names"",""overbroad-citation"",""modern-safety-source-required"",""template-conditioned-content"",""automatic-segmentation-break"",""single-lesson-module""]","needs-safety-review","manual-review","high","75","[{""reason"":""incidencias ponderadas"",""points"":59},{""reason"":""fundamentos mecánicos"",""points"":16}]","Campos localizados en inglés repiten literalmente el español. Los nombres de módulo y lección son redundantes. Una o más fuentes se citan a nivel de capítulo, documento o sin localizador. El procedimiento necesita una fuente moderna de seguridad antes de cualquier uso operativo.","true"
"wplab.horology.watchmaking-encyclopedia","1.1.0","route.encyclopedia.escapements-chronometry","module.encyclopedia.escapements-chronometry.toh-isocronismo","lesson.encyclopedia.escapements-chronometry.toh-isocronismo","Isocronismo y dependencia de amplitud","104","11","10","1","conceptual-model / explanation","2-understand-mechanical-systems","","Explicar Isocronismo y dependencia de amplitud mediante relaciones causales.","specific-observable","mechanism-explanation","psychomotor-skill","source.private.toh.ch07","[""source.private.daniels.balance-spring"",""source.encyclopedia.original-synthesis""]","[""source.encyclopedia.original-synthesis"",""source.private.daniels.balance-spring [p.336-370; The Balance and Spring]"",""source.private.toh.ch07 [p.130-169; 7]""]","page-or-figure","[""concept.encyclopedia.escapements-chronometry.toh-volante-espiral-conjunto.virola"",""concept.encyclopedia.escapements-chronometry.toh-volante-espiral-conjunto.piton"",""concept.encyclopedia.escapements-chronometry.toh-volante-espiral-conjunto.longitud-activa""]","[]","[]","1/1 declared visuals ready or approved","[""multi-angle physical demonstration and reviewed result""]","K","P","simulation","normal","mixed","[""lesson.title"",""lesson.purpose"",""lesson.objectives[0]"",""lesson.objectives[1]"",""lesson.objectives[2]"",""activity.encyclopedia.escapements-chronometry.toh-isocronismo.title"",""activity.encyclopedia.escapements-chronometry.toh-isocronismo.description""]","[""identical-english-spanish"",""redundant-names"",""overbroad-citation"",""ocr-formula-unverified"",""modern-safety-source-required"",""template-conditioned-content"",""automatic-segmentation-break"",""single-lesson-module""]","needs-safety-review","manual-review","high","76","[{""reason"":""incidencias ponderadas"",""points"":60},{""reason"":""fundamentos mecánicos"",""points"":16}]","Campos localizados en inglés repiten literalmente el español. Los nombres de módulo y lección son redundantes. Una o más fuentes se citan a nivel de capítulo, documento o sin localizador. Una fórmula vinculada a material OCR no consta como verificada visualmente.","true"
"wplab.horology.watchmaking-encyclopedia","1.1.0","route.encyclopedia.escapements-chronometry","module.encyclopedia.escapements-chronometry.toh-posiciones-perturbaciones","lesson.encyclopedia.escapements-chronometry.toh-posiciones-perturbaciones","Posiciones, gravedad, poising y perturbaciones","105","11","11","1","conceptual-model / explanation","2-understand-mechanical-systems","","Explicar Posiciones, gravedad, poising y perturbaciones mediante relaciones causales.","specific-observable","mechanism-explanation","psychomotor-skill","source.private.toh.ch07","[""source.private.bulova.05"",""source.encyclopedia.original-synthesis""]","[""source.encyclopedia.original-synthesis"",""source.private.bulova.05 [p.113-128; Poising balance wheels]"",""source.private.toh.ch07 [p.130-169; 7]""]","page-or-figure","[""concept.encyclopedia.escapements-chronometry.toh-isocronismo.error-de-isocronismo"",""concept.encyclopedia.escapements-chronometry.toh-isocronismo.efecto-caspari"",""concept.encyclopedia.escapements-chronometry.toh-isocronismo.efecto-grossmann""]","[]","[]","0/0 declared visuals ready or approved","[""multi-angle physical demonstration and reviewed result""]","K","P","home-bench","normal","historical-context","[""lesson.title"",""lesson.purpose"",""lesson.objectives[0]"",""lesson.objectives[1]"",""lesson.objectives[2]"",""activity.encyclopedia.escapements-chronometry.toh-posiciones-perturbaciones.title"",""activity.encyclopedia.escapements-chronometry.toh-posiciones-perturbaciones.description""]","[""identical-english-spanish"",""redundant-names"",""overbroad-citation"",""modern-safety-source-required"",""inadequate-visual-support"",""template-conditioned-content"",""automatic-segmentation-break"",""single-lesson-module"",""physical-skill-digital-only""]","needs-safety-review","manual-review","high","76","[{""reason"":""incidencias ponderadas"",""points"":60},{""reason"":""fundamentos mecánicos"",""points"":16}]","Campos localizados en inglés repiten literalmente el español. Los nombres de módulo y lección son redundantes. Una o más fuentes se citan a nivel de capítulo, documento o sin localizador. El procedimiento necesita una fuente moderna de seguridad antes de cualquier uso operativo.","true"
"wplab.horology.watchmaking-encyclopedia","1.1.0","route.encyclopedia.escapements-chronometry","module.encyclopedia.escapements-chronometry.toh-tourbillon-carrusel","lesson.encyclopedia.escapements-chronometry.toh-tourbillon-carrusel","Tourbillon, carrusel y promedio posicional","106","11","12","1","conceptual-model / explanation","2-understand-mechanical-systems","","Explicar Tourbillon, carrusel y promedio posicional mediante relaciones causales.","specific-observable","mechanism-explanation","psychomotor-skill","source.private.toh.ch07","[""source.private.daniels.escapements"",""source.encyclopedia.original-synthesis""]","[""source.encyclopedia.original-synthesis"",""source.private.daniels.escapements [p.214-271; Escapements]"",""source.private.toh.ch07 [p.130-169; 7]""]","page-or-figure","[""concept.encyclopedia.escapements-chronometry.toh-posiciones-perturbaciones.error-posicional"",""concept.encyclopedia.escapements-chronometry.toh-posiciones-perturbaciones.poising-estatico"",""concept.encyclopedia.escapements-chronometry.toh-posiciones-perturbaciones.poising-dinamico""]","[]","[]","0/0 declared visuals ready or approved","[""multi-angle physical demonstration and reviewed result""]","K","P","simulation","normal","mixed","[""lesson.title"",""lesson.purpose"",""lesson.objectives[0]"",""lesson.objectives[1]"",""lesson.objectives[2]"",""activity.encyclopedia.escapements-chronometry.toh-tourbillon-carrusel.title"",""activity.encyclopedia.escapements-chronometry.toh-tourbillon-carrusel.description""]","[""identical-english-spanish"",""redundant-names"",""overbroad-citation"",""ocr-formula-unverified"",""modern-safety-source-required"",""inadequate-visual-support"",""template-conditioned-content"",""automatic-segmentation-break"",""single-lesson-module""]","needs-safety-review","manual-review","high","76","[{""reason"":""incidencias ponderadas"",""points"":60},{""reason"":""fundamentos mecánicos"",""points"":16}]","Campos localizados en inglés repiten literalmente el español. Los nombres de módulo y lección son redundantes. Una o más fuentes se citan a nivel de capítulo, documento o sin localizador. Una fórmula vinculada a material OCR no consta como verificada visualmente.","true"
"wplab.horology.watchmaking-encyclopedia","1.1.0","route.encyclopedia.escapements-chronometry","module.encyclopedia.escapements-chronometry.bulova-centrado-volante","lesson.encyclopedia.escapements-chronometry.bulova-centrado-volante","Pasaporte VIII: centrado y alabeo del volante","107","11","13","1","conceptual-model / explanation","2-understand-mechanical-systems","","Explicar Pasaporte VIII: centrado y alabeo del volante mediante relaciones causales.","specific-observable","mechanism-explanation","psychomotor-skill","source.private.bulova.02","[""source.private.chicago.16"",""source.encyclopedia.original-synthesis""]","[""source.encyclopedia.original-synthesis"",""source.private.bulova.02 [p.21-36; Truing balance wheels]"",""source.private.chicago.16 [Truing balances]""]","page-or-figure","[""concept.encyclopedia.escapements-chronometry.toh-tourbillon-carrusel.jaula"",""concept.encyclopedia.escapements-chronometry.toh-tourbillon-carrusel.periodo-de-rotacion"",""concept.encyclopedia.escapements-chronometry.toh-tourbillon-carrusel.promedio-posicional""]","[]","[]","0/0 declared visuals ready or approved","[""multi-angle physical demonstration and reviewed result""]","K","P","simulation","normal","historical-context","[""lesson.title"",""lesson.purpose"",""lesson.objectives[0]"",""lesson.objectives[1]"",""lesson.objectives[2]"",""activity.encyclopedia.escapements-chronometry.bulova-centrado-volante.title"",""activity.encyclopedia.escapements-chronometry.bulova-centrado-volante.description""]","[""identical-english-spanish"",""redundant-names"",""overbroad-citation"",""modern-safety-source-required"",""inadequate-visual-support"",""template-conditioned-content"",""automatic-segmentation-break"",""single-lesson-module""]","needs-safety-review","manual-review","high","76","[{""reason"":""incidencias ponderadas"",""points"":60},{""reason"":""fundamentos mecánicos"",""points"":16}]","Campos localizados en inglés repiten literalmente el español. Los nombres de módulo y lección son redundantes. Una o más fuentes se citan a nivel de capítulo, documento o sin localizador. El procedimiento necesita una fuente moderna de seguridad antes de cualquier uso operativo.","true"
"wplab.horology.watchmaking-encyclopedia","1.1.0","route.encyclopedia.escapements-chronometry","module.encyclopedia.escapements-chronometry.bulova-poising","lesson.encyclopedia.escapements-chronometry.bulova-poising","Pasaporte IX: equilibrado estático del volante","108","11","14","1","conceptual-model / explanation","2-understand-mechanical-systems","","Explicar Pasaporte IX: equilibrado estático del volante mediante relaciones causales.","specific-observable","mechanism-explanation","psychomotor-skill","source.private.bulova.05","[""source.private.chicago.17"",""source.encyclopedia.original-synthesis""]","[""source.encyclopedia.original-synthesis"",""source.private.bulova.05 [p.113-128; Poising balance wheels]"",""source.private.chicago.17 [Poising balances]""]","page-or-figure","[""concept.encyclopedia.escapements-chronometry.bulova-centrado-volante.error-radial"",""concept.encyclopedia.escapements-chronometry.bulova-centrado-volante.alabeo-axial"",""concept.encyclopedia.escapements-chronometry.bulova-centrado-volante.referencia-de-observacion""]","[]","[]","0/0 declared visuals ready or approved","[""multi-angle physical demonstration and reviewed result""]","K","P","simulation","normal","historical-context","[""lesson.title"",""lesson.purpose"",""lesson.objectives[0]"",""lesson.objectives[1]"",""lesson.objectives[2]"",""activity.encyclopedia.escapements-chronometry.bulova-poising.title"",""activity.encyclopedia.escapements-chronometry.bulova-poising.description""]","[""identical-english-spanish"",""redundant-names"",""overbroad-citation"",""modern-safety-source-required"",""inadequate-visual-support"",""automatic-segmentation-break"",""single-lesson-module""]","needs-safety-review","manual-review","high","75","[{""reason"":""incidencias ponderadas"",""points"":59},{""reason"":""fundamentos mecánicos"",""points"":16}]","Campos localizados en inglés repiten literalmente el español. Los nombres de módulo y lección son redundantes. Una o más fuentes se citan a nivel de capítulo, documento o sin localizador. El procedimiento necesita una fuente moderna de seguridad antes de cualquier uso operativo.","true"
"wplab.horology.watchmaking-encyclopedia","1.1.0","route.encyclopedia.escapements-chronometry","module.encyclopedia.escapements-chronometry.bulova-espiral","lesson.encyclopedia.escapements-chronometry.bulova-espiral","Pasaporte X: plano, centrado, virola y vibrado de espiral","109","11","15","1","transfer / explanation","2-understand-mechanical-systems","","Explicar Pasaporte X: plano, centrado, virola y vibrado de espiral mediante relaciones causales.","specific-observable","mechanism-explanation","psychomotor-skill","source.private.bulova.06","[""source.private.bulova.07"",""source.private.bulova.08"",""source.encyclopedia.original-synthesis""]","[""source.private.bulova.06 [p.129-156; Hairspring truing]"",""source.private.bulova.07 [p.157-168; Hairspring vibration]"",""source.private.bulova.08 [p.169-184; Overcoiling]""]","page-or-figure","[""concept.encyclopedia.escapements-chronometry.bulova-poising.punto-pesado"",""concept.encyclopedia.escapements-chronometry.bulova-poising.cuchillas-de-equilibrado"",""concept.encyclopedia.escapements-chronometry.bulova-poising.correccion-de-masa""]","[]","[]","1/1 declared visuals ready or approved","[""multi-angle physical demonstration and reviewed result""]","K","P","simulation","normal","historical-context","[""lesson.title"",""lesson.purpose"",""lesson.objectives[0]"",""lesson.objectives[1]"",""lesson.objectives[2]"",""activity.encyclopedia.escapements-chronometry.bulova-espiral.title"",""activity.encyclopedia.escapements-chronometry.bulova-espiral.description""]","[""identical-english-spanish"",""redundant-names"",""overbroad-citation"",""modern-safety-source-required"",""template-conditioned-content"",""automatic-segmentation-break"",""single-lesson-module""]","needs-safety-review","manual-review","high","75","[{""reason"":""incidencias ponderadas"",""points"":59},{""reason"":""fundamentos mecánicos"",""points"":16}]","Campos localizados en inglés repiten literalmente el español. Los nombres de módulo y lección son redundantes. Una o más fuentes se citan a nivel de capítulo, documento o sin localizador. El procedimiento necesita una fuente moderna de seguridad antes de cualquier uso operativo.","true"
"wplab.horology.watchmaking-encyclopedia","1.1.0","route.encyclopedia.service-tribology","module.encyclopedia.service-tribology.recepcion-y-linea-base","lesson.encyclopedia.service-tribology.recepcion-y-linea-base","Recepción, historia y línea base","110","12","1","1","conceptual-model / explanation","3-observe-measure-diagnose","historical-case","Explicar Recepción, historia y línea base mediante relaciones causales.","specific-observable","diagnosis-case","psychomotor-skill","source.institutional.awci.standards","[""source.external.watchguy-repair-blog"",""source.external.dean-dk""]","[""source.external.dean-dk"",""source.external.watchguy-repair-blog"",""source.institutional.awci.standards""]","document","[]","[]","[]","0/0 declared visuals ready or approved","[""multi-angle physical demonstration and reviewed result""]","K","P","simulation","normal","unknown","[""lesson.title"",""lesson.purpose"",""lesson.objectives[0]"",""lesson.objectives[1]"",""lesson.objectives[2]"",""activity.encyclopedia.service-tribology.recepcion-y-linea-base.title"",""activity.encyclopedia.service-tribology.recepcion-y-linea-base.description""]","[""identical-english-spanish"",""redundant-names"",""overbroad-citation"",""numeric-data-without-locator"",""inadequate-visual-support"",""automatic-segmentation-break"",""single-lesson-module""]","needs-source-review","split","medium","46","[{""reason"":""incidencias ponderadas"",""points"":46}]","Campos localizados en inglés repiten literalmente el español. Los nombres de módulo y lección son redundantes. Una o más fuentes se citan a nivel de capítulo, documento o sin localizador. Hay datos numéricos o relaciones cuantitativas sin página, figura o tabla aplicable.","true"
"wplab.horology.watchmaking-encyclopedia","1.1.0","route.encyclopedia.service-tribology","module.encyclopedia.service-tribology.liberar-energia-y-desmontar","lesson.encyclopedia.service-tribology.liberar-energia-y-desmontar","Liberar energía y desmontar con trazabilidad","111","12","2","1","conceptual-model / explanation","3-observe-measure-diagnose","","Explicar Liberar energía y desmontar con trazabilidad mediante relaciones causales.","specific-observable","diagnosis-case","psychomotor-skill","source.institutional.awci.standards","[""source.external.naked-watchmaker"",""source.official.miyota.8215""]","[""source.external.naked-watchmaker"",""source.institutional.awci.standards"",""source.official.miyota.8215""]","document","[""concept.encyclopedia.service-tribology.recepcion-y-linea-base.linea-base"",""concept.encyclopedia.service-tribology.recepcion-y-linea-base.cadena-de-custodia"",""concept.encyclopedia.service-tribology.recepcion-y-linea-base.criterio-de-no-prueba""]","[]","[]","0/0 declared visuals ready or approved","[""multi-angle physical demonstration and reviewed result""]","K","P","home-bench","normal","unknown","[""lesson.title"",""lesson.purpose"",""lesson.objectives[0]"",""lesson.objectives[1]"",""lesson.objectives[2]"",""activity.encyclopedia.service-tribology.liberar-energia-y-desmontar.title"",""activity.encyclopedia.service-tribology.liberar-energia-y-desmontar.description""]","[""identical-english-spanish"",""redundant-names"",""overbroad-citation"",""numeric-data-without-locator"",""inadequate-visual-support"",""automatic-segmentation-break"",""single-lesson-module"",""physical-skill-digital-only""]","needs-source-review","split","high","60","[{""reason"":""incidencias ponderadas"",""points"":60}]","Campos localizados en inglés repiten literalmente el español. Los nombres de módulo y lección son redundantes. Una o más fuentes se citan a nivel de capítulo, documento o sin localizador. Hay datos numéricos o relaciones cuantitativas sin página, figura o tabla aplicable.","true"
"wplab.horology.watchmaking-encyclopedia","1.1.0","route.encyclopedia.service-tribology","module.encyclopedia.service-tribology.limpieza-e-inspeccion","lesson.encyclopedia.service-tribology.limpieza-e-inspeccion","Limpieza, inspección y clasificación de defectos","112","12","3","1","conceptual-model / explanation","3-observe-measure-diagnose","","Explicar Limpieza, inspección y clasificación de defectos mediante relaciones causales.","specific-observable","diagnosis-case","psychomotor-skill","source.institutional.awci.standards","[""source.external.naked-watchmaker"",""source.external.watchguy-repair-blog""]","[""source.external.naked-watchmaker"",""source.external.watchguy-repair-blog"",""source.institutional.awci.standards""]","document","[""concept.encyclopedia.service-tribology.liberar-energia-y-desmontar.energia-residual"",""concept.encyclopedia.service-tribology.liberar-energia-y-desmontar.dependencia-de-desmontaje"",""concept.encyclopedia.service-tribology.liberar-energia-y-desmontar.mapa-de-tornillos""]","[]","[]","0/0 declared visuals ready or approved","[""multi-angle physical demonstration and reviewed result""]","K","P","simulation","normal","unknown","[""lesson.title"",""lesson.purpose"",""lesson.objectives[0]"",""lesson.objectives[1]"",""lesson.objectives[2]"",""activity.encyclopedia.service-tribology.limpieza-e-inspeccion.title"",""activity.encyclopedia.service-tribology.limpieza-e-inspeccion.description""]","[""identical-english-spanish"",""redundant-names"",""overbroad-citation"",""numeric-data-without-locator"",""inadequate-visual-support"",""automatic-segmentation-break"",""single-lesson-module""]","needs-source-review","split","high","62","[{""reason"":""incidencias ponderadas"",""points"":46},{""reason"":""inspección"",""points"":16}]","Campos localizados en inglés repiten literalmente el español. Los nombres de módulo y lección son redundantes. Una o más fuentes se citan a nivel de capítulo, documento o sin localizador. Hay datos numéricos o relaciones cuantitativas sin página, figura o tabla aplicable.","true"
"wplab.horology.watchmaking-encyclopedia","1.1.0","route.encyclopedia.service-tribology","module.encyclopedia.service-tribology.tribologia-y-lubricantes","lesson.encyclopedia.service-tribology.tribologia-y-lubricantes","Tribología, lubricantes y cantidad aplicada","113","12","4","1","conceptual-model / explanation","3-observe-measure-diagnose","","Explicar Tribología, lubricantes y cantidad aplicada mediante relaciones causales.","specific-observable","diagnosis-case","psychomotor-skill","source.institutional.awci.standards","[""source.private.daniels.jewelling"",""source.official.miyota.8215""]","[""source.institutional.awci.standards"",""source.official.miyota.8215"",""source.private.daniels.jewelling [p.195-213; Jewelling]""]","page-or-figure","[""concept.encyclopedia.service-tribology.limpieza-e-inspeccion.huella-de-desgaste"",""concept.encyclopedia.service-tribology.limpieza-e-inspeccion.defecto-funcional"",""concept.encyclopedia.service-tribology.limpieza-e-inspeccion.criterio-de-rechazo""]","[]","[]","0/0 declared visuals ready or approved","[""multi-angle physical demonstration and reviewed result""]","K","P","simulation","normal","unknown","[""lesson.title"",""lesson.purpose"",""lesson.objectives[0]"",""lesson.objectives[1]"",""lesson.objectives[2]"",""activity.encyclopedia.service-tribology.tribologia-y-lubricantes.title"",""activity.encyclopedia.service-tribology.tribologia-y-lubricantes.description""]","[""identical-english-spanish"",""redundant-names"",""overbroad-citation"",""ocr-formula-unverified"",""inadequate-visual-support"",""automatic-segmentation-break"",""single-lesson-module""]","needs-source-review","manual-review","high","59","[{""reason"":""incidencias ponderadas"",""points"":59}]","Campos localizados en inglés repiten literalmente el español. Los nombres de módulo y lección son redundantes. Una o más fuentes se citan a nivel de capítulo, documento o sin localizador. Una fórmula vinculada a material OCR no consta como verificada visualmente.","true"
"wplab.horology.watchmaking-encyclopedia","1.1.0","route.encyclopedia.service-tribology","module.encyclopedia.service-tribology.montaje-y-puntos-de-control","lesson.encyclopedia.service-tribology.montaje-y-puntos-de-control","Montaje por funciones y puntos de control","114","12","5","1","conceptual-model / explanation","3-observe-measure-diagnose","","Explicar Montaje por funciones y puntos de control mediante relaciones causales.","specific-observable","diagnosis-case","psychomotor-skill","source.institutional.awci.standards","[""source.external.learnwatchmaking"",""source.official.miyota.8215""]","[""source.external.learnwatchmaking"",""source.institutional.awci.standards"",""source.official.miyota.8215""]","document","[""concept.encyclopedia.service-tribology.tribologia-y-lubricantes.regimen-de-lubricacion"",""concept.encyclopedia.service-tribology.tribologia-y-lubricantes.capilaridad"",""concept.encyclopedia.service-tribology.tribologia-y-lubricantes.migracion""]","[]","[]","0/0 declared visuals ready or approved","[""multi-angle physical demonstration and reviewed result""]","K","P","simulation","normal","unknown","[""lesson.title"",""lesson.purpose"",""lesson.objectives[0]"",""lesson.objectives[1]"",""lesson.objectives[2]"",""activity.encyclopedia.service-tribology.montaje-y-puntos-de-control.title"",""activity.encyclopedia.service-tribology.montaje-y-puntos-de-control.description""]","[""identical-english-spanish"",""redundant-names"",""overbroad-citation"",""numeric-data-without-locator"",""inadequate-visual-support"",""automatic-segmentation-break"",""single-lesson-module""]","needs-source-review","split","medium","46","[{""reason"":""incidencias ponderadas"",""points"":46}]","Campos localizados en inglés repiten literalmente el español. Los nombres de módulo y lección son redundantes. Una o más fuentes se citan a nivel de capítulo, documento o sin localizador. Hay datos numéricos o relaciones cuantitativas sin página, figura o tabla aplicable.","true"
"wplab.horology.watchmaking-encyclopedia","1.1.0","route.encyclopedia.service-tribology","module.encyclopedia.service-tribology.diagnostico-y-control-final","lesson.encyclopedia.service-tribology.diagnostico-y-control-final","Diagnóstico causal y control final","115","12","6","1","conceptual-model / explanation","3-observe-measure-diagnose","","Explicar Diagnóstico causal y control final mediante relaciones causales.","specific-observable","diagnosis-case","psychomotor-skill","source.institutional.awci.standards","[""source.institutional.wostep.watchmaker"",""source.external.watchguy-repair-blog""]","[""source.external.watchguy-repair-blog"",""source.institutional.awci.standards"",""source.institutional.wostep.watchmaker""]","document","[""concept.encyclopedia.service-tribology.montaje-y-puntos-de-control.punto-de-control"",""concept.encyclopedia.service-tribology.montaje-y-puntos-de-control.asiento"",""concept.encyclopedia.service-tribology.montaje-y-puntos-de-control.prueba-reversible""]","[]","[]","0/0 declared visuals ready or approved","[""multi-angle physical demonstration and reviewed result""]","K","P","simulation","normal","unknown","[""lesson.title"",""lesson.purpose"",""lesson.objectives[0]"",""lesson.objectives[1]"",""lesson.objectives[2]"",""activity.encyclopedia.service-tribology.diagnostico-y-control-final.title"",""activity.encyclopedia.service-tribology.diagnostico-y-control-final.description""]","[""identical-english-spanish"",""redundant-names"",""overbroad-citation"",""numeric-data-without-locator"",""inadequate-visual-support"",""automatic-segmentation-break"",""single-lesson-module""]","needs-source-review","split","high","61","[{""reason"":""incidencias ponderadas"",""points"":46},{""reason"":""diagnóstico"",""points"":15}]","Campos localizados en inglés repiten literalmente el español. Los nombres de módulo y lección son redundantes. Una o más fuentes se citan a nivel de capítulo, documento o sin localizador. Hay datos numéricos o relaciones cuantitativas sin página, figura o tabla aplicable.","true"
"wplab.horology.watchmaking-encyclopedia","1.1.0","route.encyclopedia.service-tribology","module.encyclopedia.service-tribology.toh-friccion-desgaste","lesson.encyclopedia.service-tribology.toh-friccion-desgaste","Fricción, desgaste y regímenes de contacto","116","12","7","1","conceptual-model / explanation","3-observe-measure-diagnose","","Explicar Fricción, desgaste y regímenes de contacto mediante relaciones causales.","specific-observable","diagnosis-case","psychomotor-skill","source.private.toh.ch13","[""source.private.daniels.jewelling"",""source.encyclopedia.original-synthesis""]","[""source.encyclopedia.original-synthesis"",""source.private.daniels.jewelling [p.195-213; Jewelling]"",""source.private.toh.ch13 [p.276-299; 13]""]","page-or-figure","[""concept.encyclopedia.service-tribology.diagnostico-y-control-final.causa-raiz"",""concept.encyclopedia.service-tribology.diagnostico-y-control-final.criterio-de-aceptacion"",""concept.encyclopedia.service-tribology.diagnostico-y-control-final.retencion-diferida""]","[]","[]","0/0 declared visuals ready or approved","[""multi-angle physical demonstration and reviewed result""]","K","P","simulation","historical-non-actionable","mixed","[""lesson.title"",""lesson.purpose"",""lesson.objectives[0]"",""lesson.objectives[1]"",""lesson.objectives[2]"",""activity.encyclopedia.service-tribology.toh-friccion-desgaste.title"",""activity.encyclopedia.service-tribology.toh-friccion-desgaste.description""]","[""identical-english-spanish"",""redundant-names"",""overbroad-citation"",""ocr-formula-unverified"",""hazardous-historical-procedure"",""modern-safety-source-required"",""inadequate-visual-support"",""automatic-segmentation-break"",""single-lesson-module""]","needs-safety-review","manual-review","high","60","[{""reason"":""incidencias ponderadas"",""points"":60}]","Campos localizados en inglés repiten literalmente el español. Los nombres de módulo y lección son redundantes. Una o más fuentes se citan a nivel de capítulo, documento o sin localizador. Una fórmula vinculada a material OCR no consta como verificada visualmente.","true"
"wplab.horology.watchmaking-encyclopedia","1.1.0","route.encyclopedia.service-tribology","module.encyclopedia.service-tribology.toh-lubricacion-retencion","lesson.encyclopedia.service-tribology.toh-lubricacion-retencion","Lubricación, cantidad y retención del aceite","117","12","8","1","conceptual-model / explanation","3-observe-measure-diagnose","","Explicar Lubricación, cantidad y retención del aceite mediante relaciones causales.","specific-observable","diagnosis-case","psychomotor-skill","source.private.toh.ch13","[""source.institutional.awci.standards"",""source.encyclopedia.original-synthesis""]","[""source.encyclopedia.original-synthesis"",""source.institutional.awci.standards"",""source.private.toh.ch13 [p.276-299; 13]""]","page-or-figure","[""concept.encyclopedia.service-tribology.toh-friccion-desgaste.par-tribologico"",""concept.encyclopedia.service-tribology.toh-friccion-desgaste.desgaste-adhesivo"",""concept.encyclopedia.service-tribology.toh-friccion-desgaste.desgaste-abrasivo""]","[]","[]","0/0 declared visuals ready or approved","[""multi-angle physical demonstration and reviewed result""]","K","P","simulation","normal","mixed","[""lesson.title"",""lesson.purpose"",""lesson.objectives[0]"",""lesson.objectives[1]"",""lesson.objectives[2]"",""activity.encyclopedia.service-tribology.toh-lubricacion-retencion.title"",""activity.encyclopedia.service-tribology.toh-lubricacion-retencion.description""]","[""identical-english-spanish"",""redundant-names"",""overbroad-citation"",""hazardous-historical-procedure"",""modern-safety-source-required"",""inadequate-visual-support"",""automatic-segmentation-break"",""single-lesson-module""]","needs-safety-review","manual-review","high","60","[{""reason"":""incidencias ponderadas"",""points"":60}]","Campos localizados en inglés repiten literalmente el español. Los nombres de módulo y lección son redundantes. Una o más fuentes se citan a nivel de capítulo, documento o sin localizador. La lección o sus fuentes contienen un procedimiento histórico peligroso; no debe convertirse en instrucción accionable.","true"
"wplab.horology.watchmaking-encyclopedia","1.1.0","route.encyclopedia.service-tribology","module.encyclopedia.service-tribology.bulova-montaje-barrilete","lesson.encyclopedia.service-tribology.bulova-montaje-barrilete","Pasaporte XI: montaje del movimiento y barrilete","118","12","9","1","conceptual-model / explanation","3-observe-measure-diagnose","","Explicar Pasaporte XI: montaje del movimiento y barrilete mediante relaciones causales.","specific-observable","diagnosis-case","psychomotor-skill","source.private.bulova.09","[""source.private.bulova.09a"",""source.encyclopedia.original-synthesis""]","[""source.encyclopedia.original-synthesis"",""source.private.bulova.09 [p.185-196; Watch assembly]"",""source.private.bulova.09a [p.197-224; Mainspring barrel assembly]""]","page-or-figure","[""concept.encyclopedia.service-tribology.toh-lubricacion-retencion.retencion-capilar"",""concept.encyclopedia.service-tribology.toh-lubricacion-retencion.mapa-de-lubricacion"",""concept.encyclopedia.service-tribology.toh-lubricacion-retencion.migracion""]","[]","[]","0/0 declared visuals ready or approved","[""multi-angle physical demonstration and reviewed result""]","K","P","simulation","normal","historical-context","[""lesson.title"",""lesson.purpose"",""lesson.objectives[0]"",""lesson.objectives[1]"",""lesson.objectives[2]"",""activity.encyclopedia.service-tribology.bulova-montaje-barrilete.title"",""activity.encyclopedia.service-tribology.bulova-montaje-barrilete.description""]","[""identical-english-spanish"",""redundant-names"",""overbroad-citation"",""modern-safety-source-required"",""inadequate-visual-support"",""automatic-segmentation-break"",""single-lesson-module""]","needs-safety-review","manual-review","high","59","[{""reason"":""incidencias ponderadas"",""points"":59}]","Campos localizados en inglés repiten literalmente el español. Los nombres de módulo y lección son redundantes. Una o más fuentes se citan a nivel de capítulo, documento o sin localizador. El procedimiento necesita una fuente moderna de seguridad antes de cualquier uso operativo.","true"
"wplab.horology.watchmaking-encyclopedia","1.1.0","route.encyclopedia.service-tribology","module.encyclopedia.service-tribology.bulova-enjaltado-escape","lesson.encyclopedia.service-tribology.bulova-enjaltado-escape","Pasaporte XII: enjaltado y examen del escape","119","12","10","1","conceptual-model / explanation","3-observe-measure-diagnose","","Explicar Pasaporte XII: enjaltado y examen del escape mediante relaciones causales.","specific-observable","diagnosis-case","psychomotor-skill","source.private.bulova.09b","[""source.private.bulova.10"",""source.private.bulova.10a"",""source.encyclopedia.original-synthesis""]","[""source.private.bulova.09b [p.225-238; Friction jeweling]"",""source.private.bulova.10 [p.239-260; Escapement examination]"",""source.private.bulova.10a [p.261-276; Escapement repair]""]","page-or-figure","[""concept.encyclopedia.service-tribology.bulova-montaje-barrilete.montaje-incremental"",""concept.encyclopedia.service-tribology.bulova-montaje-barrilete.estado-de-energia-seguro"",""concept.encyclopedia.service-tribology.bulova-montaje-barrilete.punto-de-control""]","[]","[]","0/0 declared visuals ready or approved","[""multi-angle physical demonstration and reviewed result""]","K","P","simulation","historical-non-actionable","historical-non-actionable","[""lesson.title"",""lesson.purpose"",""lesson.objectives[0]"",""lesson.objectives[1]"",""lesson.objectives[2]"",""activity.encyclopedia.service-tribology.bulova-enjaltado-escape.title"",""activity.encyclopedia.service-tribology.bulova-enjaltado-escape.description""]","[""identical-english-spanish"",""redundant-names"",""overbroad-citation"",""hazardous-historical-procedure"",""modern-safety-source-required"",""inadequate-visual-support"",""automatic-segmentation-break"",""single-lesson-module""]","needs-safety-review","manual-review","high","60","[{""reason"":""incidencias ponderadas"",""points"":60}]","Campos localizados en inglés repiten literalmente el español. Los nombres de módulo y lección son redundantes. Una o más fuentes se citan a nivel de capítulo, documento o sin localizador. La lección o sus fuentes contienen un procedimiento histórico peligroso; no debe convertirse en instrucción accionable.","true"
"wplab.horology.watchmaking-encyclopedia","1.1.0","route.encyclopedia.service-tribology","module.encyclopedia.service-tribology.chicago-limpieza-segura","lesson.encyclopedia.service-tribology.chicago-limpieza-segura","Expediente Chicago V: limpieza histórica y sustitución segura","120","12","11","1","conceptual-model / explanation","3-observe-measure-diagnose","","Explicar Expediente Chicago V: limpieza histórica y sustitución segura mediante relaciones causales.","specific-observable","diagnosis-case","psychomotor-skill","source.private.chicago.10","[""source.private.toh.ch13"",""source.encyclopedia.original-synthesis""]","[""source.encyclopedia.original-synthesis"",""source.private.chicago.10 [Cleaning]"",""source.private.toh.ch13 [p.276-299; 13]""]","page-or-figure","[""concept.encyclopedia.service-tribology.bulova-enjaltado-escape.altura-de-rubi"",""concept.encyclopedia.service-tribology.bulova-enjaltado-escape.ajuste-por-friccion"",""concept.encyclopedia.service-tribology.bulova-enjaltado-escape.examen-funcional-del-escape""]","[]","[]","0/0 declared visuals ready or approved","[""multi-angle physical demonstration and reviewed result""]","K","P","simulation","prohibited-in-academy","historical-non-actionable","[""lesson.title"",""lesson.purpose"",""lesson.objectives[0]"",""lesson.objectives[1]"",""lesson.objectives[2]"",""activity.encyclopedia.service-tribology.chicago-limpieza-segura.title"",""activity.encyclopedia.service-tribology.chicago-limpieza-segura.description""]","[""identical-english-spanish"",""redundant-names"",""overbroad-citation"",""hazardous-historical-procedure"",""modern-safety-source-required"",""inadequate-visual-support"",""automatic-segmentation-break"",""single-lesson-module""]","blocked","manual-review","high","60","[{""reason"":""incidencias ponderadas"",""points"":60}]","Campos localizados en inglés repiten literalmente el español. Los nombres de módulo y lección son redundantes. Una o más fuentes se citan a nivel de capítulo, documento o sin localizador. La lección o sus fuentes contienen un procedimiento histórico peligroso; no debe convertirse en instrucción accionable.","true"
"wplab.horology.watchmaking-encyclopedia","1.1.0","route.encyclopedia.service-tribology","module.encyclopedia.service-tribology.chicago-ensamblaje-control","lesson.encyclopedia.service-tribology.chicago-ensamblaje-control","Expediente Chicago VI: montaje, cuerda y puesta en hora","121","12","12","1","conceptual-model / explanation","3-observe-measure-diagnose","","Explicar Expediente Chicago VI: montaje, cuerda y puesta en hora mediante relaciones causales.","specific-observable","diagnosis-case","psychomotor-skill","source.private.chicago.8","[""source.private.chicago.9"",""source.encyclopedia.original-synthesis""]","[""source.encyclopedia.original-synthesis"",""source.private.chicago.8 [Assembling]"",""source.private.chicago.9 [Winding and setting]""]","chapter-or-section","[""concept.encyclopedia.service-tribology.chicago-limpieza-segura.cuarentena-de-procedimiento"",""concept.encyclopedia.service-tribology.chicago-limpieza-segura.compatibilidad-de-limpieza"",""concept.encyclopedia.service-tribology.chicago-limpieza-segura.verificacion-poslimpieza""]","[]","[]","0/0 declared visuals ready or approved","[""multi-angle physical demonstration and reviewed result""]","K","P","simulation","normal","historical-context","[""lesson.title"",""lesson.purpose"",""lesson.objectives[0]"",""lesson.objectives[1]"",""lesson.objectives[2]"",""activity.encyclopedia.service-tribology.chicago-ensamblaje-control.title"",""activity.encyclopedia.service-tribology.chicago-ensamblaje-control.description""]","[""identical-english-spanish"",""foreign-lesson-title"",""redundant-names"",""overbroad-citation"",""numeric-data-without-locator"",""modern-safety-source-required"",""inadequate-visual-support"",""automatic-segmentation-break"",""single-lesson-module""]","needs-safety-review","manual-review","high","60","[{""reason"":""incidencias ponderadas"",""points"":60}]","Campos localizados en inglés repiten literalmente el español. El cuerpo contiene el título de otra lección; puede ser referencia válida o contaminación de plantilla. Los nombres de módulo y lección son redundantes. Una o más fuentes se citan a nivel de capítulo, documento o sin localizador.","true"
"wplab.horology.watchmaking-encyclopedia","1.1.0","route.encyclopedia.service-tribology","module.encyclopedia.service-tribology.tm-inspeccion-previa","lesson.encyclopedia.service-tribology.tm-inspeccion-previa","Caso TM I: inspección antes de desmontar","122","12","13","1","conceptual-model / explanation","3-observe-measure-diagnose","","Explicar Caso TM I: inspección antes de desmontar mediante relaciones causales.","specific-observable","diagnosis-case","psychomotor-skill","source.official.tm9-1575.inspection","[""source.institutional.awci.standards"",""source.encyclopedia.original-synthesis""]","[""source.encyclopedia.original-synthesis"",""source.institutional.awci.standards"",""source.official.tm9-1575.inspection [p.1-30; Inspection before disassembly and service records]""]","page-or-figure","[""concept.encyclopedia.service-tribology.chicago-ensamblaje-control.matriz-posicion-funcion"",""concept.encyclopedia.service-tribology.chicago-ensamblaje-control.prueba-incremental"",""concept.encyclopedia.service-tribology.chicago-ensamblaje-control.retroceso-de-corona""]","[]","[]","0/0 declared visuals ready or approved","[""multi-angle physical demonstration and reviewed result""]","K","P","home-bench","prohibited-in-academy","historical-non-actionable","[""lesson.title"",""lesson.purpose"",""lesson.objectives[0]"",""lesson.objectives[1]"",""lesson.objectives[2]"",""activity.encyclopedia.service-tribology.tm-inspeccion-previa.title"",""activity.encyclopedia.service-tribology.tm-inspeccion-previa.description""]","[""identical-english-spanish"",""redundant-names"",""overbroad-citation"",""hazardous-historical-procedure"",""modern-safety-source-required"",""inadequate-visual-support"",""automatic-segmentation-break"",""single-lesson-module"",""physical-skill-digital-only""]","blocked","manual-review","high","76","[{""reason"":""incidencias ponderadas"",""points"":60},{""reason"":""inspección"",""points"":16}]","Campos localizados en inglés repiten literalmente el español. Los nombres de módulo y lección son redundantes. Una o más fuentes se citan a nivel de capítulo, documento o sin localizador. La lección o sus fuentes contienen un procedimiento histórico peligroso; no debe convertirse en instrucción accionable.","true"
"wplab.horology.watchmaking-encyclopedia","1.1.0","route.encyclopedia.service-tribology","module.encyclopedia.service-tribology.tm-diagnostico-sintomas","lesson.encyclopedia.service-tribology.tm-diagnostico-sintomas","Caso TM II: diagnóstico por síntomas y prueba discriminante","123","12","14","1","transfer / explanation","3-observe-measure-diagnose","","Explicar Caso TM II: diagnóstico por síntomas y prueba discriminante mediante relaciones causales.","specific-observable","diagnosis-case","psychomotor-skill","source.official.tm9-1575.diagnosis","[""source.private.chicago.35"",""source.encyclopedia.original-synthesis""]","[""source.encyclopedia.original-synthesis"",""source.official.tm9-1575.diagnosis [p.31-83; Troubleshooting, adjustment and repair]"",""source.private.chicago.35 [Problems and solutions]""]","page-or-figure","[""concept.encyclopedia.service-tribology.tm-inspeccion-previa.estado-de-entrada"",""concept.encyclopedia.service-tribology.tm-inspeccion-previa.inspeccion-funcional"",""concept.encyclopedia.service-tribology.tm-inspeccion-previa.registro-de-discrepancia""]","[]","[]","0/0 declared visuals ready or approved","[""multi-angle physical demonstration and reviewed result""]","K","P","simulation","prohibited-in-academy","historical-non-actionable","[""lesson.title"",""lesson.purpose"",""lesson.objectives[0]"",""lesson.objectives[1]"",""lesson.objectives[2]"",""activity.encyclopedia.service-tribology.tm-diagnostico-sintomas.title"",""activity.encyclopedia.service-tribology.tm-diagnostico-sintomas.description""]","[""identical-english-spanish"",""redundant-names"",""overbroad-citation"",""hazardous-historical-procedure"",""modern-safety-source-required"",""inadequate-visual-support"",""automatic-segmentation-break"",""single-lesson-module""]","blocked","manual-review","high","75","[{""reason"":""incidencias ponderadas"",""points"":60},{""reason"":""diagnóstico"",""points"":15}]","Campos localizados en inglés repiten literalmente el español. Los nombres de módulo y lección son redundantes. Una o más fuentes se citan a nivel de capítulo, documento o sin localizador. La lección o sus fuentes contienen un procedimiento histórico peligroso; no debe convertirse en instrucción accionable.","true"
"wplab.horology.watchmaking-encyclopedia","1.1.0","route.encyclopedia.complications","module.encyclopedia.complications.automatico-y-reserva","lesson.encyclopedia.complications.automatico-y-reserva","Automático, embragues y reserva de marcha","124","13","1","1","conceptual-model / explanation","2-understand-mechanical-systems","specialization","Explicar Automático, embragues y reserva de marcha mediante relaciones causales.","specific-observable","mechanism-explanation","psychomotor-skill","source.official.miyota.8215","[""source.official.eta.2824"",""source.external.animagraffs-mechanical-watch""]","[""source.external.animagraffs-mechanical-watch"",""source.official.eta.2824"",""source.official.miyota.8215""]","document","[]","[]","[]","1/1 declared visuals ready or approved","[""multi-angle physical demonstration and reviewed result""]","K","P","simulation","normal","unknown","[""lesson.title"",""lesson.purpose"",""lesson.objectives[0]"",""lesson.objectives[1]"",""lesson.objectives[2]"",""activity.encyclopedia.complications.automatico-y-reserva.title"",""activity.encyclopedia.complications.automatico-y-reserva.description""]","[""identical-english-spanish"",""redundant-names"",""overbroad-citation"",""numeric-data-without-locator"",""template-conditioned-content"",""automatic-segmentation-break"",""single-lesson-module""]","needs-source-review","split","medium","46","[{""reason"":""incidencias ponderadas"",""points"":46}]","Campos localizados en inglés repiten literalmente el español. Los nombres de módulo y lección son redundantes. Una o más fuentes se citan a nivel de capítulo, documento o sin localizador. Hay datos numéricos o relaciones cuantitativas sin página, figura o tabla aplicable.","true"
"wplab.horology.watchmaking-encyclopedia","1.1.0","route.encyclopedia.complications","module.encyclopedia.complications.calendarios","lesson.encyclopedia.complications.calendarios","Fecha, día, calendario anual y perpetuo","125","13","2","1","conceptual-model / explanation","2-understand-mechanical-systems","specialization","Explicar Fecha, día, calendario anual y perpetuo mediante relaciones causales.","specific-observable","mechanism-explanation","psychomotor-skill","source.official.miyota.8215","[""source.official.eta.2824"",""source.external.hodinkee-watch101""]","[""source.external.hodinkee-watch101"",""source.official.eta.2824"",""source.official.miyota.8215""]","document","[""concept.encyclopedia.complications.automatico-y-reserva.rotor"",""concept.encyclopedia.complications.automatico-y-reserva.embrague-unidireccional"",""concept.encyclopedia.complications.automatico-y-reserva.indicador-de-reserva""]","[]","[]","1/1 declared visuals ready or approved","[""multi-angle physical demonstration and reviewed result""]","K","P","simulation","normal","unknown","[""lesson.title"",""lesson.purpose"",""lesson.objectives[0]"",""lesson.objectives[1]"",""lesson.objectives[2]"",""activity.encyclopedia.complications.calendarios.title"",""activity.encyclopedia.complications.calendarios.description""]","[""identical-english-spanish"",""redundant-names"",""overbroad-citation"",""numeric-data-without-locator"",""template-conditioned-content"",""automatic-segmentation-break"",""single-lesson-module""]","needs-source-review","split","medium","46","[{""reason"":""incidencias ponderadas"",""points"":46}]","Campos localizados en inglés repiten literalmente el español. Los nombres de módulo y lección son redundantes. Una o más fuentes se citan a nivel de capítulo, documento o sin localizador. Hay datos numéricos o relaciones cuantitativas sin página, figura o tabla aplicable.","true"
"wplab.horology.watchmaking-encyclopedia","1.1.0","route.encyclopedia.complications","module.encyclopedia.complications.cronografo-mandos","lesson.encyclopedia.complications.cronografo-mandos","Cronógrafo: mando, rueda de pilares y sistema de levas","126","13","3","1","conceptual-model / explanation","2-understand-mechanical-systems","specialization","Explicar Cronógrafo: mando, rueda de pilares y sistema de levas mediante relaciones causales.","specific-observable","system-overview","manufacturing","source.official.eta.7750","[""source.official.seiko.6138"",""source.external.naked-watchmaker""]","[""source.external.naked-watchmaker"",""source.official.eta.7750"",""source.official.seiko.6138""]","document","[""concept.encyclopedia.complications.calendarios.dedo-de-fecha"",""concept.encyclopedia.complications.calendarios.saltador"",""concept.encyclopedia.complications.calendarios.rueda-de-programa""]","[]","[]","0/0 declared visuals ready or approved","[""dimensioned drawing, workholding, and operation states""]","K","R","simulation","normal","unknown","[""lesson.title"",""lesson.purpose"",""lesson.objectives[0]"",""lesson.objectives[1]"",""lesson.objectives[2]"",""activity.encyclopedia.complications.cronografo-mandos.title"",""activity.encyclopedia.complications.cronografo-mandos.description""]","[""identical-english-spanish"",""redundant-names"",""overbroad-citation"",""numeric-data-without-locator"",""inadequate-visual-support"",""template-conditioned-content"",""automatic-segmentation-break"",""single-lesson-module""]","needs-source-review","split","high","58","[{""reason"":""incidencias ponderadas"",""points"":58}]","Campos localizados en inglés repiten literalmente el español. Los nombres de módulo y lección son redundantes. Una o más fuentes se citan a nivel de capítulo, documento o sin localizador. Hay datos numéricos o relaciones cuantitativas sin página, figura o tabla aplicable.","true"
"wplab.horology.watchmaking-encyclopedia","1.1.0","route.encyclopedia.complications","module.encyclopedia.complications.acoplamiento-y-puesta-a-cero","lesson.encyclopedia.complications.acoplamiento-y-puesta-a-cero","Acoplamiento, contadores, corazón y puesta a cero","127","13","4","1","conceptual-model / explanation","2-understand-mechanical-systems","specialization","Explicar Acoplamiento, contadores, corazón y puesta a cero mediante relaciones causales.","specific-observable","mechanism-explanation","manufacturing","source.official.eta.7750","[""source.official.seiko.6138"",""source.external.watchguy-manuals""]","[""source.external.watchguy-manuals"",""source.official.eta.7750"",""source.official.seiko.6138""]","document","[""concept.encyclopedia.complications.cronografo-mandos.rueda-de-pilares"",""concept.encyclopedia.complications.cronografo-mandos.leva-de-mando"",""concept.encyclopedia.complications.cronografo-mandos.maquina-de-estados""]","[]","[]","0/0 declared visuals ready or approved","[""dimensioned drawing, workholding, and operation states""]","K","R","simulation","normal","unknown","[""lesson.title"",""lesson.purpose"",""lesson.objectives[0]"",""lesson.objectives[1]"",""lesson.objectives[2]"",""activity.encyclopedia.complications.acoplamiento-y-puesta-a-cero.title"",""activity.encyclopedia.complications.acoplamiento-y-puesta-a-cero.description""]","[""identical-english-spanish"",""redundant-names"",""overbroad-citation"",""numeric-data-without-locator"",""inadequate-visual-support"",""template-conditioned-content"",""automatic-segmentation-break"",""single-lesson-module""]","needs-source-review","split","high","58","[{""reason"":""incidencias ponderadas"",""points"":58}]","Campos localizados en inglés repiten literalmente el español. Los nombres de módulo y lección son redundantes. Una o más fuentes se citan a nivel de capítulo, documento o sin localizador. Hay datos numéricos o relaciones cuantitativas sin página, figura o tabla aplicable.","true"
"wplab.horology.watchmaking-encyclopedia","1.1.0","route.encyclopedia.complications","module.encyclopedia.complications.sonerias-y-repeticiones","lesson.encyclopedia.complications.sonerias-y-repeticiones","Sonerías, repetición y gobierno acústico","128","13","5","1","conceptual-model / explanation","2-understand-mechanical-systems","specialization","Explicar Sonerías, repetición y gobierno acústico mediante relaciones causales.","specific-observable","mechanism-explanation","psychomotor-skill","source.external.horology-student.books","[""source.external.naked-watchmaker"",""source.encyclopedia.original-synthesis""]","[""source.encyclopedia.original-synthesis"",""source.external.horology-student.books"",""source.external.naked-watchmaker""]","document","[""concept.encyclopedia.complications.acoplamiento-y-puesta-a-cero.embrague-horizontal"",""concept.encyclopedia.complications.acoplamiento-y-puesta-a-cero.embrague-vertical"",""concept.encyclopedia.complications.acoplamiento-y-puesta-a-cero.leva-corazon""]","[]","[]","0/0 declared visuals ready or approved","[""multi-angle physical demonstration and reviewed result""]","K","P","simulation","normal","unknown","[""lesson.title"",""lesson.purpose"",""lesson.objectives[0]"",""lesson.objectives[1]"",""lesson.objectives[2]"",""activity.encyclopedia.complications.sonerias-y-repeticiones.title"",""activity.encyclopedia.complications.sonerias-y-repeticiones.description""]","[""identical-english-spanish"",""redundant-names"",""overbroad-citation"",""numeric-data-without-locator"",""inadequate-visual-support"",""template-conditioned-content"",""automatic-segmentation-break"",""single-lesson-module""]","needs-source-review","split","high","58","[{""reason"":""incidencias ponderadas"",""points"":58}]","Campos localizados en inglés repiten literalmente el español. Los nombres de módulo y lección son redundantes. Una o más fuentes se citan a nivel de capítulo, documento o sin localizador. Hay datos numéricos o relaciones cuantitativas sin página, figura o tabla aplicable.","true"
"wplab.horology.watchmaking-encyclopedia","1.1.0","route.encyclopedia.complications","module.encyclopedia.complications.gmt-tourbillon-y-fuerza-constante","lesson.encyclopedia.complications.gmt-tourbillon-y-fuerza-constante","GMT, hora mundial, tourbillon y fuerza constante","129","13","6","1","conceptual-model / explanation","2-understand-mechanical-systems","specialization","Explicar GMT, hora mundial, tourbillon y fuerza constante mediante relaciones causales.","specific-observable","mechanism-explanation","psychomotor-skill","source.external.hodinkee-watch101","[""source.private.daniels.movement-design"",""source.external.horology-student.books""]","[""source.external.hodinkee-watch101"",""source.external.horology-student.books"",""source.private.daniels.movement-design [p.298-335; Movement Design]""]","page-or-figure","[""concept.encyclopedia.complications.sonerias-y-repeticiones.caracol"",""concept.encyclopedia.complications.sonerias-y-repeticiones.rastrillo"",""concept.encyclopedia.complications.sonerias-y-repeticiones.regulador-de-soneria""]","[]","[]","0/0 declared visuals ready or approved","[""multi-angle physical demonstration and reviewed result""]","K","P","simulation","normal","unknown","[""lesson.title"",""lesson.purpose"",""lesson.objectives[0]"",""lesson.objectives[1]"",""lesson.objectives[2]"",""activity.encyclopedia.complications.gmt-tourbillon-y-fuerza-constante.title"",""activity.encyclopedia.complications.gmt-tourbillon-y-fuerza-constante.description""]","[""identical-english-spanish"",""redundant-names"",""overbroad-citation"",""ocr-formula-unverified"",""inadequate-visual-support"",""template-conditioned-content"",""automatic-segmentation-break"",""single-lesson-module""]","needs-source-review","manual-review","high","60","[{""reason"":""incidencias ponderadas"",""points"":60}]","Campos localizados en inglés repiten literalmente el español. Los nombres de módulo y lección son redundantes. Una o más fuentes se citan a nivel de capítulo, documento o sin localizador. Una fórmula vinculada a material OCR no consta como verificada visualmente.","true"
"wplab.horology.watchmaking-encyclopedia","1.1.0","route.encyclopedia.complications","module.encyclopedia.complications.toh-automatico-rotor","lesson.encyclopedia.complications.toh-automatico-rotor","Rotor, masa excéntrica y captación de movimiento","130","13","7","1","conceptual-model / explanation","2-understand-mechanical-systems","specialization","Explicar Rotor, masa excéntrica y captación de movimiento mediante relaciones causales.","specific-observable","mechanism-explanation","psychomotor-skill","source.private.toh.ch08","[""source.private.chicago.6"",""source.encyclopedia.original-synthesis""]","[""source.encyclopedia.original-synthesis"",""source.private.chicago.6 [Motor and jeweled barrels]"",""source.private.toh.ch08 [p.170-189; 8]""]","page-or-figure","[""concept.encyclopedia.complications.gmt-tourbillon-y-fuerza-constante.gmt-independiente"",""concept.encyclopedia.complications.gmt-tourbillon-y-fuerza-constante.tourbillon"",""concept.encyclopedia.complications.gmt-tourbillon-y-fuerza-constante.remontoir-de-igualdad""]","[]","[]","1/1 declared visuals ready or approved","[""multi-angle physical demonstration and reviewed result""]","K","P","simulation","normal","historical-context","[""lesson.title"",""lesson.purpose"",""lesson.objectives[0]"",""lesson.objectives[1]"",""lesson.objectives[2]"",""activity.encyclopedia.complications.toh-automatico-rotor.title"",""activity.encyclopedia.complications.toh-automatico-rotor.description""]","[""identical-english-spanish"",""redundant-names"",""overbroad-citation"",""modern-safety-source-required"",""template-conditioned-content"",""automatic-segmentation-break"",""single-lesson-module""]","needs-safety-review","manual-review","high","59","[{""reason"":""incidencias ponderadas"",""points"":59}]","Campos localizados en inglés repiten literalmente el español. Los nombres de módulo y lección son redundantes. Una o más fuentes se citan a nivel de capítulo, documento o sin localizador. El procedimiento necesita una fuente moderna de seguridad antes de cualquier uso operativo.","true"
"wplab.horology.watchmaking-encyclopedia","1.1.0","route.encyclopedia.complications","module.encyclopedia.complications.toh-reversores-deslizamiento","lesson.encyclopedia.complications.toh-reversores-deslizamiento","Reversores, desacoplamiento y limitación de carga","131","13","8","1","conceptual-model / explanation","2-understand-mechanical-systems","specialization","Explicar Reversores, desacoplamiento y limitación de carga mediante relaciones causales.","specific-observable","mechanism-explanation","manufacturing","source.private.toh.ch08","[""source.private.daniels.mainsprings"",""source.encyclopedia.original-synthesis""]","[""source.encyclopedia.original-synthesis"",""source.private.daniels.mainsprings [p.272-297; Mainsprings and Accessories]"",""source.private.toh.ch08 [p.170-189; 8]""]","page-or-figure","[""concept.encyclopedia.complications.toh-automatico-rotor.masa-oscilante"",""concept.encyclopedia.complications.toh-automatico-rotor.rectificacion-mecanica"",""concept.encyclopedia.complications.toh-automatico-rotor.rendimiento-de-carga""]","[]","[]","1/1 declared visuals ready or approved","[""dimensioned drawing, workholding, and operation states""]","K","R","simulation","normal","mixed","[""lesson.title"",""lesson.purpose"",""lesson.objectives[0]"",""lesson.objectives[1]"",""lesson.objectives[2]"",""activity.encyclopedia.complications.toh-reversores-deslizamiento.title"",""activity.encyclopedia.complications.toh-reversores-deslizamiento.description""]","[""identical-english-spanish"",""redundant-names"",""overbroad-citation"",""ocr-formula-unverified"",""modern-safety-source-required"",""template-conditioned-content"",""automatic-segmentation-break"",""single-lesson-module""]","needs-safety-review","manual-review","high","60","[{""reason"":""incidencias ponderadas"",""points"":60}]","Campos localizados en inglés repiten literalmente el español. Los nombres de módulo y lección son redundantes. Una o más fuentes se citan a nivel de capítulo, documento o sin localizador. Una fórmula vinculada a material OCR no consta como verificada visualmente.","true"
"wplab.horology.watchmaking-encyclopedia","1.1.0","route.encyclopedia.complications","module.encyclopedia.complications.toh-calendario-secuencia","lesson.encyclopedia.complications.toh-calendario-secuencia","Calendario simple, salto y corrección","132","13","9","1","conceptual-model / explanation","2-understand-mechanical-systems","specialization","Explicar Calendario simple, salto y corrección mediante relaciones causales.","specific-observable","mechanism-explanation","psychomotor-skill","source.private.toh.ch09","[""source.official.eta.2824"",""source.encyclopedia.original-synthesis""]","[""source.encyclopedia.original-synthesis"",""source.official.eta.2824"",""source.private.toh.ch09 [p.190-217; 9]""]","page-or-figure","[""concept.encyclopedia.complications.toh-reversores-deslizamiento.rueda-inversora"",""concept.encyclopedia.complications.toh-reversores-deslizamiento.desacoplamiento"",""concept.encyclopedia.complications.toh-reversores-deslizamiento.par-de-deslizamiento""]","[]","[]","1/1 declared visuals ready or approved","[""multi-angle physical demonstration and reviewed result""]","K","P","simulation","normal","mixed","[""lesson.title"",""lesson.purpose"",""lesson.objectives[0]"",""lesson.objectives[1]"",""lesson.objectives[2]"",""activity.encyclopedia.complications.toh-calendario-secuencia.title"",""activity.encyclopedia.complications.toh-calendario-secuencia.description""]","[""identical-english-spanish"",""redundant-names"",""overbroad-citation"",""modern-safety-source-required"",""template-conditioned-content"",""automatic-segmentation-break"",""single-lesson-module""]","needs-safety-review","manual-review","high","59","[{""reason"":""incidencias ponderadas"",""points"":59}]","Campos localizados en inglés repiten literalmente el español. Los nombres de módulo y lección son redundantes. Una o más fuentes se citan a nivel de capítulo, documento o sin localizador. El procedimiento necesita una fuente moderna de seguridad antes de cualquier uso operativo.","true"
"wplab.horology.watchmaking-encyclopedia","1.1.0","route.encyclopedia.complications","module.encyclopedia.complications.toh-calendario-perpetuo","lesson.encyclopedia.complications.toh-calendario-perpetuo","Calendarios completo, anual y perpetuo","133","13","10","1","conceptual-model / explanation","2-understand-mechanical-systems","specialization","Explicar Calendarios completo, anual y perpetuo mediante relaciones causales.","specific-observable","mechanism-explanation","psychomotor-skill","source.private.toh.ch09","[""source.private.daniels.movement-design"",""source.encyclopedia.original-synthesis""]","[""source.encyclopedia.original-synthesis"",""source.private.daniels.movement-design [p.298-335; Movement Design]"",""source.private.toh.ch09 [p.190-217; 9]""]","page-or-figure","[""concept.encyclopedia.complications.toh-calendario-secuencia.arrastre-de-fecha"",""concept.encyclopedia.complications.toh-calendario-secuencia.salto-de-calendario"",""concept.encyclopedia.complications.toh-calendario-secuencia.jumper""]","[]","[]","0/0 declared visuals ready or approved","[""multi-angle physical demonstration and reviewed result""]","K","P","simulation","historical-non-actionable","mixed","[""lesson.title"",""lesson.purpose"",""lesson.objectives[0]"",""lesson.objectives[1]"",""lesson.objectives[2]"",""activity.encyclopedia.complications.toh-calendario-perpetuo.title"",""activity.encyclopedia.complications.toh-calendario-perpetuo.description""]","[""identical-english-spanish"",""redundant-names"",""overbroad-citation"",""ocr-formula-unverified"",""hazardous-historical-procedure"",""modern-safety-source-required"",""inadequate-visual-support"",""template-conditioned-content"",""automatic-segmentation-break"",""single-lesson-module""]","needs-safety-review","manual-review","high","60","[{""reason"":""incidencias ponderadas"",""points"":60}]","Campos localizados en inglés repiten literalmente el español. Los nombres de módulo y lección son redundantes. Una o más fuentes se citan a nivel de capítulo, documento o sin localizador. Una fórmula vinculada a material OCR no consta como verificada visualmente.","true"
"wplab.horology.watchmaking-encyclopedia","1.1.0","route.encyclopedia.complications","module.encyclopedia.complications.toh-soneria-control","lesson.encyclopedia.complications.toh-soneria-control","Alarma, sonería y repetición a demanda","134","13","11","1","conceptual-model / explanation","2-understand-mechanical-systems","specialization","Explicar Alarma, sonería y repetición a demanda mediante relaciones causales.","specific-observable","mechanism-explanation","psychomotor-skill","source.private.toh.ch10","[""source.private.daniels.movement-design"",""source.encyclopedia.original-synthesis""]","[""source.encyclopedia.original-synthesis"",""source.private.daniels.movement-design [p.298-335; Movement Design]"",""source.private.toh.ch10 [p.218-225; 10]""]","page-or-figure","[""concept.encyclopedia.complications.toh-calendario-perpetuo.rueda-programa"",""concept.encyclopedia.complications.toh-calendario-perpetuo.gran-palanca"",""concept.encyclopedia.complications.toh-calendario-perpetuo.ciclo-bisiesto""]","[]","[]","0/0 declared visuals ready or approved","[""multi-angle physical demonstration and reviewed result""]","K","P","simulation","normal","mixed","[""lesson.title"",""lesson.purpose"",""lesson.objectives[0]"",""lesson.objectives[1]"",""lesson.objectives[2]"",""activity.encyclopedia.complications.toh-soneria-control.title"",""activity.encyclopedia.complications.toh-soneria-control.description""]","[""identical-english-spanish"",""redundant-names"",""overbroad-citation"",""ocr-formula-unverified"",""modern-safety-source-required"",""inadequate-visual-support"",""template-conditioned-content"",""automatic-segmentation-break"",""single-lesson-module""]","needs-safety-review","manual-review","high","60","[{""reason"":""incidencias ponderadas"",""points"":60}]","Campos localizados en inglés repiten literalmente el español. Los nombres de módulo y lección son redundantes. Una o más fuentes se citan a nivel de capítulo, documento o sin localizador. Una fórmula vinculada a material OCR no consta como verificada visualmente.","true"
"wplab.horology.watchmaking-encyclopedia","1.1.0","route.encyclopedia.complications","module.encyclopedia.complications.toh-cronografo-estados","lesson.encyclopedia.complications.toh-cronografo-estados","Cronógrafo: mando, embrague, freno y puesta a cero","135","13","12","1","transfer / explanation","2-understand-mechanical-systems","specialization","Explicar Cronógrafo: mando, embrague, freno y puesta a cero mediante relaciones causales.","specific-observable","mechanism-explanation","psychomotor-skill","source.private.toh.ch11","[""source.official.eta.7750"",""source.encyclopedia.original-synthesis""]","[""source.encyclopedia.original-synthesis"",""source.official.eta.7750"",""source.private.toh.ch11 [p.226-253; 11]""]","page-or-figure","[""concept.encyclopedia.complications.toh-soneria-control.rastrillo"",""concept.encyclopedia.complications.toh-soneria-control.caracol"",""concept.encyclopedia.complications.toh-soneria-control.pieza-sorpresa""]","[]","[]","0/0 declared visuals ready or approved","[""multi-angle physical demonstration and reviewed result""]","K","P","simulation","historical-non-actionable","mixed","[""lesson.title"",""lesson.purpose"",""lesson.objectives[0]"",""lesson.objectives[1]"",""lesson.objectives[2]"",""activity.encyclopedia.complications.toh-cronografo-estados.title"",""activity.encyclopedia.complications.toh-cronografo-estados.description""]","[""identical-english-spanish"",""redundant-names"",""overbroad-citation"",""hazardous-historical-procedure"",""modern-safety-source-required"",""inadequate-visual-support"",""template-conditioned-content"",""automatic-segmentation-break"",""single-lesson-module""]","needs-safety-review","manual-review","high","60","[{""reason"":""incidencias ponderadas"",""points"":60}]","Campos localizados en inglés repiten literalmente el español. Los nombres de módulo y lección son redundantes. Una o más fuentes se citan a nivel de capítulo, documento o sin localizador. La lección o sus fuentes contienen un procedimiento histórico peligroso; no debe convertirse en instrucción accionable.","true"
"wplab.horology.miyota8215","0.5.0","route.miyota8215.complete","module.miyota8215.identify","lesson.miyota8215.identify","Identificar el MIYOTA 8215","136","14","1","1","orientation / explanation","4-work-on-real-calibre","","Identificar y explicar identificar el miyota 8215 con fuentes.","specific-observable","calibre-service","calibre-service","source.miyota.8215.product-page","[""source.miyota.8215.specification"",""source.miyota.8215.drawing"",""source.miyota.8215.instruction-manual"",""source.miyota.8215.parts-list-exploded-view"",""source.horology.original-miyota8215""]","[""source.horology.original-miyota8215""]","document","[]","[]","[]","1/1 declared visuals ready or approved","[""official exploded view and calibre-specific sequence""]","K","P","specialist-workshop","caution","unknown","[""lesson.title"",""lesson.purpose"",""lesson.objectives[0]"",""lesson.objectives[1]"",""lesson.objectives[2]"",""activity.miyota8215.identify-calibre.title"",""activity.miyota8215.identify-calibre.description"",""activity.miyota8215.classify-provenance.title"",""activity.miyota8215.classify-provenance.description""]","[""empty-markdown-headings"",""identical-english-spanish"",""foreign-lesson-title"",""repeated-paragraph-or-instruction"",""redundant-names"",""overbroad-citation"",""numeric-data-without-locator"",""single-lesson-module"",""physical-skill-digital-only""]","needs-source-review","edit","high","78","[{""reason"":""incidencias ponderadas"",""points"":60},{""reason"":""MIYOTA 8215"",""points"":18}]","La lección contiene encabezados sin contenido verificable. Campos localizados en inglés repiten literalmente el español. El cuerpo contiene el título de otra lección; puede ser referencia válida o contaminación de plantilla. La lección comparte párrafos o instrucciones extensos con otras lecciones.","true"
"wplab.horology.miyota8215","0.5.0","route.miyota8215.complete","module.miyota8215.documentation","lesson.miyota8215.documentation","Leer su documentación","137","14","2","1","pretraining / explanation","4-work-on-real-calibre","","Identificar y explicar leer su documentación con fuentes.","specific-observable","calibre-service","calibre-service","source.miyota.8215.product-page","[""source.miyota.8215.specification"",""source.miyota.8215.drawing"",""source.miyota.8215.instruction-manual"",""source.miyota.8215.parts-list-exploded-view"",""source.horology.original-miyota8215""]","[""source.horology.original-miyota8215""]","document","[""concept.miyota8215.identify-calibre""]","[]","[]","1/1 declared visuals ready or approved","[""official exploded view and calibre-specific sequence""]","K","P","specialist-workshop","historical-non-actionable","unknown","[""lesson.title"",""lesson.purpose"",""lesson.objectives[0]"",""lesson.objectives[1]"",""lesson.objectives[2]"",""activity.miyota8215.locate-specification.title"",""activity.miyota8215.locate-specification.description"",""activity.miyota8215.associate-reference-part.title"",""activity.miyota8215.associate-reference-part.description"",""activity.miyota8215.detect-document-limit.title"",""activity.miyota8215.detect-document-limit.description""]","[""empty-markdown-headings"",""identical-english-spanish"",""foreign-lesson-title"",""repeated-paragraph-or-instruction"",""redundant-names"",""overbroad-citation"",""numeric-data-without-locator"",""hazardous-historical-procedure"",""modern-safety-source-required"",""single-lesson-module"",""physical-skill-digital-only""]","needs-safety-review","manual-review","high","78","[{""reason"":""incidencias ponderadas"",""points"":60},{""reason"":""MIYOTA 8215"",""points"":18}]","La lección contiene encabezados sin contenido verificable. Campos localizados en inglés repiten literalmente el español. El cuerpo contiene el título de otra lección; puede ser referencia válida o contaminación de plantilla. La lección comparte párrafos o instrucciones extensos con otras lecciones.","true"
"wplab.horology.miyota8215","0.5.0","route.miyota8215.complete","module.miyota8215.architecture","lesson.miyota8215.architecture","Arquitectura general","138","14","3","1","conceptual-model / explanation","4-work-on-real-calibre","","Identificar y explicar arquitectura general con fuentes.","specific-observable","calibre-service","calibre-service","source.miyota.8215.product-page","[""source.miyota.8215.specification"",""source.miyota.8215.drawing"",""source.miyota.8215.instruction-manual"",""source.miyota.8215.parts-list-exploded-view"",""source.horology.original-miyota8215""]","[""source.horology.original-miyota8215""]","document","[""concept.miyota8215.read-official-documentation""]","[]","[]","1/1 declared visuals ready or approved","[""official exploded view and calibre-specific sequence""]","K","P","specialist-workshop","caution","unknown","[""lesson.title"",""lesson.purpose"",""lesson.objectives[0]"",""lesson.objectives[1]"",""lesson.objectives[2]"",""activity.miyota8215.classify-subsystems.title"",""activity.miyota8215.classify-subsystems.description"",""activity.miyota8215.reconstruct-layers.title"",""activity.miyota8215.reconstruct-layers.description""]","[""empty-markdown-headings"",""identical-english-spanish"",""foreign-lesson-title"",""repeated-paragraph-or-instruction"",""redundant-names"",""overbroad-citation"",""numeric-data-without-locator"",""single-lesson-module"",""physical-skill-digital-only""]","needs-source-review","edit","high","78","[{""reason"":""incidencias ponderadas"",""points"":60},{""reason"":""MIYOTA 8215"",""points"":18}]","La lección contiene encabezados sin contenido verificable. Campos localizados en inglés repiten literalmente el español. El cuerpo contiene el título de otra lección; puede ser referencia válida o contaminación de plantilla. La lección comparte párrafos o instrucciones extensos con otras lecciones.","true"
"wplab.horology.miyota8215","0.5.0","route.miyota8215.complete","module.miyota8215.automatic","lesson.miyota8215.automatic","Rotor y carga automática","139","14","4","1","conceptual-model / explanation","4-work-on-real-calibre","","Identificar y explicar rotor y carga automática con fuentes.","specific-observable","calibre-service","calibre-service","source.miyota.8215.product-page","[""source.miyota.8215.specification"",""source.miyota.8215.drawing"",""source.miyota.8215.instruction-manual"",""source.miyota.8215.parts-list-exploded-view"",""source.horology.original-miyota8215""]","[""source.horology.original-miyota8215""]","document","[""concept.miyota8215.recognize-subsystems""]","[]","[]","1/1 declared visuals ready or approved","[""official exploded view and calibre-specific sequence""]","K","P","specialist-workshop","caution","unknown","[""lesson.title"",""lesson.purpose"",""lesson.objectives[0]"",""lesson.objectives[1]"",""lesson.objectives[2]"",""activity.miyota8215.follow-automatic.title"",""activity.miyota8215.follow-automatic.description"",""activity.miyota8215.compare-automatic-conceptual.title"",""activity.miyota8215.compare-automatic-conceptual.description""]","[""empty-markdown-headings"",""identical-english-spanish"",""foreign-lesson-title"",""repeated-paragraph-or-instruction"",""redundant-names"",""overbroad-citation"",""numeric-data-without-locator"",""single-lesson-module"",""physical-skill-digital-only""]","needs-source-review","edit","high","78","[{""reason"":""incidencias ponderadas"",""points"":60},{""reason"":""MIYOTA 8215"",""points"":18}]","La lección contiene encabezados sin contenido verificable. Campos localizados en inglés repiten literalmente el español. El cuerpo contiene el título de otra lección; puede ser referencia válida o contaminación de plantilla. La lección comparte párrafos o instrucciones extensos con otras lecciones.","true"
"wplab.horology.miyota8215","0.5.0","route.miyota8215.complete","module.miyota8215.winding-setting","lesson.miyota8215.winding-setting","Cuerda manual y puesta en hora","140","14","5","1","conceptual-model / explanation","4-work-on-real-calibre","","Identificar y explicar cuerda manual y puesta en hora con fuentes.","specific-observable","calibre-service","calibre-service","source.miyota.8215.product-page","[""source.miyota.8215.specification"",""source.miyota.8215.drawing"",""source.miyota.8215.instruction-manual"",""source.miyota.8215.parts-list-exploded-view"",""source.horology.original-miyota8215""]","[""source.horology.original-miyota8215""]","document","[""concept.miyota8215.explain-automatic""]","[]","[]","1/1 declared visuals ready or approved","[""official exploded view and calibre-specific sequence""]","K","P","specialist-workshop","caution","unknown","[""lesson.title"",""lesson.purpose"",""lesson.objectives[0]"",""lesson.objectives[1]"",""lesson.objectives[2]"",""activity.miyota8215.reconstruct-winding-states.title"",""activity.miyota8215.reconstruct-winding-states.description"",""activity.miyota8215.trace-manual-winding.title"",""activity.miyota8215.trace-manual-winding.description""]","[""empty-markdown-headings"",""identical-english-spanish"",""foreign-lesson-title"",""repeated-paragraph-or-instruction"",""redundant-names"",""overbroad-citation"",""single-lesson-module"",""physical-skill-digital-only""]","needs-source-review","edit","high","78","[{""reason"":""incidencias ponderadas"",""points"":60},{""reason"":""MIYOTA 8215"",""points"":18}]","La lección contiene encabezados sin contenido verificable. Campos localizados en inglés repiten literalmente el español. El cuerpo contiene el título de otra lección; puede ser referencia válida o contaminación de plantilla. La lección comparte párrafos o instrucciones extensos con otras lecciones.","true"
"wplab.horology.miyota8215","0.5.0","route.miyota8215.complete","module.miyota8215.calendar","lesson.miyota8215.calendar","Calendario","141","14","6","1","conceptual-model / explanation","4-work-on-real-calibre","","Identificar y explicar calendario con fuentes.","specific-observable","calibre-service","calibre-service","source.miyota.8215.product-page","[""source.miyota.8215.specification"",""source.miyota.8215.drawing"",""source.miyota.8215.instruction-manual"",""source.miyota.8215.parts-list-exploded-view"",""source.horology.original-miyota8215""]","[""source.horology.original-miyota8215""]","document","[""concept.miyota8215.explain-winding-setting""]","[]","[]","1/1 declared visuals ready or approved","[""official exploded view and calibre-specific sequence""]","K","P","specialist-workshop","caution","unknown","[""lesson.title"",""lesson.purpose"",""lesson.objectives[0]"",""lesson.objectives[1]"",""lesson.objectives[2]"",""activity.miyota8215.explain-calendar.title"",""activity.miyota8215.explain-calendar.description"",""activity.miyota8215.run-calendar-cycle.title"",""activity.miyota8215.run-calendar-cycle.description""]","[""empty-markdown-headings"",""identical-english-spanish"",""foreign-lesson-title"",""repeated-paragraph-or-instruction"",""redundant-names"",""overbroad-citation"",""numeric-data-without-locator"",""single-lesson-module"",""physical-skill-digital-only""]","needs-source-review","edit","high","78","[{""reason"":""incidencias ponderadas"",""points"":60},{""reason"":""MIYOTA 8215"",""points"":18}]","La lección contiene encabezados sin contenido verificable. Campos localizados en inglés repiten literalmente el español. El cuerpo contiene el título de otra lección; puede ser referencia válida o contaminación de plantilla. La lección comparte párrafos o instrucciones extensos con otras lecciones.","true"
"wplab.horology.miyota8215","0.5.0","route.miyota8215.complete","module.miyota8215.barrel-energy","lesson.miyota8215.barrel-energy","Barrilete y energía","142","14","7","1","conceptual-model / explanation","4-work-on-real-calibre","","Identificar y explicar barrilete y energía con fuentes.","specific-observable","calibre-service","diagnosis-case","source.miyota.8215.product-page","[""source.miyota.8215.specification"",""source.miyota.8215.drawing"",""source.miyota.8215.instruction-manual"",""source.miyota.8215.parts-list-exploded-view"",""source.horology.original-miyota8215""]","[""source.horology.original-miyota8215""]","document","[""concept.miyota8215.explain-calendar""]","[]","[]","1/1 declared visuals ready or approved","[""evidence trail, hypothesis table, and decision graph""]","K","R","specialist-workshop","historical-non-actionable","unknown","[""lesson.title"",""lesson.purpose"",""lesson.objectives[0]"",""lesson.objectives[1]"",""lesson.objectives[2]"",""activity.miyota8215.follow-barrel-energy.title"",""activity.miyota8215.follow-barrel-energy.description"",""activity.miyota8215.compare-barrel-conceptual.title"",""activity.miyota8215.compare-barrel-conceptual.description""]","[""empty-markdown-headings"",""identical-english-spanish"",""repeated-paragraph-or-instruction"",""redundant-names"",""overbroad-citation"",""numeric-data-without-locator"",""hazardous-historical-procedure"",""single-lesson-module"",""physical-skill-digital-only""]","needs-safety-review","manual-review","high","78","[{""reason"":""incidencias ponderadas"",""points"":60},{""reason"":""MIYOTA 8215"",""points"":18}]","La lección contiene encabezados sin contenido verificable. Campos localizados en inglés repiten literalmente el español. La lección comparte párrafos o instrucciones extensos con otras lecciones. Los nombres de módulo y lección son redundantes.","true"
"wplab.horology.miyota8215","0.5.0","route.miyota8215.complete","module.miyota8215.train","lesson.miyota8215.train","Tren de rodaje","143","14","8","1","conceptual-model / explanation","4-work-on-real-calibre","","Identificar y explicar tren de rodaje con fuentes.","specific-observable","calibre-service","calibre-service","source.miyota.8215.product-page","[""source.miyota.8215.specification"",""source.miyota.8215.drawing"",""source.miyota.8215.instruction-manual"",""source.miyota.8215.parts-list-exploded-view"",""source.horology.original-miyota8215""]","[""source.horology.original-miyota8215""]","document","[""concept.miyota8215.explain-energy-chain""]","[]","[]","1/1 declared visuals ready or approved","[""official exploded view and calibre-specific sequence""]","K","P","specialist-workshop","caution","unknown","[""lesson.title"",""lesson.purpose"",""lesson.objectives[0]"",""lesson.objectives[1]"",""lesson.objectives[2]"",""activity.miyota8215.identify-train.title"",""activity.miyota8215.identify-train.description"",""activity.miyota8215.interrupt-train.title"",""activity.miyota8215.interrupt-train.description""]","[""empty-markdown-headings"",""identical-english-spanish"",""foreign-lesson-title"",""repeated-paragraph-or-instruction"",""redundant-names"",""overbroad-citation"",""numeric-data-without-locator"",""single-lesson-module"",""physical-skill-digital-only""]","needs-source-review","edit","high","78","[{""reason"":""incidencias ponderadas"",""points"":60},{""reason"":""MIYOTA 8215"",""points"":18}]","La lección contiene encabezados sin contenido verificable. Campos localizados en inglés repiten literalmente el español. El cuerpo contiene el título de otra lección; puede ser referencia válida o contaminación de plantilla. La lección comparte párrafos o instrucciones extensos con otras lecciones.","true"
"wplab.horology.miyota8215","0.5.0","route.miyota8215.complete","module.miyota8215.escapement-oscillator","lesson.miyota8215.escapement-oscillator","Escape, volante y espiral","144","14","9","1","conceptual-model / explanation","4-work-on-real-calibre","","Identificar y explicar escape, volante y espiral con fuentes.","specific-observable","calibre-service","calibre-service","source.miyota.8215.product-page","[""source.miyota.8215.specification"",""source.miyota.8215.drawing"",""source.miyota.8215.instruction-manual"",""source.miyota.8215.parts-list-exploded-view"",""source.horology.original-miyota8215""]","[""source.horology.original-miyota8215""]","document","[""concept.miyota8215.identify-train""]","[]","[]","1/1 declared visuals ready or approved","[""official exploded view and calibre-specific sequence""]","K","P","specialist-workshop","historical-non-actionable","unknown","[""lesson.title"",""lesson.purpose"",""lesson.objectives[0]"",""lesson.objectives[1]"",""lesson.objectives[2]"",""activity.miyota8215.follow-escapement.title"",""activity.miyota8215.follow-escapement.description"",""activity.miyota8215.compare-conceptual-real.title"",""activity.miyota8215.compare-conceptual-real.description""]","[""empty-markdown-headings"",""identical-english-spanish"",""foreign-lesson-title"",""repeated-paragraph-or-instruction"",""redundant-names"",""overbroad-citation"",""numeric-data-without-locator"",""hazardous-historical-procedure"",""modern-safety-source-required"",""single-lesson-module"",""physical-skill-digital-only""]","needs-safety-review","manual-review","high","78","[{""reason"":""incidencias ponderadas"",""points"":60},{""reason"":""MIYOTA 8215"",""points"":18}]","La lección contiene encabezados sin contenido verificable. Campos localizados en inglés repiten literalmente el español. El cuerpo contiene el título de otra lección; puede ser referencia válida o contaminación de plantilla. La lección comparte párrafos o instrucciones extensos con otras lecciones.","true"
"wplab.horology.miyota8215","0.5.0","route.miyota8215.complete","module.miyota8215.plan-disassembly","lesson.miyota8215.plan-disassembly","Planificar el desmontaje","145","14","10","1","guided-practice / explanation","4-work-on-real-calibre","","Identificar y explicar planificar el desmontaje con fuentes.","specific-observable","calibre-service","calibre-service","source.miyota.8215.product-page","[""source.miyota.8215.specification"",""source.miyota.8215.drawing"",""source.miyota.8215.instruction-manual"",""source.miyota.8215.parts-list-exploded-view"",""source.horology.original-miyota8215""]","[""source.horology.original-miyota8215""]","document","[""concept.miyota8215.explain-escapement-oscillator""]","[]","[]","1/1 declared visuals ready or approved","[""official exploded view and calibre-specific sequence""]","K","P","specialist-workshop","historical-non-actionable","unknown","[""lesson.title"",""lesson.purpose"",""lesson.objectives[0]"",""lesson.objectives[1]"",""lesson.objectives[2]"",""activity.miyota8215.prepare-workbench.title"",""activity.miyota8215.prepare-workbench.description"",""activity.miyota8215.create-disassembly-plan.title"",""activity.miyota8215.create-disassembly-plan.description""]","[""empty-markdown-headings"",""identical-english-spanish"",""repeated-paragraph-or-instruction"",""redundant-names"",""overbroad-citation"",""numeric-data-without-locator"",""hazardous-historical-procedure"",""modern-safety-source-required"",""single-lesson-module"",""physical-skill-digital-only""]","needs-safety-review","manual-review","high","78","[{""reason"":""incidencias ponderadas"",""points"":60},{""reason"":""MIYOTA 8215"",""points"":18}]","La lección contiene encabezados sin contenido verificable. Campos localizados en inglés repiten literalmente el español. La lección comparte párrafos o instrucciones extensos con otras lecciones. Los nombres de módulo y lección son redundantes.","true"
"wplab.horology.miyota8215","0.5.0","route.miyota8215.complete","module.miyota8215.guided-disassembly","lesson.miyota8215.guided-disassembly","Desmontaje guiado","146","14","11","1","guided-practice / explanation","4-work-on-real-calibre","","Identificar y explicar desmontaje guiado con fuentes.","specific-observable","calibre-service","calibre-service","source.miyota.8215.product-page","[""source.miyota.8215.specification"",""source.miyota.8215.drawing"",""source.miyota.8215.instruction-manual"",""source.miyota.8215.parts-list-exploded-view"",""source.horology.original-miyota8215""]","[""source.horology.original-miyota8215""]","document","[""concept.miyota8215.prepare-disassembly""]","[]","[]","1/1 declared visuals ready or approved","[""official exploded view and calibre-specific sequence""]","K","P","specialist-workshop","caution","unknown","[""lesson.title"",""lesson.purpose"",""lesson.objectives[0]"",""lesson.objectives[1]"",""lesson.objectives[2]"",""activity.miyota8215.remove-rotor.title"",""activity.miyota8215.remove-rotor.description"",""activity.miyota8215.manage-fasteners.title"",""activity.miyota8215.manage-fasteners.description"",""activity.miyota8215.guided-disassembly.title"",""activity.miyota8215.guided-disassembly.description""]","[""empty-markdown-headings"",""identical-english-spanish"",""foreign-lesson-title"",""repeated-paragraph-or-instruction"",""redundant-names"",""overbroad-citation"",""numeric-data-without-locator"",""single-lesson-module"",""physical-skill-digital-only""]","needs-source-review","edit","high","78","[{""reason"":""incidencias ponderadas"",""points"":60},{""reason"":""MIYOTA 8215"",""points"":18}]","La lección contiene encabezados sin contenido verificable. Campos localizados en inglés repiten literalmente el español. El cuerpo contiene el título de otra lección; puede ser referencia válida o contaminación de plantilla. La lección comparte párrafos o instrucciones extensos con otras lecciones.","true"
"wplab.horology.miyota8215","0.5.0","route.miyota8215.complete","module.miyota8215.assisted-free-disassembly","lesson.miyota8215.assisted-free-disassembly","Desmontaje asistido y libre","147","14","12","1","guided-practice / explanation","4-work-on-real-calibre","","Identificar y explicar desmontaje asistido y libre con fuentes.","specific-observable","calibre-service","calibre-service","source.miyota.8215.product-page","[""source.miyota.8215.specification"",""source.miyota.8215.drawing"",""source.miyota.8215.instruction-manual"",""source.miyota.8215.parts-list-exploded-view"",""source.horology.original-miyota8215""]","[""source.horology.original-miyota8215""]","document","[""concept.miyota8215.virtual-disassembly""]","[]","[]","1/1 declared visuals ready or approved","[""official exploded view and calibre-specific sequence""]","V","P","specialist-workshop","caution","unknown","[""lesson.title"",""lesson.purpose"",""lesson.objectives[0]"",""lesson.objectives[1]"",""lesson.objectives[2]"",""activity.miyota8215.assisted-disassembly.title"",""activity.miyota8215.assisted-disassembly.description"",""activity.miyota8215.free-disassembly.title"",""activity.miyota8215.free-disassembly.description""]","[""empty-markdown-headings"",""identical-english-spanish"",""repeated-paragraph-or-instruction"",""redundant-names"",""overbroad-citation"",""numeric-data-without-locator"",""single-lesson-module"",""physical-skill-digital-only""]","needs-source-review","edit","high","78","[{""reason"":""incidencias ponderadas"",""points"":60},{""reason"":""MIYOTA 8215"",""points"":18}]","La lección contiene encabezados sin contenido verificable. Campos localizados en inglés repiten literalmente el español. La lección comparte párrafos o instrucciones extensos con otras lecciones. Los nombres de módulo y lección son redundantes.","true"
"wplab.horology.miyota8215","0.5.0","route.miyota8215.complete","module.miyota8215.inspection","lesson.miyota8215.inspection","Inspección","148","14","13","1","guided-practice / explanation","4-work-on-real-calibre","","Identificar y explicar inspección con fuentes.","specific-observable","calibre-service","diagnosis-case","source.miyota.8215.product-page","[""source.miyota.8215.specification"",""source.miyota.8215.drawing"",""source.miyota.8215.instruction-manual"",""source.miyota.8215.parts-list-exploded-view"",""source.horology.original-miyota8215""]","[""source.horology.original-miyota8215""]","document","[""concept.miyota8215.virtual-disassembly""]","[]","[]","1/1 declared visuals ready or approved","[""evidence trail, hypothesis table, and decision graph""]","K","R","specialist-workshop","caution","unknown","[""lesson.title"",""lesson.purpose"",""lesson.objectives[0]"",""lesson.objectives[1]"",""lesson.objectives[2]"",""activity.miyota8215.inspect-parts.title"",""activity.miyota8215.inspect-parts.description"",""activity.miyota8215.detect-symbolic-defect.title"",""activity.miyota8215.detect-symbolic-defect.description""]","[""empty-markdown-headings"",""identical-english-spanish"",""foreign-lesson-title"",""repeated-paragraph-or-instruction"",""redundant-names"",""overbroad-citation"",""numeric-data-without-locator"",""single-lesson-module"",""physical-skill-digital-only""]","needs-source-review","edit","critical","94","[{""reason"":""incidencias ponderadas"",""points"":60},{""reason"":""MIYOTA 8215"",""points"":18},{""reason"":""inspección"",""points"":16}]","La lección contiene encabezados sin contenido verificable. Campos localizados en inglés repiten literalmente el español. El cuerpo contiene el título de otra lección; puede ser referencia válida o contaminación de plantilla. La lección comparte párrafos o instrucciones extensos con otras lecciones.","true"
"wplab.horology.miyota8215","0.5.0","route.miyota8215.complete","module.miyota8215.assembly-verification","lesson.miyota8215.assembly-verification","Montaje y comprobaciones","149","14","14","1","guided-practice / explanation","4-work-on-real-calibre","","Identificar y explicar montaje y comprobaciones con fuentes.","specific-observable","calibre-service","diagnosis-case","source.miyota.8215.product-page","[""source.miyota.8215.specification"",""source.miyota.8215.drawing"",""source.miyota.8215.instruction-manual"",""source.miyota.8215.parts-list-exploded-view"",""source.horology.original-miyota8215""]","[""source.horology.original-miyota8215""]","document","[""concept.miyota8215.inspect""]","[]","[]","1/1 declared visuals ready or approved","[""evidence trail, hypothesis table, and decision graph""]","V","R","specialist-workshop","caution","unknown","[""lesson.title"",""lesson.purpose"",""lesson.objectives[0]"",""lesson.objectives[1]"",""lesson.objectives[2]"",""activity.miyota8215.guided-assembly.title"",""activity.miyota8215.guided-assembly.description"",""activity.miyota8215.assisted-assembly.title"",""activity.miyota8215.assisted-assembly.description"",""activity.miyota8215.free-assembly.title"",""activity.miyota8215.free-assembly.description"",""activity.miyota8215.partial-verifications.title""]","[""empty-markdown-headings"",""identical-english-spanish"",""foreign-lesson-title"",""repeated-paragraph-or-instruction"",""redundant-names"",""overbroad-citation"",""numeric-data-without-locator"",""single-lesson-module"",""physical-skill-digital-only""]","needs-source-review","edit","high","78","[{""reason"":""incidencias ponderadas"",""points"":60},{""reason"":""MIYOTA 8215"",""points"":18}]","La lección contiene encabezados sin contenido verificable. Campos localizados en inglés repiten literalmente el español. El cuerpo contiene el título de otra lección; puede ser referencia válida o contaminación de plantilla. La lección comparte párrafos o instrucciones extensos con otras lecciones.","true"
"wplab.horology.miyota8215","0.5.0","route.miyota8215.complete","module.miyota8215.diagnosis-project","lesson.miyota8215.diagnosis-project","Diagnóstico y proyecto final","150","14","15","1","transfer / explanation","4-work-on-real-calibre","","Identificar y explicar diagnóstico y proyecto final con fuentes.","specific-observable","calibre-service","diagnosis-case","source.miyota.8215.product-page","[""source.miyota.8215.specification"",""source.miyota.8215.drawing"",""source.miyota.8215.instruction-manual"",""source.miyota.8215.parts-list-exploded-view"",""source.horology.original-miyota8215""]","[""source.horology.original-miyota8215""]","document","[""concept.miyota8215.virtual-assembly""]","[]","[]","1/1 declared visuals ready or approved","[""evidence trail, hypothesis table, and decision graph""]","R","R","specialist-workshop","caution","unknown","[""lesson.title"",""lesson.purpose"",""lesson.objectives[0]"",""lesson.objectives[1]"",""lesson.objectives[2]"",""activity.miyota8215.identify-affected-subsystem.title"",""activity.miyota8215.identify-affected-subsystem.description"",""activity.miyota8215.form-hypothesis.title"",""activity.miyota8215.form-hypothesis.description"",""activity.miyota8215.select-verification.title"",""activity.miyota8215.select-verification.description"",""activity.miyota8215.complete-diagnosis.title""]","[""empty-markdown-headings"",""identical-english-spanish"",""repeated-paragraph-or-instruction"",""redundant-names"",""overbroad-citation"",""numeric-data-without-locator"",""single-lesson-module"",""physical-skill-digital-only""]","needs-source-review","edit","critical","93","[{""reason"":""incidencias ponderadas"",""points"":60},{""reason"":""MIYOTA 8215"",""points"":18},{""reason"":""diagnóstico"",""points"":15}]","La lección contiene encabezados sin contenido verificable. Campos localizados en inglés repiten literalmente el español. La lección comparte párrafos o instrucciones extensos con otras lecciones. Los nombres de módulo y lección son redundantes.","true"
"wplab.horology.watchmaking-encyclopedia","1.1.0","route.encyclopedia.cases-water","module.encyclopedia.cases-water.arquitectura-de-caja","lesson.encyclopedia.cases-water.arquitectura-de-caja","Arquitectura de caja y encaje del movimiento","151","15","1","1","conceptual-model / explanation","6-repair-adapt-manufacture-components","","Explicar Arquitectura de caja y encaje del movimiento mediante relaciones causales.","specific-observable","visual-anatomy","psychomotor-skill","source.private.daniels.casemaking","[""source.official.miyota.2035"",""source.official.miyota.8215""]","[""source.official.miyota.2035"",""source.official.miyota.8215"",""source.private.daniels.casemaking [p.371-386; Casemaking]""]","page-or-figure","[]","[]","[]","0/0 declared visuals ready or approved","[""multi-angle physical demonstration and reviewed result""]","K","P","simulation","normal","unknown","[""lesson.title"",""lesson.purpose"",""lesson.objectives[0]"",""lesson.objectives[1]"",""lesson.objectives[2]"",""activity.encyclopedia.cases-water.arquitectura-de-caja.title"",""activity.encyclopedia.cases-water.arquitectura-de-caja.description""]","[""identical-english-spanish"",""redundant-names"",""overbroad-citation"",""ocr-formula-unverified"",""inadequate-visual-support"",""automatic-segmentation-break"",""single-lesson-module""]","needs-source-review","manual-review","high","59","[{""reason"":""incidencias ponderadas"",""points"":59}]","Campos localizados en inglés repiten literalmente el español. Los nombres de módulo y lección son redundantes. Una o más fuentes se citan a nivel de capítulo, documento o sin localizador. Una fórmula vinculada a material OCR no consta como verificada visualmente.","true"
"wplab.horology.watchmaking-encyclopedia","1.1.0","route.encyclopedia.cases-water","module.encyclopedia.cases-water.corona-tubo-y-tija","lesson.encyclopedia.cases-water.corona-tubo-y-tija","Corona, tubo, tija y órganos de mando","152","15","2","1","conceptual-model / explanation","6-repair-adapt-manufacture-components","","Explicar Corona, tubo, tija y órganos de mando mediante relaciones causales.","specific-observable","mechanism-explanation","psychomotor-skill","source.private.daniels.casemaking","[""source.institutional.awci.standards"",""source.external.watchguy-manuals""]","[""source.external.watchguy-manuals"",""source.institutional.awci.standards"",""source.private.daniels.casemaking [p.371-386; Casemaking]""]","page-or-figure","[""concept.encyclopedia.cases-water.arquitectura-de-caja.carrura"",""concept.encyclopedia.cases-water.arquitectura-de-caja.aro-de-encaje"",""concept.encyclopedia.cases-water.arquitectura-de-caja.linea-de-tija""]","[]","[]","0/0 declared visuals ready or approved","[""multi-angle physical demonstration and reviewed result""]","K","P","simulation","normal","unknown","[""lesson.title"",""lesson.purpose"",""lesson.objectives[0]"",""lesson.objectives[1]"",""lesson.objectives[2]"",""activity.encyclopedia.cases-water.corona-tubo-y-tija.title"",""activity.encyclopedia.cases-water.corona-tubo-y-tija.description""]","[""identical-english-spanish"",""redundant-names"",""overbroad-citation"",""ocr-formula-unverified"",""inadequate-visual-support"",""automatic-segmentation-break"",""single-lesson-module""]","needs-source-review","manual-review","high","59","[{""reason"":""incidencias ponderadas"",""points"":59}]","Campos localizados en inglés repiten literalmente el español. Los nombres de módulo y lección son redundantes. Una o más fuentes se citan a nivel de capítulo, documento o sin localizador. Una fórmula vinculada a material OCR no consta como verificada visualmente.","true"
"wplab.horology.watchmaking-encyclopedia","1.1.0","route.encyclopedia.cases-water","module.encyclopedia.cases-water.cristales-y-biseles","lesson.encyclopedia.cases-water.cristales-y-biseles","Cristales, biseles, tensiones y adhesivos","153","15","3","1","conceptual-model / explanation","6-repair-adapt-manufacture-components","","Explicar Cristales, biseles, tensiones y adhesivos mediante relaciones causales.","specific-observable","mechanism-explanation","psychomotor-skill","source.private.daniels.casemaking","[""source.institutional.awci.standards"",""source.external.ashton-tracy""]","[""source.external.ashton-tracy"",""source.institutional.awci.standards"",""source.private.daniels.casemaking [p.371-386; Casemaking]""]","page-or-figure","[""concept.encyclopedia.cases-water.corona-tubo-y-tija.tubo-de-corona"",""concept.encyclopedia.cases-water.corona-tubo-y-tija.longitud-funcional-de-tija"",""concept.encyclopedia.cases-water.corona-tubo-y-tija.corona-roscada""]","[]","[]","0/0 declared visuals ready or approved","[""multi-angle physical demonstration and reviewed result""]","K","P","simulation","normal","unknown","[""lesson.title"",""lesson.purpose"",""lesson.objectives[0]"",""lesson.objectives[1]"",""lesson.objectives[2]"",""activity.encyclopedia.cases-water.cristales-y-biseles.title"",""activity.encyclopedia.cases-water.cristales-y-biseles.description""]","[""identical-english-spanish"",""redundant-names"",""overbroad-citation"",""ocr-formula-unverified"",""inadequate-visual-support"",""automatic-segmentation-break"",""single-lesson-module""]","needs-source-review","manual-review","high","59","[{""reason"":""incidencias ponderadas"",""points"":59}]","Campos localizados en inglés repiten literalmente el español. Los nombres de módulo y lección son redundantes. Una o más fuentes se citan a nivel de capítulo, documento o sin localizador. Una fórmula vinculada a material OCR no consta como verificada visualmente.","true"
"wplab.horology.watchmaking-encyclopedia","1.1.0","route.encyclopedia.cases-water","module.encyclopedia.cases-water.juntas-y-sellado","lesson.encyclopedia.cases-water.juntas-y-sellado","Juntas, compresión y rutas de fuga","154","15","4","1","conceptual-model / explanation","6-repair-adapt-manufacture-components","","Explicar Juntas, compresión y rutas de fuga mediante relaciones causales.","specific-observable","measurement","psychomotor-skill","source.institutional.awci.standards","[""source.external.dean-dk"",""source.encyclopedia.original-synthesis""]","[""source.encyclopedia.original-synthesis"",""source.external.dean-dk"",""source.institutional.awci.standards""]","document","[""concept.encyclopedia.cases-water.cristales-y-biseles.ajuste-por-interferencia"",""concept.encyclopedia.cases-water.cristales-y-biseles.bisel"",""concept.encyclopedia.cases-water.cristales-y-biseles.tension-residual""]","[]","[]","0/0 declared visuals ready or approved","[""multi-angle physical demonstration and reviewed result""]","K","P","simulation","normal","unknown","[""lesson.title"",""lesson.purpose"",""lesson.objectives[0]"",""lesson.objectives[1]"",""lesson.objectives[2]"",""activity.encyclopedia.cases-water.juntas-y-sellado.title"",""activity.encyclopedia.cases-water.juntas-y-sellado.description""]","[""identical-english-spanish"",""redundant-names"",""overbroad-citation"",""numeric-data-without-locator"",""inadequate-visual-support"",""automatic-segmentation-break"",""single-lesson-module""]","needs-source-review","split","medium","46","[{""reason"":""incidencias ponderadas"",""points"":46}]","Campos localizados en inglés repiten literalmente el español. Los nombres de módulo y lección son redundantes. Una o más fuentes se citan a nivel de capítulo, documento o sin localizador. Hay datos numéricos o relaciones cuantitativas sin página, figura o tabla aplicable.","true"
"wplab.horology.watchmaking-encyclopedia","1.1.0","route.encyclopedia.cases-water","module.encyclopedia.cases-water.pruebas-de-presion","lesson.encyclopedia.cases-water.pruebas-de-presion","Pruebas de presión, condensación y límites de seguridad","155","15","5","1","conceptual-model / explanation","6-repair-adapt-manufacture-components","","Explicar Pruebas de presión, condensación y límites de seguridad mediante relaciones causales.","specific-observable","measurement","psychomotor-skill","source.institutional.awci.standards","[""source.external.dean-dk"",""source.encyclopedia.original-synthesis""]","[""source.encyclopedia.original-synthesis"",""source.external.dean-dk"",""source.institutional.awci.standards""]","document","[""concept.encyclopedia.cases-water.juntas-y-sellado.compresion-de-junta"",""concept.encyclopedia.cases-water.juntas-y-sellado.ruta-de-fuga"",""concept.encyclopedia.cases-water.juntas-y-sellado.set-de-compresion""]","[]","[]","0/0 declared visuals ready or approved","[""multi-angle physical demonstration and reviewed result""]","K","P","simulation","normal","unknown","[""lesson.title"",""lesson.purpose"",""lesson.objectives[0]"",""lesson.objectives[1]"",""lesson.objectives[2]"",""activity.encyclopedia.cases-water.pruebas-de-presion.title"",""activity.encyclopedia.cases-water.pruebas-de-presion.description""]","[""identical-english-spanish"",""redundant-names"",""overbroad-citation"",""numeric-data-without-locator"",""inadequate-visual-support"",""automatic-segmentation-break"",""single-lesson-module""]","needs-source-review","split","medium","46","[{""reason"":""incidencias ponderadas"",""points"":46}]","Campos localizados en inglés repiten literalmente el español. Los nombres de módulo y lección son redundantes. Una o más fuentes se citan a nivel de capítulo, documento o sin localizador. Hay datos numéricos o relaciones cuantitativas sin página, figura o tabla aplicable.","true"
"wplab.horology.watchmaking-encyclopedia","1.1.0","route.encyclopedia.cases-water","module.encyclopedia.cases-water.brazaletes-y-restauracion-de-caja","lesson.encyclopedia.cases-water.brazaletes-y-restauracion-de-caja","Brazaletes, cierres y restauración responsable de caja","156","15","6","1","conceptual-model / explanation","6-repair-adapt-manufacture-components","","Explicar Brazaletes, cierres y restauración responsable de caja mediante relaciones causales.","specific-observable","mechanism-explanation","psychomotor-skill","source.external.ashton-tracy","[""source.external.naked-watchmaker"",""source.private.daniels.finishing-metals""]","[""source.external.ashton-tracy"",""source.external.naked-watchmaker"",""source.private.daniels.finishing-metals [p.73-90; Finishing Steel and Brass]""]","page-or-figure","[""concept.encyclopedia.cases-water.pruebas-de-presion.prueba-seca"",""concept.encyclopedia.cases-water.pruebas-de-presion.presion-diferencial"",""concept.encyclopedia.cases-water.pruebas-de-presion.criterio-de-prueba""]","[]","[]","0/0 declared visuals ready or approved","[""multi-angle physical demonstration and reviewed result""]","K","P","simulation","normal","unknown","[""lesson.title"",""lesson.purpose"",""lesson.objectives[0]"",""lesson.objectives[1]"",""lesson.objectives[2]"",""activity.encyclopedia.cases-water.brazaletes-y-restauracion-de-caja.title"",""activity.encyclopedia.cases-water.brazaletes-y-restauracion-de-caja.description""]","[""identical-english-spanish"",""redundant-names"",""overbroad-citation"",""ocr-formula-unverified"",""inadequate-visual-support"",""automatic-segmentation-break"",""single-lesson-module""]","needs-source-review","manual-review","high","59","[{""reason"":""incidencias ponderadas"",""points"":59}]","Campos localizados en inglés repiten literalmente el español. Los nombres de módulo y lección son redundantes. Una o más fuentes se citan a nivel de capítulo, documento o sin localizador. Una fórmula vinculada a material OCR no consta como verificada visualmente.","true"
"wplab.horology.watchmaking-encyclopedia","1.1.0","route.encyclopedia.cases-water","module.encyclopedia.cases-water.toh-exterior-interfaces","lesson.encyclopedia.cases-water.toh-exterior-interfaces","Exterior del reloj como cadena de interfaces","157","15","7","1","conceptual-model / explanation","6-repair-adapt-manufacture-components","","Explicar Exterior del reloj como cadena de interfaces mediante relaciones causales.","specific-observable","mechanism-explanation","psychomotor-skill","source.private.toh.ch12","[""source.private.daniels.casemaking"",""source.encyclopedia.original-synthesis""]","[""source.encyclopedia.original-synthesis"",""source.private.daniels.casemaking [p.371-386; Casemaking]"",""source.private.toh.ch12 [p.254-275; 12]""]","page-or-figure","[""concept.encyclopedia.cases-water.brazaletes-y-restauracion-de-caja.conservacion"",""concept.encyclopedia.cases-water.brazaletes-y-restauracion-de-caja.geometria-de-arista"",""concept.encyclopedia.cases-water.brazaletes-y-restauracion-de-caja.pasador-de-seguridad""]","[]","[]","0/0 declared visuals ready or approved","[""multi-angle physical demonstration and reviewed result""]","K","P","simulation","normal","mixed","[""lesson.title"",""lesson.purpose"",""lesson.objectives[0]"",""lesson.objectives[1]"",""lesson.objectives[2]"",""activity.encyclopedia.cases-water.toh-exterior-interfaces.title"",""activity.encyclopedia.cases-water.toh-exterior-interfaces.description""]","[""identical-english-spanish"",""redundant-names"",""overbroad-citation"",""ocr-formula-unverified"",""modern-safety-source-required"",""inadequate-visual-support"",""automatic-segmentation-break"",""single-lesson-module""]","needs-safety-review","manual-review","high","60","[{""reason"":""incidencias ponderadas"",""points"":60}]","Campos localizados en inglés repiten literalmente el español. Los nombres de módulo y lección son redundantes. Una o más fuentes se citan a nivel de capítulo, documento o sin localizador. Una fórmula vinculada a material OCR no consta como verificada visualmente.","true"
"wplab.horology.watchmaking-encyclopedia","1.1.0","route.encyclopedia.cases-water","module.encyclopedia.cases-water.toh-materiales-exterior","lesson.encyclopedia.cases-water.toh-materiales-exterior","Materiales, cristales, juntas y fijaciones exteriores","158","15","8","1","conceptual-model / explanation","6-repair-adapt-manufacture-components","","Explicar Materiales, cristales, juntas y fijaciones exteriores mediante relaciones causales.","specific-observable","mechanism-explanation","manufacturing","source.private.toh.ch12","[""source.official.bipm.vim"",""source.encyclopedia.original-synthesis""]","[""source.encyclopedia.original-synthesis"",""source.official.bipm.vim"",""source.private.toh.ch12 [p.254-275; 12]""]","page-or-figure","[""concept.encyclopedia.cases-water.toh-exterior-interfaces.pila-axial"",""concept.encyclopedia.cases-water.toh-exterior-interfaces.interfaz-radial"",""concept.encyclopedia.cases-water.toh-exterior-interfaces.envolvente-funcional""]","[]","[]","0/0 declared visuals ready or approved","[""dimensioned drawing, workholding, and operation states""]","K","R","simulation","normal","mixed","[""lesson.title"",""lesson.purpose"",""lesson.objectives[0]"",""lesson.objectives[1]"",""lesson.objectives[2]"",""activity.encyclopedia.cases-water.toh-materiales-exterior.title"",""activity.encyclopedia.cases-water.toh-materiales-exterior.description""]","[""identical-english-spanish"",""redundant-names"",""overbroad-citation"",""modern-safety-source-required"",""inadequate-visual-support"",""automatic-segmentation-break"",""single-lesson-module""]","needs-safety-review","manual-review","high","59","[{""reason"":""incidencias ponderadas"",""points"":59}]","Campos localizados en inglés repiten literalmente el español. Los nombres de módulo y lección son redundantes. Una o más fuentes se citan a nivel de capítulo, documento o sin localizador. El procedimiento necesita una fuente moderna de seguridad antes de cualquier uso operativo.","true"
"wplab.horology.watchmaking-encyclopedia","1.1.0","route.encyclopedia.cases-water","module.encyclopedia.cases-water.chicago-caja-corona-tija","lesson.encyclopedia.cases-water.chicago-caja-corona-tija","Expediente Chicago I: caja, corona, tubo y tija","159","15","9","1","conceptual-model / explanation","6-repair-adapt-manufacture-components","","Explicar Expediente Chicago I: caja, corona, tubo y tija mediante relaciones causales.","specific-observable","mechanism-explanation","psychomotor-skill","source.private.chicago.1","[""source.private.chicago.2"",""source.private.chicago.4"",""source.encyclopedia.original-synthesis""]","[""source.private.chicago.1 [Fundamental principles, equipment and casing]"",""source.private.chicago.2 [Crowns, stems, sleeves and bows]"",""source.private.chicago.4 [Nomenclature and sizes]""]","chapter-or-section","[""concept.encyclopedia.cases-water.toh-materiales-exterior.compatibilidad-material"",""concept.encyclopedia.cases-water.toh-materiales-exterior.deformacion-de-junta"",""concept.encyclopedia.cases-water.toh-materiales-exterior.asiento-funcional""]","[]","[]","0/0 declared visuals ready or approved","[""multi-angle physical demonstration and reviewed result""]","K","P","simulation","normal","historical-context","[""lesson.title"",""lesson.purpose"",""lesson.objectives[0]"",""lesson.objectives[1]"",""lesson.objectives[2]"",""activity.encyclopedia.cases-water.chicago-caja-corona-tija.title"",""activity.encyclopedia.cases-water.chicago-caja-corona-tija.description""]","[""identical-english-spanish"",""redundant-names"",""overbroad-citation"",""numeric-data-without-locator"",""modern-safety-source-required"",""inadequate-visual-support"",""automatic-segmentation-break"",""single-lesson-module""]","needs-safety-review","manual-review","high","60","[{""reason"":""incidencias ponderadas"",""points"":60}]","Campos localizados en inglés repiten literalmente el español. Los nombres de módulo y lección son redundantes. Una o más fuentes se citan a nivel de capítulo, documento o sin localizador. Hay datos numéricos o relaciones cuantitativas sin página, figura o tabla aplicable.","true"
"wplab.horology.watchmaking-encyclopedia","1.1.0","route.encyclopedia.cases-water","module.encyclopedia.cases-water.chicago-cristales-fijaciones","lesson.encyclopedia.cases-water.chicago-cristales-fijaciones","Expediente Chicago II: cristales, biseles y fijaciones","160","15","10","1","transfer / explanation","6-repair-adapt-manufacture-components","","Explicar Expediente Chicago II: cristales, biseles y fijaciones mediante relaciones causales.","specific-observable","mechanism-explanation","psychomotor-skill","source.private.chicago.3","[""source.private.toh.ch12"",""source.encyclopedia.original-synthesis""]","[""source.encyclopedia.original-synthesis"",""source.private.chicago.3 [Fitting watch crystals and attachments]"",""source.private.toh.ch12 [p.254-275; 12]""]","page-or-figure","[""concept.encyclopedia.cases-water.chicago-caja-corona-tija.mando-exterior"",""concept.encyclopedia.cases-water.chicago-caja-corona-tija.manga-o-sleeve"",""concept.encyclopedia.cases-water.chicago-caja-corona-tija.compatibilidad-de-rosca""]","[]","[]","0/0 declared visuals ready or approved","[""multi-angle physical demonstration and reviewed result""]","K","P","simulation","normal","historical-context","[""lesson.title"",""lesson.purpose"",""lesson.objectives[0]"",""lesson.objectives[1]"",""lesson.objectives[2]"",""activity.encyclopedia.cases-water.chicago-cristales-fijaciones.title"",""activity.encyclopedia.cases-water.chicago-cristales-fijaciones.description""]","[""identical-english-spanish"",""redundant-names"",""overbroad-citation"",""modern-safety-source-required"",""inadequate-visual-support"",""automatic-segmentation-break"",""single-lesson-module""]","needs-safety-review","manual-review","high","59","[{""reason"":""incidencias ponderadas"",""points"":59}]","Campos localizados en inglés repiten literalmente el español. Los nombres de módulo y lección son redundantes. Una o más fuentes se citan a nivel de capítulo, documento o sin localizador. El procedimiento necesita una fuente moderna de seguridad antes de cualquier uso operativo.","true"
"wplab.horology.watchmaking-encyclopedia","1.1.0","route.encyclopedia.micromechanics","module.encyclopedia.micromechanics.trazado-medicion-y-sujecion","lesson.encyclopedia.micromechanics.trazado-medicion-y-sujecion","Trazado, referencias, medición y sujeción","161","16","1","1","conceptual-model / explanation","3-observe-measure-diagnose","","Explicar Trazado, referencias, medición y sujeción mediante relaciones causales.","specific-observable","measurement","manufacturing","source.private.daniels.workshop-equipment","[""source.private.daniels.turning"",""source.private.vba-uhrentechnik""]","[""source.private.daniels.turning [p.91-122; Turning]"",""source.private.daniels.workshop-equipment [p.26-48; Workshop and Equipment]"",""source.private.vba-uhrentechnik""]","page-or-figure","[]","[]","[]","0/0 declared visuals ready or approved","[""dimensioned drawing, workholding, and operation states""]","K","R","simulation","normal","unknown","[""lesson.title"",""lesson.purpose"",""lesson.objectives[0]"",""lesson.objectives[1]"",""lesson.objectives[2]"",""activity.encyclopedia.micromechanics.trazado-medicion-y-sujecion.title"",""activity.encyclopedia.micromechanics.trazado-medicion-y-sujecion.description""]","[""identical-english-spanish"",""redundant-names"",""overbroad-citation"",""ocr-formula-unverified"",""inadequate-visual-support"",""automatic-segmentation-break"",""single-lesson-module""]","needs-source-review","manual-review","high","59","[{""reason"":""incidencias ponderadas"",""points"":59}]","Campos localizados en inglés repiten literalmente el español. Los nombres de módulo y lección son redundantes. Una o más fuentes se citan a nivel de capítulo, documento o sin localizador. Una fórmula vinculada a material OCR no consta como verificada visualmente.","true"
"wplab.horology.watchmaking-encyclopedia","1.1.0","route.encyclopedia.micromechanics","module.encyclopedia.micromechanics.torno-y-trabajo-entre-puntos","lesson.encyclopedia.micromechanics.torno-y-trabajo-entre-puntos","Torno relojero, pinzas y trabajo entre puntos","162","16","2","1","conceptual-model / explanation","6-repair-adapt-manufacture-components","","Explicar Torno relojero, pinzas y trabajo entre puntos mediante relaciones causales.","specific-observable","mechanism-explanation","manufacturing","source.private.daniels.turning","[""source.private.daniels.hand-tools"",""source.institutional.wostep.watchmaker""]","[""source.institutional.wostep.watchmaker"",""source.private.daniels.hand-tools [p.49-72; Hand Tools]"",""source.private.daniels.turning [p.91-122; Turning]""]","page-or-figure","[""concept.encyclopedia.micromechanics.trazado-medicion-y-sujecion.datum"",""concept.encyclopedia.micromechanics.trazado-medicion-y-sujecion.cadena-de-proceso"",""concept.encyclopedia.micromechanics.trazado-medicion-y-sujecion.sobrematerial""]","[]","[]","0/0 declared visuals ready or approved","[""dimensioned drawing, workholding, and operation states""]","K","R","specialist-workshop","caution","unknown","[""lesson.title"",""lesson.purpose"",""lesson.objectives[0]"",""lesson.objectives[1]"",""lesson.objectives[2]"",""activity.encyclopedia.micromechanics.torno-y-trabajo-entre-puntos.title"",""activity.encyclopedia.micromechanics.torno-y-trabajo-entre-puntos.description""]","[""identical-english-spanish"",""redundant-names"",""overbroad-citation"",""ocr-formula-unverified"",""inadequate-visual-support"",""automatic-segmentation-break"",""single-lesson-module"",""physical-skill-digital-only""]","needs-source-review","manual-review","high","75","[{""reason"":""incidencias ponderadas"",""points"":60},{""reason"":""fabricación"",""points"":15}]","Campos localizados en inglés repiten literalmente el español. Los nombres de módulo y lección son redundantes. Una o más fuentes se citan a nivel de capítulo, documento o sin localizador. Una fórmula vinculada a material OCR no consta como verificada visualmente.","true"
"wplab.horology.watchmaking-encyclopedia","1.1.0","route.encyclopedia.micromechanics","module.encyclopedia.micromechanics.ejes-pivotes-y-reparacion","lesson.encyclopedia.micromechanics.ejes-pivotes-y-reparacion","Ejes, pivotes, hombros y sustitución de staffs","163","16","3","1","conceptual-model / explanation","6-repair-adapt-manufacture-components","","Explicar Ejes, pivotes, hombros y sustitución de staffs mediante relaciones causales.","specific-observable","mechanism-explanation","manufacturing","source.private.daniels.turning","[""source.private.daniels.small-components"",""source.external.bobinchak-school""]","[""source.external.bobinchak-school"",""source.private.daniels.small-components [p.168-194; Making Small Components]"",""source.private.daniels.turning [p.91-122; Turning]""]","page-or-figure","[""concept.encyclopedia.micromechanics.torno-y-trabajo-entre-puntos.trabajo-entre-puntos"",""concept.encyclopedia.micromechanics.torno-y-trabajo-entre-puntos.excentricidad"",""concept.encyclopedia.micromechanics.torno-y-trabajo-entre-puntos.buril""]","[]","[]","0/0 declared visuals ready or approved","[""dimensioned drawing, workholding, and operation states""]","K","R","simulation","normal","unknown","[""lesson.title"",""lesson.purpose"",""lesson.objectives[0]"",""lesson.objectives[1]"",""lesson.objectives[2]"",""activity.encyclopedia.micromechanics.ejes-pivotes-y-reparacion.title"",""activity.encyclopedia.micromechanics.ejes-pivotes-y-reparacion.description""]","[""identical-english-spanish"",""redundant-names"",""overbroad-citation"",""ocr-formula-unverified"",""inadequate-visual-support"",""automatic-segmentation-break"",""single-lesson-module""]","needs-source-review","manual-review","high","59","[{""reason"":""incidencias ponderadas"",""points"":59}]","Campos localizados en inglés repiten literalmente el español. Los nombres de módulo y lección son redundantes. Una o más fuentes se citan a nivel de capítulo, documento o sin localizador. Una fórmula vinculada a material OCR no consta como verificada visualmente.","true"
"wplab.horology.watchmaking-encyclopedia","1.1.0","route.encyclopedia.micromechanics","module.encyclopedia.micromechanics.ruedas-y-pinones","lesson.encyclopedia.micromechanics.ruedas-y-pinones","Fabricación de ruedas, piñones y cortadores","164","16","4","1","conceptual-model / explanation","6-repair-adapt-manufacture-components","","Explicar Fabricación de ruedas, piñones y cortadores mediante relaciones causales.","specific-observable","mechanism-explanation","manufacturing","source.private.daniels.wheels-pinions","[""source.private.vba-uhrentechnik"",""source.private.daniels.movement-design""]","[""source.private.daniels.movement-design [p.298-335; Movement Design]"",""source.private.daniels.wheels-pinions [p.123-167; Wheels and Pinions]"",""source.private.vba-uhrentechnik""]","page-or-figure","[""concept.encyclopedia.micromechanics.ejes-pivotes-y-reparacion.pivote"",""concept.encyclopedia.micromechanics.ejes-pivotes-y-reparacion.hombro"",""concept.encyclopedia.micromechanics.ejes-pivotes-y-reparacion.brunido""]","[]","[]","0/0 declared visuals ready or approved","[""dimensioned drawing, workholding, and operation states""]","K","R","simulation","normal","unknown","[""lesson.title"",""lesson.purpose"",""lesson.objectives[0]"",""lesson.objectives[1]"",""lesson.objectives[2]"",""activity.encyclopedia.micromechanics.ruedas-y-pinones.title"",""activity.encyclopedia.micromechanics.ruedas-y-pinones.description""]","[""identical-english-spanish"",""redundant-names"",""overbroad-citation"",""ocr-formula-unverified"",""inadequate-visual-support"",""automatic-segmentation-break"",""single-lesson-module""]","needs-source-review","manual-review","high","74","[{""reason"":""incidencias ponderadas"",""points"":59},{""reason"":""fabricación"",""points"":15}]","Campos localizados en inglés repiten literalmente el español. Los nombres de módulo y lección son redundantes. Una o más fuentes se citan a nivel de capítulo, documento o sin localizador. Una fórmula vinculada a material OCR no consta como verificada visualmente.","true"
"wplab.horology.watchmaking-encyclopedia","1.1.0","route.encyclopedia.micromechanics","module.encyclopedia.micromechanics.tornillos-muelles-y-pequenas-piezas","lesson.encyclopedia.micromechanics.tornillos-muelles-y-pequenas-piezas","Tornillos, pasadores, muelles y piezas pequeñas","165","16","5","1","conceptual-model / explanation","6-repair-adapt-manufacture-components","","Explicar Tornillos, pasadores, muelles y piezas pequeñas mediante relaciones causales.","specific-observable","visual-anatomy","manufacturing","source.private.daniels.small-components","[""source.private.daniels.finishing-metals"",""source.private.daniels.hand-tools""]","[""source.private.daniels.finishing-metals [p.73-90; Finishing Steel and Brass]"",""source.private.daniels.hand-tools [p.49-72; Hand Tools]"",""source.private.daniels.small-components [p.168-194; Making Small Components]""]","page-or-figure","[""concept.encyclopedia.micromechanics.ruedas-y-pinones.fresa-de-modulo"",""concept.encyclopedia.micromechanics.ruedas-y-pinones.division-angular"",""concept.encyclopedia.micromechanics.ruedas-y-pinones.pinon-de-hojas""]","[]","[]","0/0 declared visuals ready or approved","[""dimensioned drawing, workholding, and operation states""]","K","R","simulation","normal","unknown","[""lesson.title"",""lesson.purpose"",""lesson.objectives[0]"",""lesson.objectives[1]"",""lesson.objectives[2]"",""activity.encyclopedia.micromechanics.tornillos-muelles-y-pequenas-piezas.title"",""activity.encyclopedia.micromechanics.tornillos-muelles-y-pequenas-piezas.description""]","[""identical-english-spanish"",""redundant-names"",""ocr-formula-unverified"",""inadequate-visual-support"",""automatic-segmentation-break"",""single-lesson-module""]","needs-source-review","manual-review","medium","53","[{""reason"":""incidencias ponderadas"",""points"":53}]","Campos localizados en inglés repiten literalmente el español. Los nombres de módulo y lección son redundantes. Una fórmula vinculada a material OCR no consta como verificada visualmente. No hay un visual listo o aprobado adecuado al arquetipo recomendado.","true"
"wplab.horology.watchmaking-encyclopedia","1.1.0","route.encyclopedia.micromechanics","module.encyclopedia.micromechanics.platinas-puentes-y-jewelling","lesson.encyclopedia.micromechanics.platinas-puentes-y-jewelling","Platinas, puentes, taladros, escariado y colocación de rubíes","166","16","6","1","conceptual-model / explanation","6-repair-adapt-manufacture-components","","Explicar Platinas, puentes, taladros, escariado y colocación de rubíes mediante relaciones causales.","specific-observable","mechanism-explanation","manufacturing","source.private.daniels.movement-design","[""source.private.daniels.jewelling"",""source.private.daniels.workshop-equipment""]","[""source.private.daniels.jewelling [p.195-213; Jewelling]"",""source.private.daniels.movement-design [p.298-335; Movement Design]"",""source.private.daniels.workshop-equipment [p.26-48; Workshop and Equipment]""]","page-or-figure","[""concept.encyclopedia.micromechanics.tornillos-muelles-y-pequenas-piezas.rosca-funcional"",""concept.encyclopedia.micromechanics.tornillos-muelles-y-pequenas-piezas.muelle-de-lamina"",""concept.encyclopedia.micromechanics.tornillos-muelles-y-pequenas-piezas.concentracion-de-tensiones""]","[]","[]","0/0 declared visuals ready or approved","[""dimensioned drawing, workholding, and operation states""]","K","R","simulation","normal","unknown","[""lesson.title"",""lesson.purpose"",""lesson.objectives[0]"",""lesson.objectives[1]"",""lesson.objectives[2]"",""activity.encyclopedia.micromechanics.platinas-puentes-y-jewelling.title"",""activity.encyclopedia.micromechanics.platinas-puentes-y-jewelling.description""]","[""identical-english-spanish"",""redundant-names"",""ocr-formula-unverified"",""inadequate-visual-support"",""automatic-segmentation-break"",""single-lesson-module""]","needs-source-review","manual-review","medium","53","[{""reason"":""incidencias ponderadas"",""points"":53}]","Campos localizados en inglés repiten literalmente el español. Los nombres de módulo y lección son redundantes. Una fórmula vinculada a material OCR no consta como verificada visualmente. No hay un visual listo o aprobado adecuado al arquetipo recomendado.","true"
"wplab.horology.watchmaking-encyclopedia","1.1.0","route.encyclopedia.micromechanics","module.encyclopedia.micromechanics.bulova-botador-eje","lesson.encyclopedia.micromechanics.bulova-botador-eje","Pasaporte III: botador y sustitución de eje","167","16","7","1","conceptual-model / explanation","6-repair-adapt-manufacture-components","","Explicar Pasaporte III: botador y sustitución de eje mediante relaciones causales.","specific-observable","mechanism-explanation","manufacturing","source.private.bulova.01","[""source.private.chicago.15"",""source.encyclopedia.original-synthesis""]","[""source.encyclopedia.original-synthesis"",""source.private.bulova.01 [p.9-20; Staking balance staffs]"",""source.private.chicago.15 [Replacing factory balance staffs]""]","page-or-figure","[""concept.encyclopedia.micromechanics.platinas-puentes-y-jewelling.coordenada-de-centro"",""concept.encyclopedia.micromechanics.platinas-puentes-y-jewelling.escariado"",""concept.encyclopedia.micromechanics.platinas-puentes-y-jewelling.interferencia-de-rubi""]","[]","[]","0/0 declared visuals ready or approved","[""dimensioned drawing, workholding, and operation states""]","K","R","simulation","normal","historical-context","[""lesson.title"",""lesson.purpose"",""lesson.objectives[0]"",""lesson.objectives[1]"",""lesson.objectives[2]"",""activity.encyclopedia.micromechanics.bulova-botador-eje.title"",""activity.encyclopedia.micromechanics.bulova-botador-eje.description""]","[""identical-english-spanish"",""redundant-names"",""overbroad-citation"",""modern-safety-source-required"",""inadequate-visual-support"",""automatic-segmentation-break"",""single-lesson-module""]","needs-safety-review","manual-review","high","59","[{""reason"":""incidencias ponderadas"",""points"":59}]","Campos localizados en inglés repiten literalmente el español. Los nombres de módulo y lección son redundantes. Una o más fuentes se citan a nivel de capítulo, documento o sin localizador. El procedimiento necesita una fuente moderna de seguridad antes de cualquier uso operativo.","true"
"wplab.horology.watchmaking-encyclopedia","1.1.0","route.encyclopedia.micromechanics","module.encyclopedia.micromechanics.bulova-torneado-fundamental","lesson.encyclopedia.micromechanics.bulova-torneado-fundamental","Pasaporte IV: torneado entre puntos y buril","168","16","8","1","conceptual-model / explanation","6-repair-adapt-manufacture-components","","Explicar Pasaporte IV: torneado entre puntos y buril mediante relaciones causales.","specific-observable","mechanism-explanation","manufacturing","source.private.bulova.03","[""source.private.chicago.28"",""source.encyclopedia.original-synthesis""]","[""source.encyclopedia.original-synthesis"",""source.private.bulova.03 [p.37-52; Basic turning]"",""source.private.chicago.28 [Lathe foundations]""]","page-or-figure","[""concept.encyclopedia.micromechanics.bulova-botador-eje.apoyo-de-trabajo"",""concept.encyclopedia.micromechanics.bulova-botador-eje.punzon-compatible"",""concept.encyclopedia.micromechanics.bulova-botador-eje.remachado-concentrico""]","[]","[]","0/0 declared visuals ready or approved","[""dimensioned drawing, workholding, and operation states""]","K","R","simulation","normal","historical-context","[""lesson.title"",""lesson.purpose"",""lesson.objectives[0]"",""lesson.objectives[1]"",""lesson.objectives[2]"",""activity.encyclopedia.micromechanics.bulova-torneado-fundamental.title"",""activity.encyclopedia.micromechanics.bulova-torneado-fundamental.description""]","[""identical-english-spanish"",""redundant-names"",""overbroad-citation"",""modern-safety-source-required"",""inadequate-visual-support"",""automatic-segmentation-break"",""single-lesson-module""]","needs-safety-review","manual-review","high","59","[{""reason"":""incidencias ponderadas"",""points"":59}]","Campos localizados en inglés repiten literalmente el español. Los nombres de módulo y lección son redundantes. Una o más fuentes se citan a nivel de capítulo, documento o sin localizador. El procedimiento necesita una fuente moderna de seguridad antes de cualquier uso operativo.","true"
"wplab.horology.watchmaking-encyclopedia","1.1.0","route.encyclopedia.micromechanics","module.encyclopedia.micromechanics.bulova-eje-pivotes","lesson.encyclopedia.micromechanics.bulova-eje-pivotes","Pasaporte V: eje de volante, pivotes y hombros","169","16","9","1","conceptual-model / explanation","6-repair-adapt-manufacture-components","","Explicar Pasaporte V: eje de volante, pivotes y hombros mediante relaciones causales.","specific-observable","mechanism-explanation","manufacturing","source.private.bulova.03a","[""source.private.daniels.turning"",""source.encyclopedia.original-synthesis""]","[""source.encyclopedia.original-synthesis"",""source.private.bulova.03a [p.53-76; Turning balance staffs]"",""source.private.daniels.turning [p.91-122; Turning]""]","page-or-figure","[""concept.encyclopedia.micromechanics.bulova-torneado-fundamental.trabajo-entre-puntos"",""concept.encyclopedia.micromechanics.bulova-torneado-fundamental.altura-de-corte"",""concept.encyclopedia.micromechanics.bulova-torneado-fundamental.pasada-de-acabado""]","[]","[]","0/0 declared visuals ready or approved","[""dimensioned drawing, workholding, and operation states""]","K","R","simulation","normal","historical-context","[""lesson.title"",""lesson.purpose"",""lesson.objectives[0]"",""lesson.objectives[1]"",""lesson.objectives[2]"",""activity.encyclopedia.micromechanics.bulova-eje-pivotes.title"",""activity.encyclopedia.micromechanics.bulova-eje-pivotes.description""]","[""identical-english-spanish"",""redundant-names"",""overbroad-citation"",""ocr-formula-unverified"",""modern-safety-source-required"",""inadequate-visual-support"",""automatic-segmentation-break"",""single-lesson-module""]","needs-safety-review","manual-review","high","60","[{""reason"":""incidencias ponderadas"",""points"":60}]","Campos localizados en inglés repiten literalmente el español. Los nombres de módulo y lección son redundantes. Una o más fuentes se citan a nivel de capítulo, documento o sin localizador. Una fórmula vinculada a material OCR no consta como verificada visualmente.","true"
"wplab.horology.watchmaking-encyclopedia","1.1.0","route.encyclopedia.micromechanics","module.encyclopedia.micromechanics.bulova-tija","lesson.encyclopedia.micromechanics.bulova-tija","Pasaporte VI: fabricación y ajuste de una tija","170","16","10","1","conceptual-model / explanation","6-repair-adapt-manufacture-components","","Explicar Pasaporte VI: fabricación y ajuste de una tija mediante relaciones causales.","specific-observable","mechanism-explanation","manufacturing","source.private.bulova.03b","[""source.private.chicago.2"",""source.encyclopedia.original-synthesis""]","[""source.encyclopedia.original-synthesis"",""source.private.bulova.03b [p.77-96; Stem making]"",""source.private.chicago.2 [Crowns, stems, sleeves and bows]""]","page-or-figure","[""concept.encyclopedia.micromechanics.bulova-eje-pivotes.hombro-funcional"",""concept.encyclopedia.micromechanics.bulova-eje-pivotes.coaxialidad"",""concept.encyclopedia.micromechanics.bulova-eje-pivotes.sobrematerial-de-acabado""]","[]","[]","0/0 declared visuals ready or approved","[""dimensioned drawing, workholding, and operation states""]","K","R","simulation","normal","historical-context","[""lesson.title"",""lesson.purpose"",""lesson.objectives[0]"",""lesson.objectives[1]"",""lesson.objectives[2]"",""activity.encyclopedia.micromechanics.bulova-tija.title"",""activity.encyclopedia.micromechanics.bulova-tija.description""]","[""identical-english-spanish"",""redundant-names"",""overbroad-citation"",""modern-safety-source-required"",""inadequate-visual-support"",""automatic-segmentation-break"",""single-lesson-module""]","needs-safety-review","manual-review","high","74","[{""reason"":""incidencias ponderadas"",""points"":59},{""reason"":""fabricación"",""points"":15}]","Campos localizados en inglés repiten literalmente el español. Los nombres de módulo y lección son redundantes. Una o más fuentes se citan a nivel de capítulo, documento o sin localizador. El procedimiento necesita una fuente moderna de seguridad antes de cualquier uso operativo.","true"
"wplab.horology.watchmaking-encyclopedia","1.1.0","route.encyclopedia.micromechanics","module.encyclopedia.micromechanics.bulova-brunido","lesson.encyclopedia.micromechanics.bulova-brunido","Pasaporte VII: bruñido de pivotes","171","16","11","1","conceptual-model / explanation","6-repair-adapt-manufacture-components","","Explicar Pasaporte VII: bruñido de pivotes mediante relaciones causales.","specific-observable","mechanism-explanation","manufacturing","source.private.bulova.04","[""source.private.daniels.turning"",""source.encyclopedia.original-synthesis""]","[""source.encyclopedia.original-synthesis"",""source.private.bulova.04 [p.97-112; Burnishing balance pivots]"",""source.private.daniels.turning [p.91-122; Turning]""]","page-or-figure","[""concept.encyclopedia.micromechanics.bulova-tija.cuadrado-de-tija"",""concept.encyclopedia.micromechanics.bulova-tija.hombro-de-posicion"",""concept.encyclopedia.micromechanics.bulova-tija.longitud-de-caja""]","[]","[]","0/0 declared visuals ready or approved","[""dimensioned drawing, workholding, and operation states""]","K","R","simulation","normal","historical-context","[""lesson.title"",""lesson.purpose"",""lesson.objectives[0]"",""lesson.objectives[1]"",""lesson.objectives[2]"",""activity.encyclopedia.micromechanics.bulova-brunido.title"",""activity.encyclopedia.micromechanics.bulova-brunido.description""]","[""identical-english-spanish"",""redundant-names"",""overbroad-citation"",""ocr-formula-unverified"",""modern-safety-source-required"",""inadequate-visual-support"",""automatic-segmentation-break"",""single-lesson-module""]","needs-safety-review","manual-review","high","60","[{""reason"":""incidencias ponderadas"",""points"":60}]","Campos localizados en inglés repiten literalmente el español. Los nombres de módulo y lección son redundantes. Una o más fuentes se citan a nivel de capítulo, documento o sin localizador. Una fórmula vinculada a material OCR no consta como verificada visualmente.","true"
"wplab.horology.watchmaking-encyclopedia","1.1.0","route.encyclopedia.micromechanics","module.encyclopedia.micromechanics.chicago-rubies-antichoque","lesson.encyclopedia.micromechanics.chicago-rubies-antichoque","Expediente Chicago VIII: rubíes, contrapiedras y antichoque","172","16","12","1","conceptual-model / explanation","6-repair-adapt-manufacture-components","","Explicar Expediente Chicago VIII: rubíes, contrapiedras y antichoque mediante relaciones causales.","specific-observable","mechanism-explanation","manufacturing","source.private.chicago.12","[""source.private.chicago.13"",""source.private.chicago.14"",""source.encyclopedia.original-synthesis""]","[""source.private.chicago.12 [Factory-set train jewels]"",""source.private.chicago.13 [Balance hole and roller jewels]"",""source.private.chicago.14 [Friction jeweling]""]","chapter-or-section","[""concept.encyclopedia.micromechanics.bulova-brunido.brunidor"",""concept.encyclopedia.micromechanics.bulova-brunido.cilindricidad-del-pivote"",""concept.encyclopedia.micromechanics.bulova-brunido.radio-de-hombro""]","[]","[]","0/0 declared visuals ready or approved","[""dimensioned drawing, workholding, and operation states""]","K","R","simulation","normal","historical-context","[""lesson.title"",""lesson.purpose"",""lesson.objectives[0]"",""lesson.objectives[1]"",""lesson.objectives[2]"",""activity.encyclopedia.micromechanics.chicago-rubies-antichoque.title"",""activity.encyclopedia.micromechanics.chicago-rubies-antichoque.description""]","[""identical-english-spanish"",""redundant-names"",""overbroad-citation"",""numeric-data-without-locator"",""modern-safety-source-required"",""inadequate-visual-support"",""automatic-segmentation-break"",""single-lesson-module""]","needs-safety-review","manual-review","high","60","[{""reason"":""incidencias ponderadas"",""points"":60}]","Campos localizados en inglés repiten literalmente el español. Los nombres de módulo y lección son redundantes. Una o más fuentes se citan a nivel de capítulo, documento o sin localizador. Hay datos numéricos o relaciones cuantitativas sin página, figura o tabla aplicable.","true"
"wplab.horology.watchmaking-encyclopedia","1.1.0","route.encyclopedia.micromechanics","module.encyclopedia.micromechanics.chicago-escape-dibujo","lesson.encyclopedia.micromechanics.chicago-escape-dibujo","Expediente Chicago IX: construcción geométrica del escape","173","16","13","1","conceptual-model / explanation","6-repair-adapt-manufacture-components","","Explicar Expediente Chicago IX: construcción geométrica del escape mediante relaciones causales.","specific-observable","mechanism-explanation","manufacturing","source.private.chicago.24","[""source.private.chicago.25"",""source.private.toh.ch06"",""source.encyclopedia.original-synthesis""]","[""source.private.chicago.24 [Drawing the lever escapement]"",""source.private.chicago.25 [Drawing continued]"",""source.private.toh.ch06 [p.100-129; 6]""]","page-or-figure","[""concept.encyclopedia.micromechanics.chicago-rubies-antichoque.contrapiedra"",""concept.encyclopedia.micromechanics.chicago-rubies-antichoque.chaton"",""concept.encyclopedia.micromechanics.chicago-rubies-antichoque.resorte-antichoque""]","[]","[]","0/0 declared visuals ready or approved","[""dimensioned drawing, workholding, and operation states""]","K","R","simulation","normal","historical-context","[""lesson.title"",""lesson.purpose"",""lesson.objectives[0]"",""lesson.objectives[1]"",""lesson.objectives[2]"",""activity.encyclopedia.micromechanics.chicago-escape-dibujo.title"",""activity.encyclopedia.micromechanics.chicago-escape-dibujo.description""]","[""identical-english-spanish"",""redundant-names"",""overbroad-citation"",""modern-safety-source-required"",""inadequate-visual-support"",""automatic-segmentation-break"",""single-lesson-module""]","needs-safety-review","manual-review","high","59","[{""reason"":""incidencias ponderadas"",""points"":59}]","Campos localizados en inglés repiten literalmente el español. Los nombres de módulo y lección son redundantes. Una o más fuentes se citan a nivel de capítulo, documento o sin localizador. El procedimiento necesita una fuente moderna de seguridad antes de cualquier uso operativo.","true"
"wplab.horology.watchmaking-encyclopedia","1.1.0","route.encyclopedia.micromechanics","module.encyclopedia.micromechanics.chicago-escape-emparejado","lesson.encyclopedia.micromechanics.chicago-escape-emparejado","Expediente Chicago X: emparejar y reparar un escape","174","16","14","1","conceptual-model / explanation","6-repair-adapt-manufacture-components","","Explicar Expediente Chicago X: emparejar y reparar un escape mediante relaciones causales.","specific-observable","mechanism-explanation","manufacturing","source.private.chicago.21","[""source.private.chicago.22"",""source.private.chicago.26"",""source.encyclopedia.original-synthesis""]","[""source.private.chicago.21 [Lever escapement]"",""source.private.chicago.22 [Lever escapement continued]"",""source.private.chicago.26 [Matching the escapement]""]","chapter-or-section","[""concept.encyclopedia.micromechanics.chicago-escape-dibujo.linea-de-centros"",""concept.encyclopedia.micromechanics.chicago-escape-dibujo.plano-de-impulso"",""concept.encyclopedia.micromechanics.chicago-escape-dibujo.construccion-nominal""]","[]","[]","0/0 declared visuals ready or approved","[""dimensioned drawing, workholding, and operation states""]","K","R","simulation","historical-non-actionable","historical-context","[""lesson.title"",""lesson.purpose"",""lesson.objectives[0]"",""lesson.objectives[1]"",""lesson.objectives[2]"",""activity.encyclopedia.micromechanics.chicago-escape-emparejado.title"",""activity.encyclopedia.micromechanics.chicago-escape-emparejado.description""]","[""identical-english-spanish"",""redundant-names"",""overbroad-citation"",""numeric-data-without-locator"",""hazardous-historical-procedure"",""modern-safety-source-required"",""inadequate-visual-support"",""automatic-segmentation-break"",""single-lesson-module""]","needs-safety-review","manual-review","high","60","[{""reason"":""incidencias ponderadas"",""points"":60}]","Campos localizados en inglés repiten literalmente el español. Los nombres de módulo y lección son redundantes. Una o más fuentes se citan a nivel de capítulo, documento o sin localizador. Hay datos numéricos o relaciones cuantitativas sin página, figura o tabla aplicable.","true"
"wplab.horology.watchmaking-encyclopedia","1.1.0","route.encyclopedia.micromechanics","module.encyclopedia.micromechanics.chicago-torno-repivotado","lesson.encyclopedia.micromechanics.chicago-torno-repivotado","Expediente Chicago XI: torno, repivotado y piezas perdidas","175","16","15","1","transfer / explanation","6-repair-adapt-manufacture-components","","Explicar Expediente Chicago XI: torno, repivotado y piezas perdidas mediante relaciones causales.","specific-observable","visual-anatomy","manufacturing","source.private.chicago.29","[""source.private.chicago.30"",""source.private.chicago.31"",""source.encyclopedia.original-synthesis""]","[""source.private.chicago.29 [Lathe work]"",""source.private.chicago.30 [Lathe work continued]"",""source.private.chicago.31 [Advanced lathe work]""]","chapter-or-section","[""concept.encyclopedia.micromechanics.chicago-escape-emparejado.matching-de-escape"",""concept.encyclopedia.micromechanics.chicago-escape-emparejado.condicion-conjugada"",""concept.encyclopedia.micromechanics.chicago-escape-emparejado.correccion-reversible""]","[]","[]","0/0 declared visuals ready or approved","[""dimensioned drawing, workholding, and operation states""]","K","R","specialist-workshop","caution","historical-context","[""lesson.title"",""lesson.purpose"",""lesson.objectives[0]"",""lesson.objectives[1]"",""lesson.objectives[2]"",""activity.encyclopedia.micromechanics.chicago-torno-repivotado.title"",""activity.encyclopedia.micromechanics.chicago-torno-repivotado.description""]","[""identical-english-spanish"",""redundant-names"",""overbroad-citation"",""numeric-data-without-locator"",""modern-safety-source-required"",""inadequate-visual-support"",""automatic-segmentation-break"",""single-lesson-module"",""physical-skill-digital-only""]","needs-safety-review","manual-review","high","75","[{""reason"":""incidencias ponderadas"",""points"":60},{""reason"":""fabricación"",""points"":15}]","Campos localizados en inglés repiten literalmente el español. Los nombres de módulo y lección son redundantes. Una o más fuentes se citan a nivel de capítulo, documento o sin localizador. Hay datos numéricos o relaciones cuantitativas sin página, figura o tabla aplicable.","true"
"wplab.horology.watchmaking-encyclopedia","1.1.0","route.encyclopedia.dials-hands-finishing","module.encyclopedia.dials-hands-finishing.arquitectura-de-esfera","lesson.encyclopedia.dials-hands-finishing.arquitectura-de-esfera","Arquitectura de esfera, pies, aberturas e interfaces","176","17","1","1","conceptual-model / explanation","6-repair-adapt-manufacture-components","","Explicar Arquitectura de esfera, pies, aberturas e interfaces mediante relaciones causales.","specific-observable","visual-anatomy","manufacturing","source.private.daniels.engine-turning","[""source.private.daniels.casemaking"",""source.official.miyota.8215""]","[""source.official.miyota.8215"",""source.private.daniels.casemaking [p.371-386; Casemaking]"",""source.private.daniels.engine-turning [p.387-425; Engine-Turned Cases and Dials]""]","page-or-figure","[]","[]","[]","0/0 declared visuals ready or approved","[""dimensioned drawing, workholding, and operation states""]","K","R","simulation","normal","unknown","[""lesson.title"",""lesson.purpose"",""lesson.objectives[0]"",""lesson.objectives[1]"",""lesson.objectives[2]"",""activity.encyclopedia.dials-hands-finishing.arquitectura-de-esfera.title"",""activity.encyclopedia.dials-hands-finishing.arquitectura-de-esfera.description""]","[""identical-english-spanish"",""redundant-names"",""overbroad-citation"",""ocr-formula-unverified"",""inadequate-visual-support"",""automatic-segmentation-break"",""single-lesson-module""]","needs-source-review","manual-review","high","59","[{""reason"":""incidencias ponderadas"",""points"":59}]","Campos localizados en inglés repiten literalmente el español. Los nombres de módulo y lección son redundantes. Una o más fuentes se citan a nivel de capítulo, documento o sin localizador. Una fórmula vinculada a material OCR no consta como verificada visualmente.","true"
"wplab.horology.watchmaking-encyclopedia","1.1.0","route.encyclopedia.dials-hands-finishing","module.encyclopedia.dials-hands-finishing.impresion-indices-y-lume","lesson.encyclopedia.dials-hands-finishing.impresion-indices-y-lume","Impresión, índices aplicados y material luminoso","177","17","2","1","conceptual-model / explanation","6-repair-adapt-manufacture-components","","Explicar Impresión, índices aplicados y material luminoso mediante relaciones causales.","specific-observable","measurement","manufacturing","source.private.daniels.engine-turning","[""source.external.ashton-tracy"",""source.encyclopedia.original-synthesis""]","[""source.encyclopedia.original-synthesis"",""source.external.ashton-tracy"",""source.private.daniels.engine-turning [p.387-425; Engine-Turned Cases and Dials]""]","page-or-figure","[""concept.encyclopedia.dials-hands-finishing.arquitectura-de-esfera.pie-de-esfera"",""concept.encyclopedia.dials-hands-finishing.arquitectura-de-esfera.plano-de-esfera"",""concept.encyclopedia.dials-hands-finishing.arquitectura-de-esfera.jerarquia-de-lectura""]","[]","[]","0/0 declared visuals ready or approved","[""dimensioned drawing, workholding, and operation states""]","K","R","simulation","normal","unknown","[""lesson.title"",""lesson.purpose"",""lesson.objectives[0]"",""lesson.objectives[1]"",""lesson.objectives[2]"",""activity.encyclopedia.dials-hands-finishing.impresion-indices-y-lume.title"",""activity.encyclopedia.dials-hands-finishing.impresion-indices-y-lume.description""]","[""identical-english-spanish"",""redundant-names"",""overbroad-citation"",""ocr-formula-unverified"",""inadequate-visual-support"",""automatic-segmentation-break"",""single-lesson-module""]","needs-source-review","manual-review","high","59","[{""reason"":""incidencias ponderadas"",""points"":59}]","Campos localizados en inglés repiten literalmente el español. Los nombres de módulo y lección son redundantes. Una o más fuentes se citan a nivel de capítulo, documento o sin localizador. Una fórmula vinculada a material OCR no consta como verificada visualmente.","true"
"wplab.horology.watchmaking-encyclopedia","1.1.0","route.encyclopedia.dials-hands-finishing","module.encyclopedia.dials-hands-finishing.agujas-geometria-y-ajuste","lesson.encyclopedia.dials-hands-finishing.agujas-geometria-y-ajuste","Agujas: geometría, masa, tubo, ajuste y alturas","178","17","3","1","conceptual-model / explanation","6-repair-adapt-manufacture-components","","Explicar Agujas: geometría, masa, tubo, ajuste y alturas mediante relaciones causales.","specific-observable","mechanism-explanation","manufacturing","source.private.daniels.small-components","[""source.official.miyota.2035"",""source.official.miyota.8215""]","[""source.official.miyota.2035"",""source.official.miyota.8215"",""source.private.daniels.small-components [p.168-194; Making Small Components]""]","page-or-figure","[""concept.encyclopedia.dials-hands-finishing.impresion-indices-y-lume.tampografia"",""concept.encyclopedia.dials-hands-finishing.impresion-indices-y-lume.registro-grafico"",""concept.encyclopedia.dials-hands-finishing.impresion-indices-y-lume.luminiscencia""]","[]","[]","0/0 declared visuals ready or approved","[""dimensioned drawing, workholding, and operation states""]","K","R","simulation","normal","unknown","[""lesson.title"",""lesson.purpose"",""lesson.objectives[0]"",""lesson.objectives[1]"",""lesson.objectives[2]"",""activity.encyclopedia.dials-hands-finishing.agujas-geometria-y-ajuste.title"",""activity.encyclopedia.dials-hands-finishing.agujas-geometria-y-ajuste.description""]","[""identical-english-spanish"",""redundant-names"",""overbroad-citation"",""ocr-formula-unverified"",""inadequate-visual-support"",""automatic-segmentation-break"",""single-lesson-module""]","needs-source-review","manual-review","high","59","[{""reason"":""incidencias ponderadas"",""points"":59}]","Campos localizados en inglés repiten literalmente el español. Los nombres de módulo y lección son redundantes. Una o más fuentes se citan a nivel de capítulo, documento o sin localizador. Una fórmula vinculada a material OCR no consta como verificada visualmente.","true"
"wplab.horology.watchmaking-encyclopedia","1.1.0","route.encyclopedia.dials-hands-finishing","module.encyclopedia.dials-hands-finishing.pulido-satinado-y-cepillado","lesson.encyclopedia.dials-hands-finishing.pulido-satinado-y-cepillado","Pulido, satinado, cepillado y geometría","179","17","4","1","conceptual-model / explanation","6-repair-adapt-manufacture-components","","Explicar Pulido, satinado, cepillado y geometría mediante relaciones causales.","specific-observable","mechanism-explanation","manufacturing","source.private.daniels.finishing-metals","[""source.external.ashton-tracy"",""source.external.naked-watchmaker""]","[""source.external.ashton-tracy"",""source.external.naked-watchmaker"",""source.private.daniels.finishing-metals [p.73-90; Finishing Steel and Brass]""]","page-or-figure","[""concept.encyclopedia.dials-hands-finishing.agujas-geometria-y-ajuste.tubo-de-aguja"",""concept.encyclopedia.dials-hands-finishing.agujas-geometria-y-ajuste.ajuste-de-agujas"",""concept.encyclopedia.dials-hands-finishing.agujas-geometria-y-ajuste.paralelismo-de-agujas""]","[]","[]","0/0 declared visuals ready or approved","[""dimensioned drawing, workholding, and operation states""]","K","R","simulation","normal","unknown","[""lesson.title"",""lesson.purpose"",""lesson.objectives[0]"",""lesson.objectives[1]"",""lesson.objectives[2]"",""activity.encyclopedia.dials-hands-finishing.pulido-satinado-y-cepillado.title"",""activity.encyclopedia.dials-hands-finishing.pulido-satinado-y-cepillado.description""]","[""identical-english-spanish"",""redundant-names"",""overbroad-citation"",""ocr-formula-unverified"",""inadequate-visual-support"",""automatic-segmentation-break"",""single-lesson-module""]","needs-source-review","manual-review","high","59","[{""reason"":""incidencias ponderadas"",""points"":59}]","Campos localizados en inglés repiten literalmente el español. Los nombres de módulo y lección son redundantes. Una o más fuentes se citan a nivel de capítulo, documento o sin localizador. Una fórmula vinculada a material OCR no consta como verificada visualmente.","true"
"wplab.horology.watchmaking-encyclopedia","1.1.0","route.encyclopedia.dials-hands-finishing","module.encyclopedia.dials-hands-finishing.decoracion-del-movimiento","lesson.encyclopedia.dials-hands-finishing.decoracion-del-movimiento","Anglage, perlage, Côtes y pulido negro","180","17","5","1","conceptual-model / explanation","6-repair-adapt-manufacture-components","","Explicar Anglage, perlage, Côtes y pulido negro mediante relaciones causales.","specific-observable","mechanism-explanation","manufacturing","source.private.daniels.finishing-metals","[""source.external.naked-watchmaker"",""source.external.ashton-tracy""]","[""source.external.ashton-tracy"",""source.external.naked-watchmaker"",""source.private.daniels.finishing-metals [p.73-90; Finishing Steel and Brass]""]","page-or-figure","[""concept.encyclopedia.dials-hands-finishing.pulido-satinado-y-cepillado.secuencia-abrasiva"",""concept.encyclopedia.dials-hands-finishing.pulido-satinado-y-cepillado.direccion-de-grano"",""concept.encyclopedia.dials-hands-finishing.pulido-satinado-y-cepillado.proteccion-de-arista""]","[]","[]","0/0 declared visuals ready or approved","[""dimensioned drawing, workholding, and operation states""]","K","R","simulation","normal","unknown","[""lesson.title"",""lesson.purpose"",""lesson.objectives[0]"",""lesson.objectives[1]"",""lesson.objectives[2]"",""activity.encyclopedia.dials-hands-finishing.decoracion-del-movimiento.title"",""activity.encyclopedia.dials-hands-finishing.decoracion-del-movimiento.description""]","[""identical-english-spanish"",""redundant-names"",""overbroad-citation"",""ocr-formula-unverified"",""inadequate-visual-support"",""automatic-segmentation-break"",""single-lesson-module""]","needs-source-review","manual-review","high","59","[{""reason"":""incidencias ponderadas"",""points"":59}]","Campos localizados en inglés repiten literalmente el español. Los nombres de módulo y lección son redundantes. Una o más fuentes se citan a nivel de capítulo, documento o sin localizador. Una fórmula vinculada a material OCR no consta como verificada visualmente.","true"
"wplab.horology.watchmaking-encyclopedia","1.1.0","route.encyclopedia.dials-hands-finishing","module.encyclopedia.dials-hands-finishing.guilloche-y-motores-de-rosas","lesson.encyclopedia.dials-hands-finishing.guilloche-y-motores-de-rosas","Guilloché, motor de línea recta y motor de rosas","181","17","6","1","transfer / explanation","6-repair-adapt-manufacture-components","","Explicar Guilloché, motor de línea recta y motor de rosas mediante relaciones causales.","specific-observable","mechanism-explanation","manufacturing","source.private.daniels.engine-turning","[""source.external.naked-watchmaker"",""source.institutional.wostep.watchmaker""]","[""source.external.naked-watchmaker"",""source.institutional.wostep.watchmaker"",""source.private.daniels.engine-turning [p.387-425; Engine-Turned Cases and Dials]""]","page-or-figure","[""concept.encyclopedia.dials-hands-finishing.decoracion-del-movimiento.anglage"",""concept.encyclopedia.dials-hands-finishing.decoracion-del-movimiento.perlage"",""concept.encyclopedia.dials-hands-finishing.decoracion-del-movimiento.pulido-negro""]","[]","[]","0/0 declared visuals ready or approved","[""dimensioned drawing, workholding, and operation states""]","K","R","simulation","normal","unknown","[""lesson.title"",""lesson.purpose"",""lesson.objectives[0]"",""lesson.objectives[1]"",""lesson.objectives[2]"",""activity.encyclopedia.dials-hands-finishing.guilloche-y-motores-de-rosas.title"",""activity.encyclopedia.dials-hands-finishing.guilloche-y-motores-de-rosas.description""]","[""identical-english-spanish"",""redundant-names"",""overbroad-citation"",""ocr-formula-unverified"",""inadequate-visual-support"",""automatic-segmentation-break"",""single-lesson-module""]","needs-source-review","manual-review","high","59","[{""reason"":""incidencias ponderadas"",""points"":59}]","Campos localizados en inglés repiten literalmente el español. Los nombres de módulo y lección son redundantes. Una o más fuentes se citan a nivel de capítulo, documento o sin localizador. Una fórmula vinculada a material OCR no consta como verificada visualmente.","true"
"wplab.horology.watchmaking-encyclopedia","1.1.0","route.encyclopedia.atlas-restoration-design","module.encyclopedia.atlas-restoration-design.identidad-y-comparacion","lesson.encyclopedia.atlas-restoration-design.identidad-y-comparacion","Identidad, atlas y comparación entre familias","182","18","1","1","conceptual-model / explanation","6-repair-adapt-manufacture-components","specialization","Explicar Identidad, atlas y comparación entre familias mediante relaciones causales.","specific-observable","historical-comparison","psychomotor-skill","source.external.watchbase","[""source.external.ranfft"",""source.external.caliber-corner"",""source.external.pocket-watch-database""]","[""source.external.caliber-corner"",""source.external.ranfft"",""source.external.watchbase""]","document","[]","[]","[]","0/0 declared visuals ready or approved","[""multi-angle physical demonstration and reviewed result""]","K","P","simulation","normal","unknown","[""lesson.title"",""lesson.purpose"",""lesson.objectives[0]"",""lesson.objectives[1]"",""lesson.objectives[2]"",""activity.encyclopedia.atlas-restoration-design.identidad-y-comparacion.title"",""activity.encyclopedia.atlas-restoration-design.identidad-y-comparacion.description""]","[""identical-english-spanish"",""redundant-names"",""overbroad-citation"",""numeric-data-without-locator"",""inadequate-visual-support"",""automatic-segmentation-break"",""secondary-database-as-official"",""single-lesson-module""]","needs-source-review","manual-review","high","60","[{""reason"":""incidencias ponderadas"",""points"":60}]","Campos localizados en inglés repiten literalmente el español. Los nombres de módulo y lección son redundantes. Una o más fuentes se citan a nivel de capítulo, documento o sin localizador. Hay datos numéricos o relaciones cuantitativas sin página, figura o tabla aplicable.","true"
"wplab.horology.watchmaking-encyclopedia","1.1.0","route.encyclopedia.atlas-restoration-design","module.encyclopedia.atlas-restoration-design.casos-6497-2824-8215","lesson.encyclopedia.atlas-restoration-design.casos-6497-2824-8215","Casos de transferencia: ETA 6497, ETA 2824 y MIYOTA 8215","183","18","2","1","conceptual-model / explanation","6-repair-adapt-manufacture-components","specialization","Explicar Casos de transferencia: ETA 6497, ETA 2824 y MIYOTA 8215 mediante relaciones causales.","specific-observable","design","psychomotor-skill","source.official.eta.6497","[""source.official.eta.2824"",""source.official.miyota.8215"",""source.external.eta-swisslab-6497""]","[""source.official.eta.2824"",""source.official.eta.6497"",""source.official.miyota.8215""]","document","[""concept.encyclopedia.atlas-restoration-design.identidad-y-comparacion.invariante-funcional"",""concept.encyclopedia.atlas-restoration-design.identidad-y-comparacion.diferencia-de-interfaz"",""concept.encyclopedia.atlas-restoration-design.identidad-y-comparacion.ficha-canonica""]","[]","[]","0/0 declared visuals ready or approved","[""multi-angle physical demonstration and reviewed result""]","K","P","simulation","normal","unknown","[""lesson.title"",""lesson.purpose"",""lesson.objectives[0]"",""lesson.objectives[1]"",""lesson.objectives[2]"",""activity.encyclopedia.atlas-restoration-design.casos-6497-2824-8215.title"",""activity.encyclopedia.atlas-restoration-design.casos-6497-2824-8215.description""]","[""identical-english-spanish"",""redundant-names"",""overbroad-citation"",""numeric-data-without-locator"",""inadequate-visual-support"",""automatic-segmentation-break"",""single-lesson-module""]","needs-source-review","split","medium","46","[{""reason"":""incidencias ponderadas"",""points"":46}]","Campos localizados en inglés repiten literalmente el español. Los nombres de módulo y lección son redundantes. Una o más fuentes se citan a nivel de capítulo, documento o sin localizador. Hay datos numéricos o relaciones cuantitativas sin página, figura o tabla aplicable.","true"
"wplab.horology.watchmaking-encyclopedia","1.1.0","route.encyclopedia.atlas-restoration-design","module.encyclopedia.atlas-restoration-design.casos-7750-6138-y-cuarzo","lesson.encyclopedia.atlas-restoration-design.casos-7750-6138-y-cuarzo","Casos de transferencia: 7750, Seiko 6138 y cuarzo analógico","184","18","3","1","conceptual-model / explanation","6-repair-adapt-manufacture-components","specialization","Explicar Casos de transferencia: 7750, Seiko 6138 y cuarzo analógico mediante relaciones causales.","specific-observable","design","manufacturing","source.official.eta.7750","[""source.official.seiko.6138"",""source.external.watchguy-manuals"",""source.external.watch-movements-eu""]","[""source.external.watchguy-manuals"",""source.official.eta.7750"",""source.official.seiko.6138""]","document","[""concept.encyclopedia.atlas-restoration-design.casos-6497-2824-8215.arquitectura-manual"",""concept.encyclopedia.atlas-restoration-design.casos-6497-2824-8215.modulo-automatico-integrado"",""concept.encyclopedia.atlas-restoration-design.casos-6497-2824-8215.transferencia-calibrada""]","[]","[]","0/0 declared visuals ready or approved","[""dimensioned drawing, workholding, and operation states""]","K","R","simulation","historical-non-actionable","unknown","[""lesson.title"",""lesson.purpose"",""lesson.objectives[0]"",""lesson.objectives[1]"",""lesson.objectives[2]"",""activity.encyclopedia.atlas-restoration-design.casos-7750-6138-y-cuarzo.title"",""activity.encyclopedia.atlas-restoration-design.casos-7750-6138-y-cuarzo.description""]","[""identical-english-spanish"",""redundant-names"",""overbroad-citation"",""numeric-data-without-locator"",""hazardous-historical-procedure"",""modern-safety-source-required"",""inadequate-visual-support"",""automatic-segmentation-break"",""single-lesson-module""]","needs-safety-review","manual-review","high","60","[{""reason"":""incidencias ponderadas"",""points"":60}]","Campos localizados en inglés repiten literalmente el español. Los nombres de módulo y lección son redundantes. Una o más fuentes se citan a nivel de capítulo, documento o sin localizador. Hay datos numéricos o relaciones cuantitativas sin página, figura o tabla aplicable.","true"
"wplab.horology.watchmaking-encyclopedia","1.1.0","route.encyclopedia.atlas-restoration-design","module.encyclopedia.atlas-restoration-design.vintage-bolsillo-y-electromecanico","lesson.encyclopedia.atlas-restoration-design.vintage-bolsillo-y-electromecanico","Relojes vintage, de bolsillo y electromecánicos","185","18","4","1","conceptual-model / explanation","6-repair-adapt-manufacture-components","specialization","Explicar Relojes vintage, de bolsillo y electromecánicos mediante relaciones causales.","specific-observable","design","psychomotor-skill","source.external.pocket-watch-database","[""source.external.watchguy-repair-blog"",""source.external.dean-dk"",""source.external.watchguy-manuals""]","[""source.external.dean-dk"",""source.external.pocket-watch-database"",""source.external.watchguy-repair-blog""]","document","[""concept.encyclopedia.atlas-restoration-design.casos-7750-6138-y-cuarzo.equivalencia-funcional"",""concept.encyclopedia.atlas-restoration-design.casos-7750-6138-y-cuarzo.divergencia-arquitectonica"",""concept.encyclopedia.atlas-restoration-design.casos-7750-6138-y-cuarzo.transferencia-negativa""]","[]","[]","0/0 declared visuals ready or approved","[""multi-angle physical demonstration and reviewed result""]","K","P","simulation","normal","unknown","[""lesson.title"",""lesson.purpose"",""lesson.objectives[0]"",""lesson.objectives[1]"",""lesson.objectives[2]"",""activity.encyclopedia.atlas-restoration-design.vintage-bolsillo-y-electromecanico.title"",""activity.encyclopedia.atlas-restoration-design.vintage-bolsillo-y-electromecanico.description""]","[""identical-english-spanish"",""redundant-names"",""overbroad-citation"",""numeric-data-without-locator"",""inadequate-visual-support"",""automatic-segmentation-break"",""secondary-database-as-official"",""single-lesson-module""]","needs-source-review","manual-review","high","60","[{""reason"":""incidencias ponderadas"",""points"":60}]","Campos localizados en inglés repiten literalmente el español. Los nombres de módulo y lección son redundantes. Una o más fuentes se citan a nivel de capítulo, documento o sin localizador. Hay datos numéricos o relaciones cuantitativas sin página, figura o tabla aplicable.","true"
"wplab.horology.watchmaking-encyclopedia","1.1.0","route.encyclopedia.atlas-restoration-design","module.encyclopedia.atlas-restoration-design.restauracion-y-fabricacion-de-repuesto","lesson.encyclopedia.atlas-restoration-design.restauracion-y-fabricacion-de-repuesto","Restauración, donantes y fabricación de repuesto","186","18","5","1","conceptual-model / explanation","6-repair-adapt-manufacture-components","specialization","Explicar Restauración, donantes y fabricación de repuesto mediante relaciones causales.","specific-observable","design","manufacturing","source.private.daniels.small-components","[""source.external.pocket-watch-database"",""source.external.watchguy-repair-blog"",""source.external.bobinchak-school""]","[""source.external.pocket-watch-database"",""source.external.watchguy-repair-blog"",""source.private.daniels.small-components [p.168-194; Making Small Components]""]","page-or-figure","[""concept.encyclopedia.atlas-restoration-design.vintage-bolsillo-y-electromecanico.autenticidad-material"",""concept.encyclopedia.atlas-restoration-design.vintage-bolsillo-y-electromecanico.intervencion-minima"",""concept.encyclopedia.atlas-restoration-design.vintage-bolsillo-y-electromecanico.reversibilidad""]","[]","[]","0/0 declared visuals ready or approved","[""dimensioned drawing, workholding, and operation states""]","K","R","simulation","normal","unknown","[""lesson.title"",""lesson.purpose"",""lesson.objectives[0]"",""lesson.objectives[1]"",""lesson.objectives[2]"",""activity.encyclopedia.atlas-restoration-design.restauracion-y-fabricacion-de-repuesto.title"",""activity.encyclopedia.atlas-restoration-design.restauracion-y-fabricacion-de-repuesto.description""]","[""identical-english-spanish"",""redundant-names"",""overbroad-citation"",""ocr-formula-unverified"",""inadequate-visual-support"",""automatic-segmentation-break"",""single-lesson-module""]","needs-source-review","manual-review","critical","84","[{""reason"":""incidencias ponderadas"",""points"":59},{""reason"":""fabricación"",""points"":15},{""reason"":""piezas donantes"",""points"":10}]","Campos localizados en inglés repiten literalmente el español. Los nombres de módulo y lección son redundantes. Una o más fuentes se citan a nivel de capítulo, documento o sin localizador. Una fórmula vinculada a material OCR no consta como verificada visualmente.","true"
"wplab.horology.watchmaking-encyclopedia","1.1.0","route.encyclopedia.atlas-restoration-design","module.encyclopedia.atlas-restoration-design.de-movimiento-adquirido-a-propio","lesson.encyclopedia.atlas-restoration-design.de-movimiento-adquirido-a-propio","Ruta de diseño: de movimiento adquirido a movimiento propio","187","18","6","1","conceptual-model / explanation","6-repair-adapt-manufacture-components","specialization","Explicar Ruta de diseño: de movimiento adquirido a movimiento propio mediante relaciones causales.","specific-observable","design","psychomotor-skill","source.private.daniels.movement-design","[""source.institutional.wostep.watchmaker"",""source.private.vba-uhrentechnik"",""source.official.miyota.8215""]","[""source.institutional.wostep.watchmaker"",""source.private.daniels.movement-design [p.298-335; Movement Design]"",""source.private.vba-uhrentechnik""]","page-or-figure","[""concept.encyclopedia.atlas-restoration-design.restauracion-y-fabricacion-de-repuesto.pieza-donante"",""concept.encyclopedia.atlas-restoration-design.restauracion-y-fabricacion-de-repuesto.repuesto-rederivado"",""concept.encyclopedia.atlas-restoration-design.restauracion-y-fabricacion-de-repuesto.marca-de-intervencion""]","[]","[]","0/0 declared visuals ready or approved","[""multi-angle physical demonstration and reviewed result""]","K","P","simulation","historical-non-actionable","unknown","[""lesson.title"",""lesson.purpose"",""lesson.objectives[0]"",""lesson.objectives[1]"",""lesson.objectives[2]"",""activity.encyclopedia.atlas-restoration-design.de-movimiento-adquirido-a-propio.title"",""activity.encyclopedia.atlas-restoration-design.de-movimiento-adquirido-a-propio.description""]","[""identical-english-spanish"",""redundant-names"",""overbroad-citation"",""ocr-formula-unverified"",""hazardous-historical-procedure"",""modern-safety-source-required"",""inadequate-visual-support"",""automatic-segmentation-break"",""single-lesson-module""]","needs-safety-review","manual-review","high","75","[{""reason"":""incidencias ponderadas"",""points"":60},{""reason"":""diseño propio"",""points"":15}]","Campos localizados en inglés repiten literalmente el español. Los nombres de módulo y lección son redundantes. Una o más fuentes se citan a nivel de capítulo, documento o sin localizador. Una fórmula vinculada a material OCR no consta como verificada visualmente.","true"
"wplab.horology.watchmaking-encyclopedia","1.1.0","route.encyclopedia.atlas-restoration-design","module.encyclopedia.atlas-restoration-design.tm-hamilton-992b","lesson.encyclopedia.atlas-restoration-design.tm-hamilton-992b","Caso oficial TM III: Hamilton 992B","188","18","7","1","conceptual-model / explanation","6-repair-adapt-manufacture-components","specialization","Explicar Caso oficial TM III: Hamilton 992B mediante relaciones causales.","specific-observable","design","psychomotor-skill","source.official.tm9-1575.hamilton-992b","[""source.external.pocket-watch-database"",""source.encyclopedia.original-synthesis""]","[""source.encyclopedia.original-synthesis"",""source.external.pocket-watch-database"",""source.official.tm9-1575.hamilton-992b [p.84-116; Hamilton 992B]""]","page-or-figure","[""concept.encyclopedia.atlas-restoration-design.de-movimiento-adquirido-a-propio.arquitectura-de-producto"",""concept.encyclopedia.atlas-restoration-design.de-movimiento-adquirido-a-propio.presupuesto-de-error"",""concept.encyclopedia.atlas-restoration-design.de-movimiento-adquirido-a-propio.v-model-de-validacion""]","[]","[]","0/0 declared visuals ready or approved","[""multi-angle physical demonstration and reviewed result""]","K","P","simulation","normal","historical-context","[""lesson.title"",""lesson.purpose"",""lesson.objectives[0]"",""lesson.objectives[1]"",""lesson.objectives[2]"",""activity.encyclopedia.atlas-restoration-design.tm-hamilton-992b.title"",""activity.encyclopedia.atlas-restoration-design.tm-hamilton-992b.description""]","[""identical-english-spanish"",""redundant-names"",""overbroad-citation"",""modern-safety-source-required"",""inadequate-visual-support"",""automatic-segmentation-break"",""calibre-content-general-theory-only"",""single-lesson-module""]","needs-safety-review","manual-review","high","60","[{""reason"":""incidencias ponderadas"",""points"":60}]","Campos localizados en inglés repiten literalmente el español. Los nombres de módulo y lección son redundantes. Una o más fuentes se citan a nivel de capítulo, documento o sin localizador. El procedimiento necesita una fuente moderna de seguridad antes de cualquier uso operativo.","true"
"wplab.horology.watchmaking-encyclopedia","1.1.0","route.encyclopedia.atlas-restoration-design","module.encyclopedia.atlas-restoration-design.tm-elgin-waltham","lesson.encyclopedia.atlas-restoration-design.tm-elgin-waltham","Caso oficial TM IV: Elgin y Waltham de bolsillo","189","18","8","1","conceptual-model / explanation","6-repair-adapt-manufacture-components","specialization","Explicar Caso oficial TM IV: Elgin y Waltham de bolsillo mediante relaciones causales.","specific-observable","design","psychomotor-skill","source.official.tm9-1575.elgin-waltham-pocket","[""source.external.pocket-watch-database"",""source.encyclopedia.original-synthesis""]","[""source.encyclopedia.original-synthesis"",""source.external.pocket-watch-database"",""source.official.tm9-1575.elgin-waltham-pocket [p.117-144; Elgin and Waltham pocket watches]""]","page-or-figure","[""concept.encyclopedia.atlas-restoration-design.tm-hamilton-992b.expediente-de-calibre"",""concept.encyclopedia.atlas-restoration-design.tm-hamilton-992b.secuencia-documentada"",""concept.encyclopedia.atlas-restoration-design.tm-hamilton-992b.transferencia-limitada""]","[]","[]","0/0 declared visuals ready or approved","[""multi-angle physical demonstration and reviewed result""]","K","P","simulation","normal","historical-context","[""lesson.title"",""lesson.purpose"",""lesson.objectives[0]"",""lesson.objectives[1]"",""lesson.objectives[2]"",""activity.encyclopedia.atlas-restoration-design.tm-elgin-waltham.title"",""activity.encyclopedia.atlas-restoration-design.tm-elgin-waltham.description""]","[""identical-english-spanish"",""redundant-names"",""overbroad-citation"",""modern-safety-source-required"",""inadequate-visual-support"",""automatic-segmentation-break"",""calibre-content-general-theory-only"",""single-lesson-module""]","needs-safety-review","manual-review","high","60","[{""reason"":""incidencias ponderadas"",""points"":60}]","Campos localizados en inglés repiten literalmente el español. Los nombres de módulo y lección son redundantes. Una o más fuentes se citan a nivel de capítulo, documento o sin localizador. El procedimiento necesita una fuente moderna de seguridad antes de cualquier uso operativo.","true"
"wplab.horology.watchmaking-encyclopedia","1.1.0","route.encyclopedia.atlas-restoration-design","module.encyclopedia.atlas-restoration-design.tm-relojes-pulsera","lesson.encyclopedia.atlas-restoration-design.tm-relojes-pulsera","Caso oficial TM V: Hamilton, Elgin y Waltham de pulsera","190","18","9","1","conceptual-model / explanation","6-repair-adapt-manufacture-components","specialization","Explicar Caso oficial TM V: Hamilton, Elgin y Waltham de pulsera mediante relaciones causales.","specific-observable","design","psychomotor-skill","source.official.tm9-1575.wristwatches","[""source.external.17jewels"",""source.encyclopedia.original-synthesis""]","[""source.encyclopedia.original-synthesis"",""source.external.17jewels"",""source.official.tm9-1575.wristwatches [p.145-174; Hamilton, Elgin and Waltham wrist watches]""]","page-or-figure","[""concept.encyclopedia.atlas-restoration-design.tm-elgin-waltham.eje-de-comparacion"",""concept.encyclopedia.atlas-restoration-design.tm-elgin-waltham.diferencia-de-plataforma"",""concept.encyclopedia.atlas-restoration-design.tm-elgin-waltham.caso-de-transferencia""]","[]","[]","0/0 declared visuals ready or approved","[""multi-angle physical demonstration and reviewed result""]","K","P","simulation","normal","historical-context","[""lesson.title"",""lesson.purpose"",""lesson.objectives[0]"",""lesson.objectives[1]"",""lesson.objectives[2]"",""activity.encyclopedia.atlas-restoration-design.tm-relojes-pulsera.title"",""activity.encyclopedia.atlas-restoration-design.tm-relojes-pulsera.description""]","[""identical-english-spanish"",""redundant-names"",""overbroad-citation"",""modern-safety-source-required"",""inadequate-visual-support"",""automatic-segmentation-break"",""calibre-content-general-theory-only"",""single-lesson-module""]","needs-safety-review","manual-review","high","60","[{""reason"":""incidencias ponderadas"",""points"":60}]","Campos localizados en inglés repiten literalmente el español. Los nombres de módulo y lección son redundantes. Una o más fuentes se citan a nivel de capítulo, documento o sin localizador. El procedimiento necesita una fuente moderna de seguridad antes de cualquier uso operativo.","true"
"wplab.horology.watchmaking-encyclopedia","1.1.0","route.encyclopedia.atlas-restoration-design","module.encyclopedia.atlas-restoration-design.tm-bulova-10ak","lesson.encyclopedia.atlas-restoration-design.tm-bulova-10ak","Caso oficial TM VI: Bulova 10AK y estanqueidad histórica","191","18","10","1","conceptual-model / explanation","6-repair-adapt-manufacture-components","specialization","Explicar Caso oficial TM VI: Bulova 10AK y estanqueidad histórica mediante relaciones causales.","specific-observable","historical-comparison","psychomotor-skill","source.official.tm9-1575.bulova-10ak","[""source.private.toh.ch12"",""source.encyclopedia.original-synthesis""]","[""source.encyclopedia.original-synthesis"",""source.official.tm9-1575.bulova-10ak [p.175-183; Bulova 10AK waterproof wrist watch]"",""source.private.toh.ch12 [p.254-275; 12]""]","page-or-figure","[""concept.encyclopedia.atlas-restoration-design.tm-relojes-pulsera.miniaturizacion-funcional"",""concept.encyclopedia.atlas-restoration-design.tm-relojes-pulsera.acceso-de-servicio"",""concept.encyclopedia.atlas-restoration-design.tm-relojes-pulsera.fragilidad-de-interfaz""]","[]","[]","0/0 declared visuals ready or approved","[""multi-angle physical demonstration and reviewed result""]","K","P","simulation","normal","historical-context","[""lesson.title"",""lesson.purpose"",""lesson.objectives[0]"",""lesson.objectives[1]"",""lesson.objectives[2]"",""activity.encyclopedia.atlas-restoration-design.tm-bulova-10ak.title"",""activity.encyclopedia.atlas-restoration-design.tm-bulova-10ak.description""]","[""identical-english-spanish"",""redundant-names"",""overbroad-citation"",""modern-safety-source-required"",""inadequate-visual-support"",""automatic-segmentation-break"",""calibre-content-general-theory-only"",""single-lesson-module""]","needs-safety-review","manual-review","high","60","[{""reason"":""incidencias ponderadas"",""points"":60}]","Campos localizados en inglés repiten literalmente el español. Los nombres de módulo y lección son redundantes. Una o más fuentes se citan a nivel de capítulo, documento o sin localizador. El procedimiento necesita una fuente moderna de seguridad antes de cualquier uso operativo.","true"
"wplab.horology.watchmaking-encyclopedia","1.1.0","route.encyclopedia.atlas-restoration-design","module.encyclopedia.atlas-restoration-design.tm-cronometros-reloj-m1","lesson.encyclopedia.atlas-restoration-design.tm-cronometros-reloj-m1","Caso oficial TM VII: stopwatches Elgin y Message Center Clock M1","192","18","11","1","transfer / explanation","6-repair-adapt-manufacture-components","specialization","Explicar Caso oficial TM VII: stopwatches Elgin y Message Center Clock M1 mediante relaciones causales.","specific-observable","design","psychomotor-skill","source.official.tm9-1575.stopwatches","[""source.official.tm9-1575.clock-m1"",""source.encyclopedia.original-synthesis""]","[""source.encyclopedia.original-synthesis"",""source.official.tm9-1575.clock-m1 [p.197-215; Message Center Clock M1]"",""source.official.tm9-1575.stopwatches [p.184-196; Elgin stop watches]""]","page-or-figure","[""concept.encyclopedia.atlas-restoration-design.tm-bulova-10ak.declaracion-historica-de-estanqueidad"",""concept.encyclopedia.atlas-restoration-design.tm-bulova-10ak.estado-de-envejecimiento"",""concept.encyclopedia.atlas-restoration-design.tm-bulova-10ak.prueba-no-destructiva""]","[]","[]","0/0 declared visuals ready or approved","[""multi-angle physical demonstration and reviewed result""]","K","P","simulation","historical-non-actionable","historical-context","[""lesson.title"",""lesson.purpose"",""lesson.objectives[0]"",""lesson.objectives[1]"",""lesson.objectives[2]"",""activity.encyclopedia.atlas-restoration-design.tm-cronometros-reloj-m1.title"",""activity.encyclopedia.atlas-restoration-design.tm-cronometros-reloj-m1.description""]","[""identical-english-spanish"",""redundant-names"",""overbroad-citation"",""hazardous-historical-procedure"",""modern-safety-source-required"",""inadequate-visual-support"",""automatic-segmentation-break"",""calibre-content-general-theory-only"",""single-lesson-module""]","needs-safety-review","manual-review","high","60","[{""reason"":""incidencias ponderadas"",""points"":60}]","Campos localizados en inglés repiten literalmente el español. Los nombres de módulo y lección son redundantes. Una o más fuentes se citan a nivel de capítulo, documento o sin localizador. La lección o sus fuentes contienen un procedimiento histórico peligroso; no debe convertirse en instrucción accionable.","true"
"wplab.horology.advanced-architecture-service","1.1.0","route.advanced.comparative-atlas","module.advanced.atlas-authority","lesson.advanced.atlas-authority","Leer un movimiento con autoridad y procedencia","193","19","1","1","conceptual-model / explanation","6-repair-adapt-manufacture-components","specialization","Explicar relaciones y estados antes de usar ejemplos.","generic","mechanism-explanation","psychomotor-skill","source.eta.6497-2.communication","[""source.external.ranfft"",""source.external.17jewels"",""source.external.watchguy"",""source.external.pocketwatchdatabase""]","[]","document","[]","[]","[]","0/0 declared visuals ready or approved","[""multi-angle physical demonstration and reviewed result""]","R","P","simulation","normal","unknown","[""lesson.title"",""lesson.purpose"",""lesson.objectives[0]"",""lesson.objectives[1]"",""lesson.objectives[2]"",""activity.advanced.atlas-authority.title"",""activity.advanced.atlas-authority.description""]","[""identical-english-spanish"",""generic-reused-objective"",""redundant-names"",""overbroad-citation"",""numeric-data-without-locator"",""inadequate-visual-support"",""template-conditioned-content"",""single-lesson-module""]","needs-source-review","edit","high","60","[{""reason"":""incidencias ponderadas"",""points"":60}]","Campos localizados en inglés repiten literalmente el español. El objetivo es genérico, no observable o se reutiliza de forma extensa. Los nombres de módulo y lección son redundantes. Una o más fuentes se citan a nivel de capítulo, documento o sin localizador.","true"
"wplab.horology.advanced-architecture-service","1.1.0","route.advanced.comparative-atlas","module.advanced.seconds-layout","lesson.advanced.seconds-layout","Pequeño segundero, central directo e indirecto","194","19","2","1","conceptual-model / explanation","6-repair-adapt-manufacture-components","specialization","Explicar relaciones y estados antes de usar ejemplos.","generic","mechanism-explanation","psychomotor-skill","source.eta.6497-2.product","[""source.eta.2824-2.product"",""source.eta.7750.product"",""source.external.ranfft""]","[]","document","[]","[]","[]","0/0 declared visuals ready or approved","[""multi-angle physical demonstration and reviewed result""]","R","P","simulation","normal","unknown","[""lesson.title"",""lesson.purpose"",""lesson.objectives[0]"",""lesson.objectives[1]"",""lesson.objectives[2]"",""activity.advanced.seconds-layout.title"",""activity.advanced.seconds-layout.description""]","[""identical-english-spanish"",""generic-reused-objective"",""redundant-names"",""overbroad-citation"",""numeric-data-without-locator"",""inadequate-visual-support"",""template-conditioned-content"",""single-lesson-module""]","needs-source-review","edit","high","60","[{""reason"":""incidencias ponderadas"",""points"":60}]","Campos localizados en inglés repiten literalmente el español. El objetivo es genérico, no observable o se reutiliza de forma extensa. Los nombres de módulo y lección son redundantes. Una o más fuentes se citan a nivel de capítulo, documento o sin localizador.","true"
"wplab.horology.advanced-architecture-service","1.1.0","route.advanced.comparative-atlas","module.advanced.winding-systems","lesson.advanced.winding-systems","Inversores, palanca de uñas y carga unidireccional","195","19","3","1","conceptual-model / explanation","6-repair-adapt-manufacture-components","specialization","Explicar relaciones y estados antes de usar ejemplos.","generic","mechanism-explanation","psychomotor-skill","source.eta.2824-2.product","[""source.eta.7750.product"",""source.seiko.42.technical-guide"",""source.seiko.6138a.technical-guide"",""source.miyota.8215.official""]","[]","document","[]","[]","[]","0/0 declared visuals ready or approved","[""multi-angle physical demonstration and reviewed result""]","R","P","simulation","historical-non-actionable","unknown","[""lesson.title"",""lesson.purpose"",""lesson.objectives[0]"",""lesson.objectives[1]"",""lesson.objectives[2]"",""activity.advanced.winding-systems.title"",""activity.advanced.winding-systems.description""]","[""identical-english-spanish"",""generic-reused-objective"",""redundant-names"",""overbroad-citation"",""numeric-data-without-locator"",""hazardous-historical-procedure"",""modern-safety-source-required"",""inadequate-visual-support"",""template-conditioned-content"",""single-lesson-module""]","needs-safety-review","manual-review","high","60","[{""reason"":""incidencias ponderadas"",""points"":60}]","Campos localizados en inglés repiten literalmente el español. El objetivo es genérico, no observable o se reutiliza de forma extensa. Los nombres de módulo y lección son redundantes. Una o más fuentes se citan a nivel de capítulo, documento o sin localizador.","true"
"wplab.horology.advanced-architecture-service","1.1.0","route.advanced.comparative-atlas","module.advanced.construction-trade-study","lesson.advanced.construction-trade-study","Puentes, platinas y presupuesto de altura","196","19","4","1","conceptual-model / explanation","6-repair-adapt-manufacture-components","specialization","Explicar relaciones y estados antes de usar ejemplos.","generic","mechanism-explanation","psychomotor-skill","source.eta.6497-2.communication","[""source.eta.2824-2.product"",""source.external.ranfft"",""source.external.17jewels"",""source.miyota.8215.official""]","[]","document","[]","[]","[]","0/0 declared visuals ready or approved","[""multi-angle physical demonstration and reviewed result""]","R","P","simulation","normal","unknown","[""lesson.title"",""lesson.purpose"",""lesson.objectives[0]"",""lesson.objectives[1]"",""lesson.objectives[2]"",""activity.advanced.construction-trade-study.title"",""activity.advanced.construction-trade-study.description""]","[""identical-english-spanish"",""generic-reused-objective"",""redundant-names"",""overbroad-citation"",""numeric-data-without-locator"",""inadequate-visual-support"",""template-conditioned-content"",""single-lesson-module""]","needs-source-review","edit","high","60","[{""reason"":""incidencias ponderadas"",""points"":60}]","Campos localizados en inglés repiten literalmente el español. El objetivo es genérico, no observable o se reutiliza de forma extensa. Los nombres de módulo y lección son redundantes. Una o más fuentes se citan a nivel de capítulo, documento o sin localizador.","true"
"wplab.horology.advanced-architecture-service","1.1.0","route.advanced.service-method","module.advanced.service-baseline","lesson.advanced.service-baseline","Estado inicial, alcance y seguridad","197","20","1","1","conceptual-model / explanation","6-repair-adapt-manufacture-components","specialization","Explicar relaciones y estados antes de usar ejemplos.","generic","calibre-service","psychomotor-skill","source.eta.6497-2.communication","[""source.external.watchguy""]","[]","document","[]","[]","[]","0/0 declared visuals ready or approved","[""multi-angle physical demonstration and reviewed result""]","R","P","home-bench","normal","unknown","[""lesson.title"",""lesson.purpose"",""lesson.objectives[0]"",""lesson.objectives[1]"",""lesson.objectives[2]"",""activity.advanced.service-baseline.title"",""activity.advanced.service-baseline.description""]","[""identical-english-spanish"",""generic-reused-objective"",""redundant-names"",""overbroad-citation"",""numeric-data-without-locator"",""inadequate-visual-support"",""template-conditioned-content"",""single-lesson-module""]","needs-source-review","edit","high","60","[{""reason"":""incidencias ponderadas"",""points"":60}]","Campos localizados en inglés repiten literalmente el español. El objetivo es genérico, no observable o se reutiliza de forma extensa. Los nombres de módulo y lección son redundantes. Una o más fuentes se citan a nivel de capítulo, documento o sin localizador.","true"
"wplab.horology.advanced-architecture-service","1.1.0","route.advanced.service-method","module.advanced.service-disassembly","lesson.advanced.service-disassembly","Desmontar por dependencias, no por memoria","198","20","2","1","conceptual-model / explanation","6-repair-adapt-manufacture-components","specialization","Explicar relaciones y estados antes de usar ejemplos.","generic","calibre-service","psychomotor-skill","source.eta.6497-2.communication","[""source.eta.7750.communication"",""source.external.watchguy""]","[]","document","[]","[]","[]","0/0 declared visuals ready or approved","[""multi-angle physical demonstration and reviewed result""]","R","P","home-bench","normal","unknown","[""lesson.title"",""lesson.purpose"",""lesson.objectives[0]"",""lesson.objectives[1]"",""lesson.objectives[2]"",""activity.advanced.service-disassembly.title"",""activity.advanced.service-disassembly.description""]","[""identical-english-spanish"",""generic-reused-objective"",""redundant-names"",""overbroad-citation"",""numeric-data-without-locator"",""inadequate-visual-support"",""template-conditioned-content"",""single-lesson-module""]","needs-source-review","edit","high","60","[{""reason"":""incidencias ponderadas"",""points"":60}]","Campos localizados en inglés repiten literalmente el español. El objetivo es genérico, no observable o se reutiliza de forma extensa. Los nombres de módulo y lección son redundantes. Una o más fuentes se citan a nivel de capítulo, documento o sin localizador.","true"
"wplab.horology.advanced-architecture-service","1.1.0","route.advanced.service-method","module.advanced.service-clean-lube","lesson.advanced.service-clean-lube","Limpieza y lubricación como decisiones documentadas","199","20","3","1","conceptual-model / explanation","6-repair-adapt-manufacture-components","specialization","Explicar relaciones y estados antes de usar ejemplos.","generic","calibre-service","psychomotor-skill","source.eta.6497-2.communication","[""source.eta.7750.communication""]","[]","document","[]","[]","[]","0/0 declared visuals ready or approved","[""multi-angle physical demonstration and reviewed result""]","R","P","home-bench","normal","unknown","[""lesson.title"",""lesson.purpose"",""lesson.objectives[0]"",""lesson.objectives[1]"",""lesson.objectives[2]"",""activity.advanced.service-clean-lube.title"",""activity.advanced.service-clean-lube.description""]","[""identical-english-spanish"",""generic-reused-objective"",""redundant-names"",""overbroad-citation"",""numeric-data-without-locator"",""inadequate-visual-support"",""template-conditioned-content"",""single-lesson-module""]","needs-source-review","edit","high","60","[{""reason"":""incidencias ponderadas"",""points"":60}]","Campos localizados en inglés repiten literalmente el español. El objetivo es genérico, no observable o se reutiliza de forma extensa. Los nombres de módulo y lección son redundantes. Una o más fuentes se citan a nivel de capítulo, documento o sin localizador.","true"
"wplab.horology.advanced-architecture-service","1.1.0","route.advanced.service-method","module.advanced.service-assembly","lesson.advanced.service-assembly","Montaje incremental y verificación por capas","200","20","4","1","conceptual-model / explanation","6-repair-adapt-manufacture-components","specialization","Explicar relaciones y estados antes de usar ejemplos.","generic","calibre-service","psychomotor-skill","source.eta.6497-2.communication","[""source.eta.7750.communication""]","[]","document","[]","[]","[]","0/0 declared visuals ready or approved","[""multi-angle physical demonstration and reviewed result""]","R","P","home-bench","normal","unknown","[""lesson.title"",""lesson.purpose"",""lesson.objectives[0]"",""lesson.objectives[1]"",""lesson.objectives[2]"",""activity.advanced.service-assembly.title"",""activity.advanced.service-assembly.description""]","[""identical-english-spanish"",""generic-reused-objective"",""redundant-names"",""overbroad-citation"",""numeric-data-without-locator"",""inadequate-visual-support"",""template-conditioned-content"",""single-lesson-module""]","needs-source-review","edit","high","60","[{""reason"":""incidencias ponderadas"",""points"":60}]","Campos localizados en inglés repiten literalmente el español. El objetivo es genérico, no observable o se reutiliza de forma extensa. Los nombres de módulo y lección son redundantes. Una o más fuentes se citan a nivel de capítulo, documento o sin localizador.","true"
"wplab.horology.advanced-architecture-service","1.1.0","route.advanced.service-method","module.advanced.service-diagnosis","lesson.advanced.service-diagnosis","Diagnóstico causal e informe defendible","201","20","5","1","conceptual-model / explanation","3-observe-measure-diagnose","specialization","Explicar relaciones y estados antes de usar ejemplos.","generic","calibre-service","psychomotor-skill","source.eta.6497-2.communication","[""source.external.watchguy""]","[]","document","[]","[]","[]","0/0 declared visuals ready or approved","[""multi-angle physical demonstration and reviewed result""]","R","P","home-bench","normal","unknown","[""lesson.title"",""lesson.purpose"",""lesson.objectives[0]"",""lesson.objectives[1]"",""lesson.objectives[2]"",""activity.advanced.service-diagnosis.title"",""activity.advanced.service-diagnosis.description""]","[""identical-english-spanish"",""generic-reused-objective"",""redundant-names"",""overbroad-citation"",""numeric-data-without-locator"",""inadequate-visual-support"",""template-conditioned-content"",""single-lesson-module""]","needs-source-review","edit","high","75","[{""reason"":""incidencias ponderadas"",""points"":60},{""reason"":""diagnóstico"",""points"":15}]","Campos localizados en inglés repiten literalmente el español. El objetivo es genérico, no observable o se reutiliza de forma extensa. Los nombres de módulo y lección son redundantes. Una o más fuentes se citan a nivel de capítulo, documento o sin localizador.","true"
"wplab.horology.advanced-architecture-service","1.1.0","route.advanced.architectures-complications","module.advanced.escapement-compare","lesson.advanced.escapement-compare","Escapes: funciones comunes y geometrías no transferibles","202","21","1","1","conceptual-model / explanation","2-understand-mechanical-systems","","Explicar relaciones y estados antes de usar ejemplos.","generic","visual-anatomy","psychomotor-skill","source.eta.6497-2.communication","[""source.miyota.8215.official"",""source.external.ranfft""]","[]","document","[]","[]","[]","0/0 declared visuals ready or approved","[""multi-angle physical demonstration and reviewed result""]","R","P","simulation","historical-non-actionable","unknown","[""lesson.title"",""lesson.purpose"",""lesson.objectives[0]"",""lesson.objectives[1]"",""lesson.objectives[2]"",""activity.advanced.escapement-compare.title"",""activity.advanced.escapement-compare.description""]","[""identical-english-spanish"",""generic-reused-objective"",""redundant-names"",""overbroad-citation"",""numeric-data-without-locator"",""hazardous-historical-procedure"",""modern-safety-source-required"",""inadequate-visual-support"",""template-conditioned-content"",""single-lesson-module""]","needs-safety-review","manual-review","high","60","[{""reason"":""incidencias ponderadas"",""points"":60}]","Campos localizados en inglés repiten literalmente el español. El objetivo es genérico, no observable o se reutiliza de forma extensa. Los nombres de módulo y lección son redundantes. Una o más fuentes se citan a nivel de capítulo, documento o sin localizador.","true"
"wplab.horology.advanced-architecture-service","1.1.0","route.advanced.architectures-complications","module.advanced.ultra-thin","lesson.advanced.ultra-thin","Arquitectura extraplana y presupuesto axial","203","21","2","1","conceptual-model / explanation","2-understand-mechanical-systems","","Explicar relaciones y estados antes de usar ejemplos.","generic","visual-anatomy","psychomotor-skill","source.eta.2824-2.product","[""source.external.ranfft"",""source.external.17jewels""]","[]","document","[]","[]","[]","0/0 declared visuals ready or approved","[""multi-angle physical demonstration and reviewed result""]","R","P","simulation","historical-non-actionable","unknown","[""lesson.title"",""lesson.purpose"",""lesson.objectives[0]"",""lesson.objectives[1]"",""lesson.objectives[2]"",""activity.advanced.ultra-thin.title"",""activity.advanced.ultra-thin.description""]","[""identical-english-spanish"",""generic-reused-objective"",""redundant-names"",""overbroad-citation"",""numeric-data-without-locator"",""hazardous-historical-procedure"",""modern-safety-source-required"",""inadequate-visual-support"",""template-conditioned-content"",""single-lesson-module""]","needs-safety-review","manual-review","high","60","[{""reason"":""incidencias ponderadas"",""points"":60}]","Campos localizados en inglés repiten literalmente el español. El objetivo es genérico, no observable o se reutiliza de forma extensa. Los nombres de módulo y lección son redundantes. Una o más fuentes se citan a nivel de capítulo, documento o sin localizador.","true"
"wplab.horology.advanced-architecture-service","1.1.0","route.advanced.architectures-complications","module.advanced.calendars","lesson.advanced.calendars","Calendarios como acumulación, salto, retención y corrección","204","21","3","1","conceptual-model / explanation","2-understand-mechanical-systems","","Explicar relaciones y estados antes de usar ejemplos.","generic","visual-anatomy","psychomotor-skill","source.eta.2824-2.product","[""source.eta.7750.product"",""source.miyota.8215.official""]","[]","document","[]","[]","[]","0/0 declared visuals ready or approved","[""multi-angle physical demonstration and reviewed result""]","R","P","simulation","normal","unknown","[""lesson.title"",""lesson.purpose"",""lesson.objectives[0]"",""lesson.objectives[1]"",""lesson.objectives[2]"",""activity.advanced.calendars.title"",""activity.advanced.calendars.description""]","[""identical-english-spanish"",""generic-reused-objective"",""redundant-names"",""overbroad-citation"",""numeric-data-without-locator"",""inadequate-visual-support"",""template-conditioned-content"",""single-lesson-module""]","needs-source-review","edit","high","60","[{""reason"":""incidencias ponderadas"",""points"":60}]","Campos localizados en inglés repiten literalmente el español. El objetivo es genérico, no observable o se reutiliza de forma extensa. Los nombres de módulo y lección son redundantes. Una o más fuentes se citan a nivel de capítulo, documento o sin localizador.","true"
"wplab.horology.advanced-architecture-service","1.1.0","route.advanced.architectures-complications","module.advanced.chronograph-control","lesson.advanced.chronograph-control","Control de cronógrafo: levas y rueda de pilares","205","21","4","1","conceptual-model / explanation","2-understand-mechanical-systems","","Explicar relaciones y estados antes de usar ejemplos.","generic","visual-anatomy","psychomotor-skill","source.eta.7750.product","[""source.eta.7750.communication"",""source.seiko.6138a.technical-guide""]","[]","document","[]","[]","[]","0/0 declared visuals ready or approved","[""multi-angle physical demonstration and reviewed result""]","R","P","simulation","normal","unknown","[""lesson.title"",""lesson.purpose"",""lesson.objectives[0]"",""lesson.objectives[1]"",""lesson.objectives[2]"",""activity.advanced.chronograph-control.title"",""activity.advanced.chronograph-control.description""]","[""identical-english-spanish"",""generic-reused-objective"",""redundant-names"",""overbroad-citation"",""numeric-data-without-locator"",""inadequate-visual-support"",""template-conditioned-content"",""single-lesson-module""]","needs-source-review","edit","high","60","[{""reason"":""incidencias ponderadas"",""points"":60}]","Campos localizados en inglés repiten literalmente el español. El objetivo es genérico, no observable o se reutiliza de forma extensa. Los nombres de módulo y lección son redundantes. Una o más fuentes se citan a nivel de capítulo, documento o sin localizador.","true"
"wplab.horology.advanced-architecture-service","1.1.0","route.advanced.architectures-complications","module.advanced.chronograph-coupling","lesson.advanced.chronograph-coupling","Acoplamiento horizontal y embrague vertical","206","21","5","1","conceptual-model / explanation","2-understand-mechanical-systems","","Explicar relaciones y estados antes de usar ejemplos.","generic","visual-anatomy","psychomotor-skill","source.eta.7750.communication","[""source.seiko.6138a.technical-guide""]","[]","document","[]","[]","[]","0/0 declared visuals ready or approved","[""multi-angle physical demonstration and reviewed result""]","R","P","simulation","historical-non-actionable","unknown","[""lesson.title"",""lesson.purpose"",""lesson.objectives[0]"",""lesson.objectives[1]"",""lesson.objectives[2]"",""activity.advanced.chronograph-coupling.title"",""activity.advanced.chronograph-coupling.description""]","[""identical-english-spanish"",""generic-reused-objective"",""redundant-names"",""overbroad-citation"",""numeric-data-without-locator"",""hazardous-historical-procedure"",""modern-safety-source-required"",""inadequate-visual-support"",""template-conditioned-content"",""single-lesson-module""]","needs-safety-review","manual-review","high","60","[{""reason"":""incidencias ponderadas"",""points"":60}]","Campos localizados en inglés repiten literalmente el español. El objetivo es genérico, no observable o se reutiliza de forma extensa. Los nombres de módulo y lección son redundantes. Una o más fuentes se citan a nivel de capítulo, documento o sin localizador.","true"
"wplab.horology.advanced-architecture-service","1.1.0","route.advanced.architectures-complications","module.advanced.architecture-capstone","lesson.advanced.architecture-capstone","Proyecto: defender una arquitectura completa","207","21","6","1","transfer / explanation","5-build-complete-watch","","Explicar relaciones y estados antes de usar ejemplos.","generic","visual-anatomy","manufacturing","source.eta.6497-2.product","[""source.eta.2824-2.product"",""source.eta.7750.product"",""source.seiko.42.technical-guide"",""source.seiko.6138a.technical-guide"",""source.miyota.8215.official""]","[]","document","[]","[]","[]","0/0 declared visuals ready or approved","[""dimensioned drawing, workholding, and operation states""]","R","R","simulation","historical-non-actionable","unknown","[""lesson.title"",""lesson.purpose"",""lesson.objectives[0]"",""lesson.objectives[1]"",""lesson.objectives[2]"",""activity.advanced.architecture-capstone.title"",""activity.advanced.architecture-capstone.description""]","[""identical-english-spanish"",""generic-reused-objective"",""redundant-names"",""overbroad-citation"",""numeric-data-without-locator"",""hazardous-historical-procedure"",""modern-safety-source-required"",""inadequate-visual-support"",""template-conditioned-content"",""single-lesson-module""]","needs-safety-review","manual-review","high","60","[{""reason"":""incidencias ponderadas"",""points"":60}]","Campos localizados en inglés repiten literalmente el español. El objetivo es genérico, no observable o se reutiliza de forma extensa. Los nombres de módulo y lección son redundantes. Una o más fuentes se citan a nivel de capítulo, documento o sin localizador.","true"
"wplab.horology.manufacturing-design-validation","1.1.0","route.capstone.manufacturing-finishing","module.capstone.manufacturing.dfm-datums","lesson.capstone.manufacturing.dfm-datums","Diseño para fabricar, medir y revisar","208","22","1","1","conceptual-model / explanation","6-repair-adapt-manufacture-components","","Explicar la teoría antes de abrir el expediente.","generic","manufacturing","manufacturing","source.iso.286-1","[""source.iso.1101"",""source.iso.21920-1"",""source.iso.14253-1""]","[]","document","[]","[]","[]","0/0 declared visuals ready or approved","[""dimensioned drawing, workholding, and operation states""]","R","R","home-bench","normal","unknown","[""lesson.title"",""lesson.purpose"",""lesson.objectives[0]"",""lesson.objectives[1]"",""lesson.objectives[2]"",""activity.capstone.manufacturing.dfm-datums.title"",""activity.capstone.manufacturing.dfm-datums.description""]","[""identical-english-spanish"",""generic-reused-objective"",""redundant-names"",""overbroad-citation"",""numeric-data-without-locator"",""inadequate-visual-support"",""template-conditioned-content"",""specialist-work-misclassified-home"",""single-lesson-module""]","needs-source-review","manual-review","critical","90","[{""reason"":""incidencias ponderadas"",""points"":60},{""reason"":""diseño propio"",""points"":15},{""reason"":""fabricación"",""points"":15}]","Campos localizados en inglés repiten literalmente el español. El objetivo es genérico, no observable o se reutiliza de forma extensa. Los nombres de módulo y lección son redundantes. Una o más fuentes se citan a nivel de capítulo, documento o sin localizador.","true"
"wplab.horology.manufacturing-design-validation","1.1.0","route.capstone.manufacturing-finishing","module.capstone.manufacturing.case","lesson.capstone.manufacturing.case","Caja y arquitectura exterior","209","22","2","1","conceptual-model / explanation","6-repair-adapt-manufacture-components","","Explicar la teoría antes de abrir el expediente.","generic","manufacturing","manufacturing","source.iso.22810","[""source.iso.14856"",""source.iso.1101"",""source.miyota.8215.official""]","[]","document","[]","[]","[]","0/0 declared visuals ready or approved","[""dimensioned drawing, workholding, and operation states""]","R","R","home-bench","normal","unknown","[""lesson.title"",""lesson.purpose"",""lesson.objectives[0]"",""lesson.objectives[1]"",""lesson.objectives[2]"",""activity.capstone.manufacturing.case.title"",""activity.capstone.manufacturing.case.description""]","[""identical-english-spanish"",""generic-reused-objective"",""redundant-names"",""overbroad-citation"",""numeric-data-without-locator"",""inadequate-visual-support"",""template-conditioned-content"",""automatic-segmentation-break"",""specialist-work-misclassified-home"",""single-lesson-module""]","needs-source-review","manual-review","high","75","[{""reason"":""incidencias ponderadas"",""points"":60},{""reason"":""fabricación"",""points"":15}]","Campos localizados en inglés repiten literalmente el español. El objetivo es genérico, no observable o se reutiliza de forma extensa. Los nombres de módulo y lección son redundantes. Una o más fuentes se citan a nivel de capítulo, documento o sin localizador.","true"
"wplab.horology.manufacturing-design-validation","1.1.0","route.capstone.manufacturing-finishing","module.capstone.manufacturing.dial","lesson.capstone.manufacturing.dial","Esfera, índices y superficies gráficas","210","22","3","1","conceptual-model / explanation","6-repair-adapt-manufacture-components","","Explicar la teoría antes de abrir el expediente.","generic","manufacturing","manufacturing","source.iso.1101","[""source.iso.21920-1"",""source.w3c.wcag22""]","[]","document","[]","[]","[]","0/0 declared visuals ready or approved","[""dimensioned drawing, workholding, and operation states""]","R","R","home-bench","normal","unknown","[""lesson.title"",""lesson.purpose"",""lesson.objectives[0]"",""lesson.objectives[1]"",""lesson.objectives[2]"",""activity.capstone.manufacturing.dial.title"",""activity.capstone.manufacturing.dial.description""]","[""identical-english-spanish"",""generic-reused-objective"",""redundant-names"",""overbroad-citation"",""numeric-data-without-locator"",""inadequate-visual-support"",""template-conditioned-content"",""automatic-segmentation-break"",""specialist-work-misclassified-home"",""single-lesson-module""]","needs-source-review","manual-review","high","75","[{""reason"":""incidencias ponderadas"",""points"":60},{""reason"":""fabricación"",""points"":15}]","Campos localizados en inglés repiten literalmente el español. El objetivo es genérico, no observable o se reutiliza de forma extensa. Los nombres de módulo y lección son redundantes. Una o más fuentes se citan a nivel de capítulo, documento o sin localizador.","true"
"wplab.horology.manufacturing-design-validation","1.1.0","route.capstone.manufacturing-finishing","module.capstone.manufacturing.hands","lesson.capstone.manufacturing.hands","Agujas, cañones y holguras","211","22","4","1","conceptual-model / explanation","6-repair-adapt-manufacture-components","","Explicar la teoría antes de abrir el expediente.","generic","manufacturing","manufacturing","source.miyota.8215.official","[""source.iso.1101"",""source.w3c.wcag22""]","[]","document","[]","[]","[]","0/0 declared visuals ready or approved","[""dimensioned drawing, workholding, and operation states""]","R","R","home-bench","historical-non-actionable","unknown","[""lesson.title"",""lesson.purpose"",""lesson.objectives[0]"",""lesson.objectives[1]"",""lesson.objectives[2]"",""activity.capstone.manufacturing.hands.title"",""activity.capstone.manufacturing.hands.description""]","[""identical-english-spanish"",""generic-reused-objective"",""redundant-names"",""overbroad-citation"",""numeric-data-without-locator"",""hazardous-historical-procedure"",""modern-safety-source-required"",""inadequate-visual-support"",""template-conditioned-content"",""specialist-work-misclassified-home"",""single-lesson-module""]","needs-safety-review","manual-review","high","75","[{""reason"":""incidencias ponderadas"",""points"":60},{""reason"":""fabricación"",""points"":15}]","Campos localizados en inglés repiten literalmente el español. El objetivo es genérico, no observable o se reutiliza de forma extensa. Los nombres de módulo y lección son redundantes. Una o más fuentes se citan a nivel de capítulo, documento o sin localizador.","true"
"wplab.horology.manufacturing-design-validation","1.1.0","route.capstone.manufacturing-finishing","module.capstone.manufacturing.plates-bridges","lesson.capstone.manufacturing.plates-bridges","Platinas, puentes, apoyos y rubíes","212","22","5","1","conceptual-model / explanation","6-repair-adapt-manufacture-components","","Explicar la teoría antes de abrir el expediente.","generic","manufacturing","manufacturing","source.iso.1101","[""source.iso.286-1"",""source.iso.14253-1"",""source.private.horologia-book""]","[]","document","[]","[]","[]","0/0 declared visuals ready or approved","[""dimensioned drawing, workholding, and operation states""]","R","R","home-bench","normal","unknown","[""lesson.title"",""lesson.purpose"",""lesson.objectives[0]"",""lesson.objectives[1]"",""lesson.objectives[2]"",""activity.capstone.manufacturing.plates-bridges.title"",""activity.capstone.manufacturing.plates-bridges.description""]","[""identical-english-spanish"",""generic-reused-objective"",""redundant-names"",""overbroad-citation"",""numeric-data-without-locator"",""ocr-formula-unverified"",""inadequate-visual-support"",""template-conditioned-content"",""automatic-segmentation-break"",""specialist-work-misclassified-home"",""single-lesson-module""]","needs-source-review","manual-review","high","75","[{""reason"":""incidencias ponderadas"",""points"":60},{""reason"":""fabricación"",""points"":15}]","Campos localizados en inglés repiten literalmente el español. El objetivo es genérico, no observable o se reutiliza de forma extensa. Los nombres de módulo y lección son redundantes. Una o más fuentes se citan a nivel de capítulo, documento o sin localizador.","true"
"wplab.horology.manufacturing-design-validation","1.1.0","route.capstone.manufacturing-finishing","module.capstone.manufacturing.micromechanics","lesson.capstone.manufacturing.micromechanics","Micromecánica: ejes, piñones, tornillos y muelles","213","22","6","1","conceptual-model / explanation","6-repair-adapt-manufacture-components","","Explicar la teoría antes de abrir el expediente.","generic","manufacturing","manufacturing","source.iso.286-1","[""source.iso.1101"",""source.iso.21920-1"",""source.niosh.machine-safety""]","[]","document","[]","[]","[]","0/0 declared visuals ready or approved","[""dimensioned drawing, workholding, and operation states""]","R","R","home-bench","historical-non-actionable","unknown","[""lesson.title"",""lesson.purpose"",""lesson.objectives[0]"",""lesson.objectives[1]"",""lesson.objectives[2]"",""activity.capstone.manufacturing.micromechanics.title"",""activity.capstone.manufacturing.micromechanics.description""]","[""identical-english-spanish"",""generic-reused-objective"",""redundant-names"",""overbroad-citation"",""numeric-data-without-locator"",""hazardous-historical-procedure"",""modern-safety-source-required"",""inadequate-visual-support"",""template-conditioned-content"",""automatic-segmentation-break"",""specialist-work-misclassified-home"",""single-lesson-module""]","needs-safety-review","manual-review","high","75","[{""reason"":""incidencias ponderadas"",""points"":60},{""reason"":""fabricación"",""points"":15}]","Campos localizados en inglés repiten literalmente el español. El objetivo es genérico, no observable o se reutiliza de forma extensa. Los nombres de módulo y lección son redundantes. Una o más fuentes se citan a nivel de capítulo, documento o sin localizador.","true"
"wplab.horology.manufacturing-design-validation","1.1.0","route.capstone.manufacturing-finishing","module.capstone.manufacturing.decoration","lesson.capstone.manufacturing.decoration","Acabados y decoración funcionalmente seguros","214","22","7","1","conceptual-model / explanation","6-repair-adapt-manufacture-components","","Explicar la teoría antes de abrir el expediente.","generic","manufacturing","manufacturing","source.iso.21920-1","[""source.iso.3160-2"",""source.osha.metalworking-fluids"",""source.private.horologia-book""]","[]","document","[]","[]","[]","0/0 declared visuals ready or approved","[""dimensioned drawing, workholding, and operation states""]","R","R","home-bench","historical-non-actionable","unknown","[""lesson.title"",""lesson.purpose"",""lesson.objectives[0]"",""lesson.objectives[1]"",""lesson.objectives[2]"",""activity.capstone.manufacturing.decoration.title"",""activity.capstone.manufacturing.decoration.description""]","[""identical-english-spanish"",""generic-reused-objective"",""redundant-names"",""overbroad-citation"",""numeric-data-without-locator"",""ocr-formula-unverified"",""hazardous-historical-procedure"",""modern-safety-source-required"",""inadequate-visual-support"",""template-conditioned-content"",""specialist-work-misclassified-home"",""single-lesson-module""]","needs-safety-review","manual-review","high","75","[{""reason"":""incidencias ponderadas"",""points"":60},{""reason"":""fabricación"",""points"":15}]","Campos localizados en inglés repiten literalmente el español. El objetivo es genérico, no observable o se reutiliza de forma extensa. Los nombres de módulo y lección son redundantes. Una o más fuentes se citan a nivel de capítulo, documento o sin localizador.","true"
"wplab.horology.manufacturing-design-validation","1.1.0","route.capstone.personal-watch-design","module.capstone.design.requirements","lesson.capstone.design.requirements","Pliego, usuario y arquitectura del producto","215","23","1","1","conceptual-model / explanation","7-design-validate-own-watch-or-movement","","Explicar la teoría antes de abrir el expediente.","generic","design","manufacturing","source.iso.9241-11","[""source.iso.9241-210"",""source.w3c.wcag22""]","[]","document","[]","[]","[]","0/0 declared visuals ready or approved","[""dimensioned drawing, workholding, and operation states""]","R","R","simulation","normal","unknown","[""lesson.title"",""lesson.purpose"",""lesson.objectives[0]"",""lesson.objectives[1]"",""lesson.objectives[2]"",""activity.capstone.design.requirements.title"",""activity.capstone.design.requirements.description""]","[""identical-english-spanish"",""generic-reused-objective"",""redundant-names"",""overbroad-citation"",""numeric-data-without-locator"",""inadequate-visual-support"",""template-conditioned-content"",""single-lesson-module""]","needs-source-review","edit","high","75","[{""reason"":""incidencias ponderadas"",""points"":60},{""reason"":""diseño propio"",""points"":15}]","Campos localizados en inglés repiten literalmente el español. El objetivo es genérico, no observable o se reutiliza de forma extensa. Los nombres de módulo y lección son redundantes. Una o más fuentes se citan a nivel de capítulo, documento o sin localizador.","true"
"wplab.horology.manufacturing-design-validation","1.1.0","route.capstone.personal-watch-design","module.capstone.design.acquired-movement","lesson.capstone.design.acquired-movement","Integración de un movimiento adquirido","216","23","2","1","conceptual-model / explanation","5-build-complete-watch","","Explicar la teoría antes de abrir el expediente.","generic","design","design","source.miyota.8215.official","[""source.eta.6497-2.communication"",""source.iso.1101""]","[]","document","[]","[]","[]","0/0 declared visuals ready or approved","[""layout drawing, dependency graph, and validation criteria""]","R","R","simulation","normal","unknown","[""lesson.title"",""lesson.purpose"",""lesson.objectives[0]"",""lesson.objectives[1]"",""lesson.objectives[2]"",""activity.capstone.design.acquired-movement.title"",""activity.capstone.design.acquired-movement.description""]","[""identical-english-spanish"",""generic-reused-objective"",""redundant-names"",""overbroad-citation"",""numeric-data-without-locator"",""inadequate-visual-support"",""template-conditioned-content"",""single-lesson-module""]","needs-source-review","edit","high","75","[{""reason"":""incidencias ponderadas"",""points"":60},{""reason"":""diseño propio"",""points"":15}]","Campos localizados en inglés repiten literalmente el español. El objetivo es genérico, no observable o se reutiliza de forma extensa. Los nombres de módulo y lección son redundantes. Una o más fuentes se citan a nivel de capítulo, documento o sin localizador.","true"
"wplab.horology.manufacturing-design-validation","1.1.0","route.capstone.personal-watch-design","module.capstone.design.external-components","lesson.capstone.design.external-components","Caja, esfera, agujas y experiencia de uso","217","23","3","1","conceptual-model / explanation","5-build-complete-watch","","Explicar la teoría antes de abrir el expediente.","generic","design","psychomotor-skill","source.iso.22810","[""source.iso.21920-1"",""source.iso.9241-11"",""source.w3c.wcag22""]","[]","document","[]","[]","[]","0/0 declared visuals ready or approved","[""multi-angle physical demonstration and reviewed result""]","R","P","simulation","normal","unknown","[""lesson.title"",""lesson.purpose"",""lesson.objectives[0]"",""lesson.objectives[1]"",""lesson.objectives[2]"",""activity.capstone.design.external-components.title"",""activity.capstone.design.external-components.description""]","[""identical-english-spanish"",""generic-reused-objective"",""redundant-names"",""overbroad-citation"",""numeric-data-without-locator"",""inadequate-visual-support"",""template-conditioned-content"",""single-lesson-module""]","needs-source-review","edit","high","75","[{""reason"":""incidencias ponderadas"",""points"":60},{""reason"":""diseño propio"",""points"":15}]","Campos localizados en inglés repiten literalmente el español. El objetivo es genérico, no observable o se reutiliza de forma extensa. Los nombres de módulo y lección son redundantes. Una o más fuentes se citan a nivel de capítulo, documento o sin localizador.","true"
"wplab.horology.manufacturing-design-validation","1.1.0","route.capstone.personal-watch-design","module.capstone.design.controlled-modification","lesson.capstone.design.controlled-modification","Modificación arquitectónica controlada","218","23","4","1","conceptual-model / explanation","7-design-validate-own-watch-or-movement","","Explicar la teoría antes de abrir el expediente.","generic","design","manufacturing","source.iso.14253-1","[""source.eta.6497-2.communication"",""source.miyota.8215.official""]","[]","document","[]","[]","[]","0/0 declared visuals ready or approved","[""dimensioned drawing, workholding, and operation states""]","R","R","simulation","normal","unknown","[""lesson.title"",""lesson.purpose"",""lesson.objectives[0]"",""lesson.objectives[1]"",""lesson.objectives[2]"",""activity.capstone.design.controlled-modification.title"",""activity.capstone.design.controlled-modification.description""]","[""identical-english-spanish"",""generic-reused-objective"",""redundant-names"",""overbroad-citation"",""numeric-data-without-locator"",""inadequate-visual-support"",""template-conditioned-content"",""single-lesson-module""]","needs-source-review","edit","high","75","[{""reason"":""incidencias ponderadas"",""points"":60},{""reason"":""diseño propio"",""points"":15}]","Campos localizados en inglés repiten literalmente el español. El objetivo es genérico, no observable o se reutiliza de forma extensa. Los nombres de módulo y lección son redundantes. Una o más fuentes se citan a nivel de capítulo, documento o sin localizador.","true"
"wplab.horology.manufacturing-design-validation","1.1.0","route.capstone.personal-watch-design","module.capstone.design.own-movement","lesson.capstone.design.own-movement","Arquitectura de un movimiento propio","219","23","5","1","conceptual-model / explanation","7-design-validate-own-watch-or-movement","","Explicar la teoría antes de abrir el expediente.","generic","design","manufacturing","source.private.horologia-book","[""source.iso.1101"",""source.iso.286-1"",""source.eta.6497-2.communication""]","[]","document","[]","[]","[]","0/0 declared visuals ready or approved","[""dimensioned drawing, workholding, and operation states""]","R","R","simulation","normal","unknown","[""lesson.title"",""lesson.purpose"",""lesson.objectives[0]"",""lesson.objectives[1]"",""lesson.objectives[2]"",""activity.capstone.design.own-movement.title"",""activity.capstone.design.own-movement.description""]","[""identical-english-spanish"",""generic-reused-objective"",""redundant-names"",""overbroad-citation"",""numeric-data-without-locator"",""ocr-formula-unverified"",""inadequate-visual-support"",""template-conditioned-content"",""single-lesson-module""]","needs-source-review","manual-review","high","75","[{""reason"":""incidencias ponderadas"",""points"":60},{""reason"":""diseño propio"",""points"":15}]","Campos localizados en inglés repiten literalmente el español. El objetivo es genérico, no observable o se reutiliza de forma extensa. Los nombres de módulo y lección son redundantes. Una o más fuentes se citan a nivel de capítulo, documento o sin localizador.","true"
"wplab.horology.manufacturing-design-validation","1.1.0","route.capstone.personal-watch-design","module.capstone.design.capstone","lesson.capstone.design.capstone","Dossier integral y puerta de prototipo","220","23","6","1","conceptual-model / explanation","7-design-validate-own-watch-or-movement","","Explicar la teoría antes de abrir el expediente.","generic","design","design","source.iso.9241-210","[""source.iso.14253-1"",""source.w3c.wcag22"",""source.roediger-karpicke.2006""]","[]","document","[]","[]","[]","0/0 declared visuals ready or approved","[""layout drawing, dependency graph, and validation criteria""]","R","R","simulation","normal","unknown","[""lesson.title"",""lesson.purpose"",""lesson.objectives[0]"",""lesson.objectives[1]"",""lesson.objectives[2]"",""activity.capstone.design.capstone.title"",""activity.capstone.design.capstone.description""]","[""identical-english-spanish"",""generic-reused-objective"",""redundant-names"",""overbroad-citation"",""numeric-data-without-locator"",""inadequate-visual-support"",""template-conditioned-content"",""single-lesson-module""]","needs-source-review","edit","high","75","[{""reason"":""incidencias ponderadas"",""points"":60},{""reason"":""diseño propio"",""points"":15}]","Campos localizados en inglés repiten literalmente el español. El objetivo es genérico, no observable o se reutiliza de forma extensa. Los nombres de módulo y lección son redundantes. Una o más fuentes se citan a nivel de capítulo, documento o sin localizador.","true"
"wplab.horology.manufacturing-design-validation","1.1.0","route.capstone.watch-validation","module.capstone.validation.watchmaker-review","lesson.capstone.validation.watchmaker-review","Revisión relojera independiente","221","24","1","1","transfer / explanation","7-design-validate-own-watch-or-movement","","Explicar la teoría antes de abrir el expediente.","generic","capstone-project","psychomotor-skill","source.eta.6497-2.communication","[""source.miyota.8215.official"",""source.iso.14253-1""]","[]","document","[]","[]","[]","0/0 declared visuals ready or approved","[""multi-angle physical demonstration and reviewed result""]","R","P","simulation","normal","unknown","[""lesson.title"",""lesson.purpose"",""lesson.objectives[0]"",""lesson.objectives[1]"",""lesson.objectives[2]"",""activity.capstone.validation.watchmaker-review.title"",""activity.capstone.validation.watchmaker-review.description""]","[""identical-english-spanish"",""generic-reused-objective"",""redundant-names"",""overbroad-citation"",""numeric-data-without-locator"",""inadequate-visual-support"",""template-conditioned-content"",""single-lesson-module""]","needs-source-review","edit","high","60","[{""reason"":""incidencias ponderadas"",""points"":60}]","Campos localizados en inglés repiten literalmente el español. El objetivo es genérico, no observable o se reutiliza de forma extensa. Los nombres de módulo y lección son redundantes. Una o más fuentes se citan a nivel de capítulo, documento o sin localizador.","true"
"wplab.horology.manufacturing-design-validation","1.1.0","route.capstone.watch-validation","module.capstone.validation.calibre-transfer","lesson.capstone.validation.calibre-transfer","Transferencia entre calibres y arquitecturas","222","24","2","1","transfer / explanation","7-design-validate-own-watch-or-movement","","Explicar la teoría antes de abrir el expediente.","generic","capstone-project","psychomotor-skill","source.eta.6497-2.communication","[""source.miyota.8215.official"",""source.seiko.6138a.technical-guide""]","[]","document","[]","[]","[]","0/0 declared visuals ready or approved","[""multi-angle physical demonstration and reviewed result""]","R","P","simulation","normal","unknown","[""lesson.title"",""lesson.purpose"",""lesson.objectives[0]"",""lesson.objectives[1]"",""lesson.objectives[2]"",""activity.capstone.validation.calibre-transfer.title"",""activity.capstone.validation.calibre-transfer.description""]","[""identical-english-spanish"",""generic-reused-objective"",""redundant-names"",""overbroad-citation"",""numeric-data-without-locator"",""inadequate-visual-support"",""template-conditioned-content"",""single-lesson-module""]","needs-source-review","edit","high","60","[{""reason"":""incidencias ponderadas"",""points"":60}]","Campos localizados en inglés repiten literalmente el español. El objetivo es genérico, no observable o se reutiliza de forma extensa. Los nombres de módulo y lección son redundantes. Una o más fuentes se citan a nivel de capítulo, documento o sin localizador.","true"
