"packageId","routeId","moduleId","lessonId","activityId","activityOrder","visibleTitle","practiceType","macroStage","trackRole","archetype","helpAvailable","independentDemonstration","transfer","retention","requestedEvidence","physicalCompetenceClaim","physicalExecutionDeclared","currentEvidenceLevel","recommendedEvidenceLevel","evidenceProfile","executionTier","risk","operationalRisk","objectiveAlignment","recommendedAction","issueIds","rootCauseIds","manualReviewRequired"
"wplab.horology.functional-map","route.horology.orientation","module.horology.functional-map","lesson.horology.system","activity.horology.classify-subsystems","1","Comprobar qué hace el tren de ruedas","prediction / guided-practice","1-understand-watch-as-system","core","system-overview","[""graduated-hints:6"",""support:guided"",""worked-example"",""graduated-attempts""]","false","false","false","[""evidence.horology.subsystem-classification:answer""]","false","false","K","V","{""modalities"":[""K"",""V""],""primaryModality"":""V"",""knowledgeExplanationRequired"":true,""virtualDemonstrationRequired"":true,""physicalExecutionRequired"":false,""measuredOrReviewedResultRequired"":false,""physicalCompetenceClaim"":false,""reviewerRequired"":false,""measurableAcceptanceCriteria"":[],""evidenceArtifacts"":[""evidence.horology.subsystem-classification""],""classificationMethod"":""explicit-metadata"",""confidence"":""high""}","simulation","normal","normal","aligned","keep","[]","[]","false"
"wplab.horology.functional-map","route.horology.orientation","module.horology.functional-map","lesson.horology.mechanical-chain","activity.horology.order-mechanical-chain","1","Ordenar la cadena mecánica","guided-practice / mastery-check","1-understand-watch-as-system","core","mechanism-explanation","[""graduated-hints:6"",""support:independent"",""worked-example"",""graduated-attempts""]","true","false","false","[""evidence.horology.mechanical-sequence:procedure""]","false","false","V","V","{""modalities"":[""K"",""V""],""primaryModality"":""V"",""knowledgeExplanationRequired"":true,""virtualDemonstrationRequired"":true,""physicalExecutionRequired"":false,""measuredOrReviewedResultRequired"":false,""physicalCompetenceClaim"":false,""reviewerRequired"":false,""measurableAcceptanceCriteria"":[],""evidenceArtifacts"":[""evidence.horology.mechanical-sequence""],""classificationMethod"":""curated-override"",""confidence"":""high""}","simulation","normal","normal","partial","keep","[]","[]","false"
"wplab.horology.functional-map","route.horology.orientation","module.horology.functional-map","lesson.horology.mechanical-chain","activity.horology.identify-escapement-oscillator","2","Identificar escape, volante y espiral","guided-practice / independent-practice","1-understand-watch-as-system","core","mechanism-explanation","[""graduated-hints:6"",""support:faded"",""worked-example"",""graduated-attempts""]","false","false","false","[""evidence.horology.component-selection:answer""]","false","false","K","V","{""modalities"":[""K"",""V""],""primaryModality"":""V"",""knowledgeExplanationRequired"":true,""virtualDemonstrationRequired"":true,""physicalExecutionRequired"":false,""measuredOrReviewedResultRequired"":false,""physicalCompetenceClaim"":false,""reviewerRequired"":false,""measurableAcceptanceCriteria"":[],""evidenceArtifacts"":[""evidence.horology.component-selection""],""classificationMethod"":""curated-override"",""confidence"":""high""}","simulation","normal","normal","partial","keep","[]","[]","false"
"wplab.horology.functional-map","route.horology.orientation","module.horology.functional-map","lesson.horology.quartz-chain","activity.horology.order-quartz-chain","1","Ordenar la cadena de cuarzo","guided-practice / mastery-check","2-understand-mechanical-systems","core","visual-anatomy","[""graduated-hints:6"",""support:independent"",""worked-example"",""graduated-attempts""]","true","false","false","[""evidence.horology.quartz-sequence:procedure"",""evidence.horology.hint-use:observation""]","false","false","V","V","{""modalities"":[""K"",""V""],""primaryModality"":""V"",""knowledgeExplanationRequired"":true,""virtualDemonstrationRequired"":true,""physicalExecutionRequired"":false,""measuredOrReviewedResultRequired"":false,""physicalCompetenceClaim"":false,""reviewerRequired"":false,""measurableAcceptanceCriteria"":[],""evidenceArtifacts"":[""evidence.horology.quartz-sequence"",""evidence.horology.hint-use""],""classificationMethod"":""explicit-metadata"",""confidence"":""high""}","simulation","normal","normal","partial","keep","[]","[]","false"
"wplab.horology.functional-map","route.horology.orientation","module.horology.functional-map","lesson.horology.quartz-chain","activity.horology.identify-time-reference","2","Identificar la referencia temporal","guided-practice / independent-practice","2-understand-mechanical-systems","core","visual-anatomy","[""graduated-hints:6"",""support:faded"",""worked-example"",""graduated-attempts""]","false","false","false","[""evidence.horology.component-selection:answer""]","false","false","K","V","{""modalities"":[""K"",""V""],""primaryModality"":""V"",""knowledgeExplanationRequired"":true,""virtualDemonstrationRequired"":true,""physicalExecutionRequired"":false,""measuredOrReviewedResultRequired"":false,""physicalCompetenceClaim"":false,""reviewerRequired"":false,""measurableAcceptanceCriteria"":[],""evidenceArtifacts"":[""evidence.horology.component-selection""],""classificationMethod"":""explicit-metadata"",""confidence"":""high""}","simulation","normal","normal","partial","keep","[]","[]","false"
"wplab.horology.functional-map","route.horology.orientation","module.horology.functional-map","lesson.horology.functional-equivalence","activity.horology.match-functional-equivalents","1","Emparejar equivalencias funcionales","prediction / transfer","1-understand-watch-as-system","core","mechanism-explanation","[""graduated-hints:6"",""support:independent"",""worked-example"",""graduated-attempts""]","true","true","false","[""evidence.horology.functional-comparison:answer""]","false","false","K","V","{""modalities"":[""K"",""V""],""primaryModality"":""V"",""knowledgeExplanationRequired"":true,""virtualDemonstrationRequired"":true,""physicalExecutionRequired"":false,""measuredOrReviewedResultRequired"":false,""physicalCompetenceClaim"":false,""reviewerRequired"":false,""measurableAcceptanceCriteria"":[],""evidenceArtifacts"":[""evidence.horology.functional-comparison""],""classificationMethod"":""curated-override"",""confidence"":""high""}","simulation","normal","normal","partial","keep","[]","[]","false"
"wplab.horology.functional-map","route.horology.orientation","module.horology.functional-map","lesson.horology.failure-prediction","activity.horology.predict-interruption","1","Predecir una interrupción","prediction / completion-problem","3-observe-measure-diagnose","core","diagnosis-case","[""graduated-hints:6"",""support:faded"",""worked-example"",""graduated-attempts""]","false","false","false","[""evidence.horology.interruption-prediction:answer""]","false","false","K","V","{""modalities"":[""K"",""V""],""primaryModality"":""V"",""knowledgeExplanationRequired"":true,""virtualDemonstrationRequired"":true,""physicalExecutionRequired"":false,""measuredOrReviewedResultRequired"":false,""physicalCompetenceClaim"":false,""reviewerRequired"":false,""measurableAcceptanceCriteria"":[],""evidenceArtifacts"":[""evidence.horology.interruption-prediction""],""classificationMethod"":""explicit-metadata"",""confidence"":""high""}","simulation","normal","normal","partial","keep","[]","[]","false"
"wplab.horology.functional-map","route.horology.orientation","module.horology.functional-map","lesson.horology.failure-prediction","activity.horology.select-affected-subsystem","2","Seleccionar el subsistema afectado","guided-practice / transfer","3-observe-measure-diagnose","core","diagnosis-case","[""graduated-hints:6"",""support:independent"",""worked-example"",""graduated-attempts""]","true","true","false","[""evidence.horology.affected-subsystem:answer""]","false","false","K","V","{""modalities"":[""K"",""V""],""primaryModality"":""V"",""knowledgeExplanationRequired"":true,""virtualDemonstrationRequired"":true,""physicalExecutionRequired"":false,""measuredOrReviewedResultRequired"":false,""physicalCompetenceClaim"":false,""reviewerRequired"":false,""measurableAcceptanceCriteria"":[],""evidenceArtifacts"":[""evidence.horology.affected-subsystem""],""classificationMethod"":""explicit-metadata"",""confidence"":""high""}","simulation","normal","normal","partial","keep","[]","[]","false"
"wplab.horology.functional-map","route.horology.orientation","module.horology.functional-map","lesson.horology.failure-prediction","activity.horology.justify-hypothesis","3","Justificar una hipótesis","explanation / mastery-check","3-observe-measure-diagnose","core","diagnosis-case","[""graduated-hints:6"",""support:independent"",""worked-example"",""graduated-attempts""]","true","false","false","[""evidence.horology.structured-justification:human-review""]","false","false","R","R","{""modalities"":[""K"",""V"",""R""],""primaryModality"":""R"",""knowledgeExplanationRequired"":true,""virtualDemonstrationRequired"":true,""physicalExecutionRequired"":false,""measuredOrReviewedResultRequired"":true,""physicalCompetenceClaim"":false,""reviewerRequired"":true,""measurableAcceptanceCriteria"":[],""evidenceArtifacts"":[""evidence.horology.structured-justification""],""classificationMethod"":""explicit-metadata"",""confidence"":""high""}","simulation","normal","normal","partial","keep","[]","[]","false"
"wplab.horology.functional-map","route.horology.orientation","module.horology.functional-map","lesson.horology.isa8172-confidence","activity.horology.isa-confidence-map","1","Crear un mapa de confianza del ISA 8172","prediction / mastery-check","2-understand-mechanical-systems","core","mechanism-explanation","[""graduated-hints:6"",""support:independent"",""worked-example"",""graduated-attempts""]","true","false","false","[""evidence.horology.source-consultation:observation"",""evidence.horology.confidence-declaration:answer""]","false","false","K","V","{""modalities"":[""K"",""V""],""primaryModality"":""V"",""knowledgeExplanationRequired"":true,""virtualDemonstrationRequired"":true,""physicalExecutionRequired"":false,""measuredOrReviewedResultRequired"":false,""physicalCompetenceClaim"":false,""reviewerRequired"":false,""measurableAcceptanceCriteria"":[],""evidenceArtifacts"":[""evidence.horology.source-consultation"",""evidence.horology.confidence-declaration""],""classificationMethod"":""explicit-metadata"",""confidence"":""high""}","simulation","normal","normal","partial","keep","[]","[]","false"
"wplab.horology.watchmaking-encyclopedia","route.encyclopedia.history-language","module.encyclopedia.history-language.medir-el-tiempo","lesson.encyclopedia.history-language.medir-el-tiempo","activity.encyclopedia.history-language.medir-el-tiempo","1","Explicar y transferir: Medir el tiempo: referencia, oscilador y contador","guided-practice / guided-practice","1-understand-watch-as-system","enrichment","historical-comparison","[""support:guided"",""worked-example"",""graduated-attempts""]","false","false","false","[""evidence.encyclopedia.history-language.medir-el-tiempo:answer""]","false","false","K","V","{""modalities"":[""K"",""V""],""primaryModality"":""V"",""knowledgeExplanationRequired"":true,""virtualDemonstrationRequired"":true,""physicalExecutionRequired"":false,""measuredOrReviewedResultRequired"":false,""physicalCompetenceClaim"":false,""reviewerRequired"":false,""measurableAcceptanceCriteria"":[],""evidenceArtifacts"":[""evidence.encyclopedia.history-language.medir-el-tiempo""],""classificationMethod"":""curated-override"",""confidence"":""high""}","simulation","normal","normal","aligned","manual-review","[]","[]","true"
"wplab.horology.watchmaking-encyclopedia","route.encyclopedia.history-language","module.encyclopedia.history-language.del-reloj-fijo-al-portatil","lesson.encyclopedia.history-language.del-reloj-fijo-al-portatil","activity.encyclopedia.history-language.del-reloj-fijo-al-portatil","1","Explicar y transferir: Del reloj fijo al reloj portátil","guided-practice / guided-practice","1-understand-watch-as-system","enrichment","historical-comparison","[""support:guided"",""worked-example"",""graduated-attempts""]","false","false","false","[""evidence.encyclopedia.history-language.del-reloj-fijo-al-portatil:answer""]","false","false","K","V","{""modalities"":[""K"",""V""],""primaryModality"":""V"",""knowledgeExplanationRequired"":true,""virtualDemonstrationRequired"":true,""physicalExecutionRequired"":false,""measuredOrReviewedResultRequired"":false,""physicalCompetenceClaim"":false,""reviewerRequired"":false,""measurableAcceptanceCriteria"":[],""evidenceArtifacts"":[""evidence.encyclopedia.history-language.del-reloj-fijo-al-portatil""],""classificationMethod"":""explicit-metadata"",""confidence"":""high""}","simulation","normal","normal","aligned","keep","[]","[]","false"
"wplab.horology.watchmaking-encyclopedia","route.encyclopedia.history-language","module.encyclopedia.history-language.evolucion-de-los-escapes","lesson.encyclopedia.history-language.evolucion-de-los-escapes","activity.encyclopedia.history-language.evolucion-de-los-escapes","1","Explicar y transferir: Evolución de los escapes y de la regulación","guided-practice / guided-practice","1-understand-watch-as-system","enrichment","historical-comparison","[""support:guided"",""worked-example"",""graduated-attempts""]","false","false","false","[""evidence.encyclopedia.history-language.evolucion-de-los-escapes:answer""]","false","false","K","V","{""modalities"":[""K"",""V""],""primaryModality"":""V"",""knowledgeExplanationRequired"":true,""virtualDemonstrationRequired"":true,""physicalExecutionRequired"":false,""measuredOrReviewedResultRequired"":false,""physicalCompetenceClaim"":false,""reviewerRequired"":false,""measurableAcceptanceCriteria"":[],""evidenceArtifacts"":[""evidence.encyclopedia.history-language.evolucion-de-los-escapes""],""classificationMethod"":""explicit-metadata"",""confidence"":""high""}","simulation","normal","normal","aligned","keep","[]","[]","false"
"wplab.horology.watchmaking-encyclopedia","route.encyclopedia.history-language","module.encyclopedia.history-language.industrializacion-y-familias","lesson.encyclopedia.history-language.industrializacion-y-familias","activity.encyclopedia.history-language.industrializacion-y-familias","1","Explicar y transferir: Industrialización, ébauches y familias de calibres","guided-practice / guided-practice","1-understand-watch-as-system","enrichment","historical-comparison","[""support:guided"",""worked-example"",""graduated-attempts""]","false","false","false","[""evidence.encyclopedia.history-language.industrializacion-y-familias:answer""]","false","false","K","V","{""modalities"":[""K"",""V""],""primaryModality"":""V"",""knowledgeExplanationRequired"":true,""virtualDemonstrationRequired"":true,""physicalExecutionRequired"":false,""measuredOrReviewedResultRequired"":false,""physicalCompetenceClaim"":false,""reviewerRequired"":false,""measurableAcceptanceCriteria"":[],""evidenceArtifacts"":[""evidence.encyclopedia.history-language.industrializacion-y-familias""],""classificationMethod"":""explicit-metadata"",""confidence"":""high""}","simulation","normal","normal","aligned","keep","[]","[]","false"
"wplab.horology.watchmaking-encyclopedia","route.encyclopedia.history-language","module.encyclopedia.history-language.transicion-electromecanica-cuarzo","lesson.encyclopedia.history-language.transicion-electromecanica-cuarzo","activity.encyclopedia.history-language.transicion-electromecanica-cuarzo","1","Explicar y transferir: De lo electromecánico al cuarzo","guided-practice / guided-practice","1-understand-watch-as-system","enrichment","historical-comparison","[""support:guided"",""worked-example"",""graduated-attempts""]","false","false","false","[""evidence.encyclopedia.history-language.transicion-electromecanica-cuarzo:answer""]","false","false","K","V","{""modalities"":[""K"",""V""],""primaryModality"":""V"",""knowledgeExplanationRequired"":true,""virtualDemonstrationRequired"":true,""physicalExecutionRequired"":false,""measuredOrReviewedResultRequired"":false,""physicalCompetenceClaim"":false,""reviewerRequired"":false,""measurableAcceptanceCriteria"":[],""evidenceArtifacts"":[""evidence.encyclopedia.history-language.transicion-electromecanica-cuarzo""],""classificationMethod"":""explicit-metadata"",""confidence"":""high""}","simulation","normal","normal","aligned","keep","[]","[]","false"
"wplab.horology.watchmaking-encyclopedia","route.encyclopedia.history-language","module.encyclopedia.history-language.leer-documentacion","lesson.encyclopedia.history-language.leer-documentacion","activity.encyclopedia.history-language.leer-documentacion","1","Explicar y transferir: Leer nombres, especificaciones, planos y manuales","guided-practice / guided-practice","1-understand-watch-as-system","core","inspection","[""support:guided"",""worked-example"",""graduated-attempts""]","false","false","false","[""evidence.encyclopedia.history-language.leer-documentacion:answer""]","false","false","K","V","{""modalities"":[""K"",""V""],""primaryModality"":""V"",""knowledgeExplanationRequired"":true,""virtualDemonstrationRequired"":true,""physicalExecutionRequired"":false,""measuredOrReviewedResultRequired"":false,""physicalCompetenceClaim"":false,""reviewerRequired"":false,""measurableAcceptanceCriteria"":[],""evidenceArtifacts"":[""evidence.encyclopedia.history-language.leer-documentacion""],""classificationMethod"":""explicit-metadata"",""confidence"":""high""}","simulation","normal","normal","aligned","keep","[]","[]","false"
"wplab.horology.watchmaking-encyclopedia","route.encyclopedia.history-language","module.encyclopedia.history-language.toh-tiempo-escalas","lesson.encyclopedia.history-language.toh-tiempo-escalas","activity.encyclopedia.history-language.toh-tiempo-escalas","1","Explicar y transferir: Tiempo, escalas y calendario civil","guided-practice / guided-practice","1-understand-watch-as-system","enrichment","historical-comparison","[""support:guided"",""worked-example"",""graduated-attempts""]","false","false","false","[""evidence.encyclopedia.history-language.toh-tiempo-escalas:answer""]","false","false","K","V","{""modalities"":[""K"",""V""],""primaryModality"":""V"",""knowledgeExplanationRequired"":true,""virtualDemonstrationRequired"":true,""physicalExecutionRequired"":false,""measuredOrReviewedResultRequired"":false,""physicalCompetenceClaim"":false,""reviewerRequired"":false,""measurableAcceptanceCriteria"":[],""evidenceArtifacts"":[""evidence.encyclopedia.history-language.toh-tiempo-escalas""],""classificationMethod"":""curated-override"",""confidence"":""high""}","simulation","normal","normal","aligned","keep","[]","[]","false"
"wplab.horology.watchmaking-encyclopedia","route.encyclopedia.history-language","module.encyclopedia.history-language.toh-instrumentos-principios","lesson.encyclopedia.history-language.toh-instrumentos-principios","activity.encyclopedia.history-language.toh-instrumentos-principios","1","Explicar y transferir: Instrumentos de tiempo: flujo, oscilación y conteo","guided-practice / guided-practice","1-understand-watch-as-system","enrichment","historical-comparison","[""support:guided"",""worked-example"",""graduated-attempts""]","false","false","false","[""evidence.encyclopedia.history-language.toh-instrumentos-principios:answer""]","false","false","K","V","{""modalities"":[""K"",""V""],""primaryModality"":""V"",""knowledgeExplanationRequired"":true,""virtualDemonstrationRequired"":true,""physicalExecutionRequired"":false,""measuredOrReviewedResultRequired"":false,""physicalCompetenceClaim"":false,""reviewerRequired"":false,""measurableAcceptanceCriteria"":[],""evidenceArtifacts"":[""evidence.encyclopedia.history-language.toh-instrumentos-principios""],""classificationMethod"":""explicit-metadata"",""confidence"":""high""}","simulation","normal","normal","aligned","keep","[]","[]","false"
"wplab.horology.watchmaking-encyclopedia","route.encyclopedia.history-language","module.encyclopedia.history-language.toh-cronometro-precision","lesson.encyclopedia.history-language.toh-cronometro-precision","activity.encyclopedia.history-language.toh-cronometro-precision","1","Explicar y transferir: Reloj, cronómetro, precisión y exactitud","explanation / transfer","1-understand-watch-as-system","reference-only","mechanism-explanation","[""support:independent"",""worked-example"",""graduated-attempts""]","true","true","false","[""evidence.encyclopedia.history-language.toh-cronometro-precision:answer""]","false","false","K","V","{""modalities"":[""K"",""V""],""primaryModality"":""V"",""knowledgeExplanationRequired"":true,""virtualDemonstrationRequired"":true,""physicalExecutionRequired"":false,""measuredOrReviewedResultRequired"":false,""physicalCompetenceClaim"":false,""reviewerRequired"":false,""measurableAcceptanceCriteria"":[],""evidenceArtifacts"":[""evidence.encyclopedia.history-language.toh-cronometro-precision""],""classificationMethod"":""curated-override"",""confidence"":""high""}","simulation","normal","normal","aligned","keep","[]","[]","false"
"wplab.horology.quartz-miyota2035","route.horology.bench-foundations","module.quartz2035.workstation","lesson.quartz2035.workstation","activity.quartz2035.prepare-workbench","1","Preparar el banco","guided-practice / guided-practice","0-prepare-bench-and-control","core","bench-procedure","[""graduated-hints:6"",""support:guided"",""worked-example"",""graduated-attempts""]","false","false","false","[""evidence.quartz2035.preparation:observation"",""evidence.quartz2035.safety:observation""]","false","false","K","V","{""modalities"":[""K"",""V""],""primaryModality"":""V"",""knowledgeExplanationRequired"":true,""virtualDemonstrationRequired"":true,""physicalExecutionRequired"":false,""measuredOrReviewedResultRequired"":false,""physicalCompetenceClaim"":false,""reviewerRequired"":false,""measurableAcceptanceCriteria"":[],""evidenceArtifacts"":[""evidence.quartz2035.preparation"",""evidence.quartz2035.safety""],""classificationMethod"":""explicit-metadata"",""confidence"":""high""}","simulation","normal","normal","aligned","manual-review","[]","[]","true"
"wplab.horology.quartz-miyota2035","route.horology.bench-foundations","module.quartz2035.workstation","lesson.quartz2035.workstation","activity.quartz2035.detect-unsafe-conditions","2","Detectar condiciones inseguras","prediction / diagnostic","0-prepare-bench-and-control","core","bench-procedure","[""graduated-hints:6"",""support:guided"",""worked-example"",""graduated-attempts""]","false","false","false","[""evidence.quartz2035.preparation:observation"",""evidence.quartz2035.safety:observation""]","false","false","K","V","{""modalities"":[""K"",""V""],""primaryModality"":""V"",""knowledgeExplanationRequired"":true,""virtualDemonstrationRequired"":true,""physicalExecutionRequired"":false,""measuredOrReviewedResultRequired"":false,""physicalCompetenceClaim"":false,""reviewerRequired"":false,""measurableAcceptanceCriteria"":[],""evidenceArtifacts"":[""evidence.quartz2035.preparation"",""evidence.quartz2035.safety""],""classificationMethod"":""explicit-metadata"",""confidence"":""high""}","simulation","normal","normal","aligned","manual-review","[]","[]","true"
"wplab.horology.quartz-miyota2035","route.horology.bench-foundations","module.quartz2035.tools","lesson.quartz2035.tools","activity.quartz2035.select-tools","1","Seleccionar herramientas","guided-practice / guided-practice","0-prepare-bench-and-control","core","visual-anatomy","[""graduated-hints:6"",""support:guided"",""worked-example"",""graduated-attempts""]","false","false","false","[""evidence.quartz2035.tool:observation""]","false","false","K","V","{""modalities"":[""K"",""V""],""primaryModality"":""V"",""knowledgeExplanationRequired"":true,""virtualDemonstrationRequired"":true,""physicalExecutionRequired"":false,""measuredOrReviewedResultRequired"":false,""physicalCompetenceClaim"":false,""reviewerRequired"":false,""measurableAcceptanceCriteria"":[],""evidenceArtifacts"":[""evidence.quartz2035.tool""],""classificationMethod"":""explicit-metadata"",""confidence"":""high""}","simulation","normal","normal","partial","manual-review","[]","[]","true"
"wplab.horology.quartz-miyota2035","route.horology.bench-foundations","module.quartz2035.tools","lesson.quartz2035.tools","activity.quartz2035.reject-wrong-tool","2","Rechazar una herramienta inadecuada","prediction / guided-practice","0-prepare-bench-and-control","core","visual-anatomy","[""graduated-hints:6"",""support:guided"",""worked-example"",""graduated-attempts""]","false","false","false","[""evidence.quartz2035.tool:observation""]","false","false","K","V","{""modalities"":[""K"",""V""],""primaryModality"":""V"",""knowledgeExplanationRequired"":true,""virtualDemonstrationRequired"":true,""physicalExecutionRequired"":false,""measuredOrReviewedResultRequired"":false,""physicalCompetenceClaim"":false,""reviewerRequired"":false,""measurableAcceptanceCriteria"":[],""evidenceArtifacts"":[""evidence.quartz2035.tool""],""classificationMethod"":""explicit-metadata"",""confidence"":""high""}","simulation","normal","normal","partial","manual-review","[]","[]","true"
"wplab.horology.quartz-miyota2035","route.horology.bench-foundations","module.quartz2035.observe","lesson.quartz2035.observe","activity.quartz2035.identify-movement-zones","1","Identificar zonas del movimiento","observation-3d / guided-practice","3-observe-measure-diagnose","core","inspection","[""graduated-hints:6"",""support:guided"",""worked-example"",""graduated-attempts""]","false","false","false","[""evidence.quartz2035.observation:observation""]","false","false","K","V","{""modalities"":[""K"",""V""],""primaryModality"":""V"",""knowledgeExplanationRequired"":true,""virtualDemonstrationRequired"":true,""physicalExecutionRequired"":false,""measuredOrReviewedResultRequired"":false,""physicalCompetenceClaim"":false,""reviewerRequired"":false,""measurableAcceptanceCriteria"":[],""evidenceArtifacts"":[""evidence.quartz2035.observation""],""classificationMethod"":""explicit-metadata"",""confidence"":""high""}","simulation","normal","normal","partial","manual-review","[]","[]","true"
"wplab.horology.quartz-miyota2035","route.horology.bench-foundations","module.quartz2035.observe","lesson.quartz2035.observe","activity.quartz2035.record-initial-condition","2","Registrar el estado inicial","guided-practice / guided-practice","3-observe-measure-diagnose","core","inspection","[""graduated-hints:6"",""support:guided"",""worked-example"",""graduated-attempts""]","false","false","false","[""evidence.quartz2035.observation:observation""]","false","false","K","V","{""modalities"":[""K"",""V""],""primaryModality"":""V"",""knowledgeExplanationRequired"":true,""virtualDemonstrationRequired"":true,""physicalExecutionRequired"":false,""measuredOrReviewedResultRequired"":false,""physicalCompetenceClaim"":false,""reviewerRequired"":false,""measurableAcceptanceCriteria"":[],""evidenceArtifacts"":[""evidence.quartz2035.observation""],""classificationMethod"":""explicit-metadata"",""confidence"":""high""}","simulation","normal","normal","partial","manual-review","[]","[]","true"
"wplab.horology.watchmaking-encyclopedia","route.encyclopedia.workshop-tools-materials","module.encyclopedia.workshop-tools-materials.banco-y-seguridad","lesson.encyclopedia.workshop-tools-materials.banco-y-seguridad","activity.encyclopedia.workshop-tools-materials.banco-y-seguridad","1","Explicar y transferir: Banco, postura, orden y seguridad","guided-practice / guided-practice","0-prepare-bench-and-control","enrichment","bench-procedure","[""support:guided"",""worked-example"",""graduated-attempts""]","false","false","false","[""evidence.encyclopedia.workshop-tools-materials.banco-y-seguridad:answer""]","false","false","K","V","{""modalities"":[""K"",""V""],""primaryModality"":""V"",""knowledgeExplanationRequired"":true,""virtualDemonstrationRequired"":true,""physicalExecutionRequired"":false,""measuredOrReviewedResultRequired"":false,""physicalCompetenceClaim"":false,""reviewerRequired"":false,""measurableAcceptanceCriteria"":[],""evidenceArtifacts"":[""evidence.encyclopedia.workshop-tools-materials.banco-y-seguridad""],""classificationMethod"":""explicit-metadata"",""confidence"":""high""}","simulation","caution","caution","aligned","keep","[]","[]","false"
"wplab.horology.watchmaking-encyclopedia","route.encyclopedia.workshop-tools-materials","module.encyclopedia.workshop-tools-materials.observacion-optica-manipulacion","lesson.encyclopedia.workshop-tools-materials.observacion-optica-manipulacion","activity.encyclopedia.workshop-tools-materials.observacion-optica-manipulacion","1","Explicar y transferir: Observación, óptica y manipulación","guided-practice / guided-practice","2-understand-mechanical-systems","enrichment","visual-anatomy","[""support:guided"",""worked-example"",""graduated-attempts""]","false","false","false","[""evidence.encyclopedia.workshop-tools-materials.observacion-optica-manipulacion:answer""]","false","false","K","V","{""modalities"":[""K"",""V""],""primaryModality"":""V"",""knowledgeExplanationRequired"":true,""virtualDemonstrationRequired"":true,""physicalExecutionRequired"":false,""measuredOrReviewedResultRequired"":false,""physicalCompetenceClaim"":false,""reviewerRequired"":false,""measurableAcceptanceCriteria"":[],""evidenceArtifacts"":[""evidence.encyclopedia.workshop-tools-materials.observacion-optica-manipulacion""],""classificationMethod"":""explicit-metadata"",""confidence"":""high""}","simulation","normal","normal","aligned","keep","[]","[]","false"
"wplab.horology.watchmaking-encyclopedia","route.encyclopedia.workshop-tools-materials","module.encyclopedia.workshop-tools-materials.herramientas-y-afilado","lesson.encyclopedia.workshop-tools-materials.herramientas-y-afilado","activity.encyclopedia.workshop-tools-materials.herramientas-y-afilado","1","Explicar y transferir: Herramientas de mano, ajuste y afilado","guided-practice / guided-practice","2-understand-mechanical-systems","enrichment","visual-anatomy","[""support:guided"",""worked-example"",""graduated-attempts""]","false","false","false","[""evidence.encyclopedia.workshop-tools-materials.herramientas-y-afilado:answer""]","false","false","K","V","{""modalities"":[""K"",""V""],""primaryModality"":""V"",""knowledgeExplanationRequired"":true,""virtualDemonstrationRequired"":true,""physicalExecutionRequired"":false,""measuredOrReviewedResultRequired"":false,""physicalCompetenceClaim"":false,""reviewerRequired"":false,""measurableAcceptanceCriteria"":[],""evidenceArtifacts"":[""evidence.encyclopedia.workshop-tools-materials.herramientas-y-afilado""],""classificationMethod"":""explicit-metadata"",""confidence"":""high""}","simulation","normal","normal","aligned","keep","[]","[]","false"
"wplab.horology.watchmaking-encyclopedia","route.encyclopedia.workshop-tools-materials","module.encyclopedia.workshop-tools-materials.materiales-relojeros","lesson.encyclopedia.workshop-tools-materials.materiales-relojeros","activity.encyclopedia.workshop-tools-materials.materiales-relojeros","1","Explicar y transferir: Materiales relojeros y propiedades funcionales","guided-practice / guided-practice","2-understand-mechanical-systems","enrichment","visual-anatomy","[""support:guided"",""worked-example"",""graduated-attempts""]","false","false","false","[""evidence.encyclopedia.workshop-tools-materials.materiales-relojeros:answer""]","false","false","K","V","{""modalities"":[""K"",""V""],""primaryModality"":""V"",""knowledgeExplanationRequired"":true,""virtualDemonstrationRequired"":true,""physicalExecutionRequired"":false,""measuredOrReviewedResultRequired"":false,""physicalCompetenceClaim"":false,""reviewerRequired"":false,""measurableAcceptanceCriteria"":[],""evidenceArtifacts"":[""evidence.encyclopedia.workshop-tools-materials.materiales-relojeros""],""classificationMethod"":""explicit-metadata"",""confidence"":""high""}","simulation","normal","normal","aligned","keep","[]","[]","false"
"wplab.horology.watchmaking-encyclopedia","route.encyclopedia.workshop-tools-materials","module.encyclopedia.workshop-tools-materials.tratamiento-termico-y-superficies","lesson.encyclopedia.workshop-tools-materials.tratamiento-termico-y-superficies","activity.encyclopedia.workshop-tools-materials.tratamiento-termico-y-superficies","1","Explicar y transferir: Tratamiento térmico y acabado de superficies","guided-practice / guided-practice","6-repair-adapt-manufacture-components","enrichment","manufacturing","[""support:guided"",""worked-example"",""graduated-attempts""]","false","false","false","[""evidence.encyclopedia.workshop-tools-materials.tratamiento-termico-y-superficies:answer""]","false","false","K","V","{""modalities"":[""K"",""V""],""primaryModality"":""V"",""knowledgeExplanationRequired"":true,""virtualDemonstrationRequired"":true,""physicalExecutionRequired"":false,""measuredOrReviewedResultRequired"":false,""physicalCompetenceClaim"":false,""reviewerRequired"":false,""measurableAcceptanceCriteria"":[],""evidenceArtifacts"":[""evidence.encyclopedia.workshop-tools-materials.tratamiento-termico-y-superficies""],""classificationMethod"":""explicit-metadata"",""confidence"":""high""}","specialist-workshop","normal","normal","aligned","keep","[]","[]","false"
"wplab.horology.watchmaking-encyclopedia","route.encyclopedia.workshop-tools-materials","module.encyclopedia.workshop-tools-materials.contaminacion-y-limpieza","lesson.encyclopedia.workshop-tools-materials.contaminacion-y-limpieza","activity.encyclopedia.workshop-tools-materials.contaminacion-y-limpieza","1","Explicar y transferir: Contaminación, limpieza y química segura","guided-practice / guided-practice","2-understand-mechanical-systems","enrichment","bench-procedure","[""support:guided"",""worked-example"",""graduated-attempts""]","false","false","false","[""evidence.encyclopedia.workshop-tools-materials.contaminacion-y-limpieza:answer""]","false","false","K","V","{""modalities"":[""K"",""V""],""primaryModality"":""V"",""knowledgeExplanationRequired"":true,""virtualDemonstrationRequired"":true,""physicalExecutionRequired"":false,""measuredOrReviewedResultRequired"":false,""physicalCompetenceClaim"":false,""reviewerRequired"":false,""measurableAcceptanceCriteria"":[],""evidenceArtifacts"":[""evidence.encyclopedia.workshop-tools-materials.contaminacion-y-limpieza""],""classificationMethod"":""explicit-metadata"",""confidence"":""high""}","simulation","normal","normal","aligned","keep","[]","[]","false"
"wplab.horology.watchmaking-encyclopedia","route.encyclopedia.workshop-tools-materials","module.encyclopedia.workshop-tools-materials.bulova-destreza-basica","lesson.encyclopedia.workshop-tools-materials.bulova-destreza-basica","activity.encyclopedia.workshop-tools-materials.bulova-destreza-basica","1","Explicar y transferir: Pasaporte de banco I: lupa, pinzas y destornillador","guided-practice / guided-practice","0-prepare-bench-and-control","enrichment","psychomotor-skill","[""support:guided"",""worked-example"",""graduated-attempts""]","false","false","false","[""evidence.encyclopedia.workshop-tools-materials.bulova-destreza-basica:answer""]","false","false","K","V","{""modalities"":[""K"",""V""],""primaryModality"":""V"",""knowledgeExplanationRequired"":true,""virtualDemonstrationRequired"":true,""physicalExecutionRequired"":false,""measuredOrReviewedResultRequired"":false,""physicalCompetenceClaim"":false,""reviewerRequired"":false,""measurableAcceptanceCriteria"":[],""evidenceArtifacts"":[""evidence.encyclopedia.workshop-tools-materials.bulova-destreza-basica""],""classificationMethod"":""explicit-metadata"",""confidence"":""high""}","home-bench","caution","caution","aligned","keep","[]","[]","false"
"wplab.horology.watchmaking-encyclopedia","route.encyclopedia.workshop-tools-materials","module.encyclopedia.workshop-tools-materials.bulova-evaluacion-destreza","lesson.encyclopedia.workshop-tools-materials.bulova-evaluacion-destreza","activity.encyclopedia.workshop-tools-materials.bulova-evaluacion-destreza","1","Explicar y transferir: Pasaporte de banco II: repetición, calidad y revisión","guided-practice / guided-practice","6-repair-adapt-manufacture-components","historical-case","psychomotor-skill","[""support:guided"",""worked-example"",""graduated-attempts""]","false","false","false","[""evidence.encyclopedia.workshop-tools-materials.bulova-evaluacion-destreza:answer""]","false","false","K","V","{""modalities"":[""K"",""V""],""primaryModality"":""V"",""knowledgeExplanationRequired"":true,""virtualDemonstrationRequired"":true,""physicalExecutionRequired"":false,""measuredOrReviewedResultRequired"":false,""physicalCompetenceClaim"":false,""reviewerRequired"":false,""measurableAcceptanceCriteria"":[],""evidenceArtifacts"":[""evidence.encyclopedia.workshop-tools-materials.bulova-evaluacion-destreza""],""classificationMethod"":""explicit-metadata"",""confidence"":""high""}","specialist-workshop","normal","normal","aligned","keep","[]","[]","false"
"wplab.horology.watchmaking-encyclopedia","route.encyclopedia.workshop-tools-materials","module.encyclopedia.workshop-tools-materials.chicago-herramientas-seleccion","lesson.encyclopedia.workshop-tools-materials.chicago-herramientas-seleccion","activity.encyclopedia.workshop-tools-materials.chicago-herramientas-seleccion","1","Explicar y transferir: Expediente Chicago XII: elegir herramientas por capacidad","explanation / transfer","1-understand-watch-as-system","historical-case","visual-anatomy","[""support:independent"",""worked-example"",""graduated-attempts""]","true","true","false","[""evidence.encyclopedia.workshop-tools-materials.chicago-herramientas-seleccion:answer""]","false","false","K","V","{""modalities"":[""K"",""V""],""primaryModality"":""V"",""knowledgeExplanationRequired"":true,""virtualDemonstrationRequired"":true,""physicalExecutionRequired"":false,""measuredOrReviewedResultRequired"":false,""physicalCompetenceClaim"":false,""reviewerRequired"":false,""measurableAcceptanceCriteria"":[],""evidenceArtifacts"":[""evidence.encyclopedia.workshop-tools-materials.chicago-herramientas-seleccion""],""classificationMethod"":""explicit-metadata"",""confidence"":""high""}","simulation","normal","normal","aligned","keep","[]","[]","false"
"wplab.horology.mechanical-foundations","route.mechanical.foundations","module.mechanical.energy","lesson.mechanical.energy","activity.mechanical.classify-energy-functions","1","Clasificar energía, transmisión, regulación e indicación","guided-practice / guided-practice","2-understand-mechanical-systems","core","mechanism-explanation","[""graduated-hints:6"",""support:guided"",""worked-example"",""graduated-attempts""]","false","false","false","[""evidence.mechanical.explain-energy-chain:procedure""]","false","false","K","V","{""modalities"":[""K"",""V""],""primaryModality"":""V"",""knowledgeExplanationRequired"":true,""virtualDemonstrationRequired"":true,""physicalExecutionRequired"":false,""measuredOrReviewedResultRequired"":false,""physicalCompetenceClaim"":false,""reviewerRequired"":false,""measurableAcceptanceCriteria"":[],""evidenceArtifacts"":[""evidence.mechanical.explain-energy-chain""],""classificationMethod"":""explicit-metadata"",""confidence"":""high""}","simulation","normal","normal","aligned","keep","[]","[]","false"
"wplab.horology.mechanical-foundations","route.mechanical.foundations","module.mechanical.energy","lesson.mechanical.energy","activity.mechanical.interrupt-energy-chain","2","Activar, bloquear y restaurar la cadena energética","prediction / guided-practice","2-understand-mechanical-systems","core","mechanism-explanation","[""graduated-hints:6"",""support:guided"",""worked-example"",""graduated-attempts""]","false","false","false","[""evidence.mechanical.explain-energy-chain:procedure""]","false","false","K","V","{""modalities"":[""K"",""V""],""primaryModality"":""V"",""knowledgeExplanationRequired"":true,""virtualDemonstrationRequired"":true,""physicalExecutionRequired"":false,""measuredOrReviewedResultRequired"":false,""physicalCompetenceClaim"":false,""reviewerRequired"":false,""measurableAcceptanceCriteria"":[],""evidenceArtifacts"":[""evidence.mechanical.explain-energy-chain""],""classificationMethod"":""explicit-metadata"",""confidence"":""high""}","simulation","normal","normal","aligned","keep","[]","[]","false"
"wplab.horology.mechanical-foundations","route.mechanical.foundations","module.mechanical.barrel","lesson.mechanical.barrel","activity.mechanical.load-unload-barrel","1","Cargar y descargar un barrilete","guided-practice / guided-practice","2-understand-mechanical-systems","core","mechanism-explanation","[""graduated-hints:6"",""support:guided"",""worked-example"",""graduated-attempts""]","false","false","false","[""evidence.mechanical.explain-barrel:procedure""]","false","false","K","V","{""modalities"":[""K"",""V""],""primaryModality"":""V"",""knowledgeExplanationRequired"":true,""virtualDemonstrationRequired"":true,""physicalExecutionRequired"":false,""measuredOrReviewedResultRequired"":false,""physicalCompetenceClaim"":false,""reviewerRequired"":false,""measurableAcceptanceCriteria"":[],""evidenceArtifacts"":[""evidence.mechanical.explain-barrel""],""classificationMethod"":""explicit-metadata"",""confidence"":""high""}","simulation","normal","normal","partial","manual-review","[]","[]","true"
"wplab.horology.mechanical-foundations","route.mechanical.foundations","module.mechanical.barrel","lesson.mechanical.barrel","activity.mechanical.identify-barrel-parts","2","Identificar partes del barrilete","prediction / guided-practice","2-understand-mechanical-systems","core","mechanism-explanation","[""graduated-hints:6"",""support:guided"",""worked-example"",""graduated-attempts""]","false","false","false","[""evidence.mechanical.explain-barrel:procedure""]","false","false","K","V","{""modalities"":[""K"",""V""],""primaryModality"":""V"",""knowledgeExplanationRequired"":true,""virtualDemonstrationRequired"":true,""physicalExecutionRequired"":false,""measuredOrReviewedResultRequired"":false,""physicalCompetenceClaim"":false,""reviewerRequired"":false,""measurableAcceptanceCriteria"":[],""evidenceArtifacts"":[""evidence.mechanical.explain-barrel""],""classificationMethod"":""explicit-metadata"",""confidence"":""high""}","simulation","normal","normal","partial","manual-review","[]","[]","true"
"wplab.horology.mechanical-foundations","route.mechanical.foundations","module.mechanical.gear-pair","lesson.mechanical.gear-pair","activity.mechanical.predict-pair-direction","1","Predecir el sentido de un par de ruedas","guided-practice / guided-practice","2-understand-mechanical-systems","core","visual-anatomy","[""graduated-hints:6"",""support:guided"",""worked-example"",""graduated-attempts""]","false","false","false","[""evidence.mechanical.determine-rotation-direction:procedure""]","false","false","K","V","{""modalities"":[""K"",""V""],""primaryModality"":""V"",""knowledgeExplanationRequired"":true,""virtualDemonstrationRequired"":true,""physicalExecutionRequired"":false,""measuredOrReviewedResultRequired"":false,""physicalCompetenceClaim"":false,""reviewerRequired"":false,""measurableAcceptanceCriteria"":[],""evidenceArtifacts"":[""evidence.mechanical.determine-rotation-direction""],""classificationMethod"":""explicit-metadata"",""confidence"":""high""}","simulation","normal","normal","partial","keep","[]","[]","false"
"wplab.horology.mechanical-foundations","route.mechanical.foundations","module.mechanical.gear-pair","lesson.mechanical.gear-pair","activity.mechanical.calculate-pair-ratio","2","Calcular la relación de un par","prediction / guided-practice","2-understand-mechanical-systems","core","visual-anatomy","[""graduated-hints:6"",""support:guided"",""worked-example"",""graduated-attempts""]","false","false","false","[""evidence.mechanical.calculate-simple-ratios:procedure""]","false","false","K","V","{""modalities"":[""K"",""V""],""primaryModality"":""V"",""knowledgeExplanationRequired"":true,""virtualDemonstrationRequired"":true,""physicalExecutionRequired"":false,""measuredOrReviewedResultRequired"":false,""physicalCompetenceClaim"":false,""reviewerRequired"":false,""measurableAcceptanceCriteria"":[],""evidenceArtifacts"":[""evidence.mechanical.calculate-simple-ratios""],""classificationMethod"":""explicit-metadata"",""confidence"":""high""}","simulation","normal","normal","partial","keep","[]","[]","false"
"wplab.horology.mechanical-foundations","route.mechanical.foundations","module.mechanical.gear-pair","lesson.mechanical.gear-pair","activity.mechanical.detect-impossible-mesh","3","Detectar un engrane imposible","prediction / diagnostic","2-understand-mechanical-systems","core","visual-anatomy","[""graduated-hints:6"",""support:guided"",""worked-example"",""graduated-attempts""]","false","false","false","[""evidence.mechanical.calculate-simple-ratios:procedure""]","false","false","K","V","{""modalities"":[""K"",""V""],""primaryModality"":""V"",""knowledgeExplanationRequired"":true,""virtualDemonstrationRequired"":true,""physicalExecutionRequired"":false,""measuredOrReviewedResultRequired"":false,""physicalCompetenceClaim"":false,""reviewerRequired"":false,""measurableAcceptanceCriteria"":[],""evidenceArtifacts"":[""evidence.mechanical.calculate-simple-ratios""],""classificationMethod"":""explicit-metadata"",""confidence"":""high""}","simulation","normal","normal","partial","keep","[]","[]","false"
"wplab.horology.mechanical-foundations","route.mechanical.foundations","module.mechanical.train","lesson.mechanical.train","activity.mechanical.build-train","1","Construir un tren","guided-practice / guided-practice","2-understand-mechanical-systems","core","mechanism-explanation","[""graduated-hints:6"",""support:guided"",""worked-example"",""graduated-attempts""]","false","false","false","[""evidence.mechanical.build-functional-train:procedure""]","false","false","K","V","{""modalities"":[""K"",""V""],""primaryModality"":""V"",""knowledgeExplanationRequired"":true,""virtualDemonstrationRequired"":true,""physicalExecutionRequired"":false,""measuredOrReviewedResultRequired"":false,""physicalCompetenceClaim"":false,""reviewerRequired"":false,""measurableAcceptanceCriteria"":[],""evidenceArtifacts"":[""evidence.mechanical.build-functional-train""],""classificationMethod"":""explicit-metadata"",""confidence"":""high""}","simulation","normal","normal","aligned","manual-review","[]","[]","true"
"wplab.horology.mechanical-foundations","route.mechanical.foundations","module.mechanical.train","lesson.mechanical.train","activity.mechanical.calculate-total-ratio","2","Calcular la relación total","prediction / completion-problem","2-understand-mechanical-systems","core","mechanism-explanation","[""graduated-hints:6"",""support:faded"",""worked-example"",""graduated-attempts""]","false","false","false","[""evidence.mechanical.calculate-simple-ratios:procedure""]","false","false","K","V","{""modalities"":[""K"",""V""],""primaryModality"":""V"",""knowledgeExplanationRequired"":true,""virtualDemonstrationRequired"":true,""physicalExecutionRequired"":false,""measuredOrReviewedResultRequired"":false,""physicalCompetenceClaim"":false,""reviewerRequired"":false,""measurableAcceptanceCriteria"":[],""evidenceArtifacts"":[""evidence.mechanical.calculate-simple-ratios""],""classificationMethod"":""explicit-metadata"",""confidence"":""high""}","simulation","normal","normal","aligned","keep","[]","[]","false"
"wplab.horology.mechanical-foundations","route.mechanical.foundations","module.mechanical.train","lesson.mechanical.train","activity.mechanical.interrupt-train","3","Bloquear o retirar una etapa y explicar el resultado","prediction / guided-practice","2-understand-mechanical-systems","core","mechanism-explanation","[""graduated-hints:6"",""support:guided"",""worked-example"",""graduated-attempts""]","false","false","false","[""evidence.mechanical.build-functional-train:procedure""]","false","false","K","V","{""modalities"":[""K"",""V""],""primaryModality"":""V"",""knowledgeExplanationRequired"":true,""virtualDemonstrationRequired"":true,""physicalExecutionRequired"":false,""measuredOrReviewedResultRequired"":false,""physicalCompetenceClaim"":false,""reviewerRequired"":false,""measurableAcceptanceCriteria"":[],""evidenceArtifacts"":[""evidence.mechanical.build-functional-train""],""classificationMethod"":""explicit-metadata"",""confidence"":""high""}","simulation","normal","normal","aligned","manual-review","[]","[]","true"
"wplab.horology.mechanical-foundations","route.mechanical.foundations","module.mechanical.supports","lesson.mechanical.supports","activity.mechanical.identify-pivots-supports","1","Identificar pivotes y apoyos","guided-practice / guided-practice","2-understand-mechanical-systems","core","mechanism-explanation","[""graduated-hints:6"",""support:guided"",""worked-example"",""graduated-attempts""]","false","false","false","[""evidence.mechanical.recognize-supports-clearances:procedure""]","false","false","K","V","{""modalities"":[""K"",""V""],""primaryModality"":""V"",""knowledgeExplanationRequired"":true,""virtualDemonstrationRequired"":true,""physicalExecutionRequired"":false,""measuredOrReviewedResultRequired"":false,""physicalCompetenceClaim"":false,""reviewerRequired"":false,""measurableAcceptanceCriteria"":[],""evidenceArtifacts"":[""evidence.mechanical.recognize-supports-clearances""],""classificationMethod"":""explicit-metadata"",""confidence"":""high""}","simulation","normal","normal","partial","manual-review","[]","[]","true"
"wplab.horology.mechanical-foundations","route.mechanical.foundations","module.mechanical.supports","lesson.mechanical.supports","activity.mechanical.detect-mis-seated-wheel","2","Detectar una rueda mal asentada","prediction / diagnostic","2-understand-mechanical-systems","core","mechanism-explanation","[""graduated-hints:6"",""support:guided"",""worked-example"",""graduated-attempts""]","false","false","false","[""evidence.mechanical.recognize-supports-clearances:procedure""]","false","false","K","V","{""modalities"":[""K"",""V""],""primaryModality"":""V"",""knowledgeExplanationRequired"":true,""virtualDemonstrationRequired"":true,""physicalExecutionRequired"":false,""measuredOrReviewedResultRequired"":false,""physicalCompetenceClaim"":false,""reviewerRequired"":false,""measurableAcceptanceCriteria"":[],""evidenceArtifacts"":[""evidence.mechanical.recognize-supports-clearances""],""classificationMethod"":""explicit-metadata"",""confidence"":""high""}","simulation","normal","normal","partial","manual-review","[]","[]","true"
"wplab.horology.mechanical-foundations","route.mechanical.foundations","module.mechanical.escapement","lesson.mechanical.escapement","activity.mechanical.order-escapement-phases","1","Ordenar las fases del escape","guided-practice / completion-problem","2-understand-mechanical-systems","core","mechanism-explanation","[""graduated-hints:6"",""support:faded"",""worked-example"",""graduated-attempts""]","false","false","false","[""evidence.mechanical.order-escapement-phases:procedure""]","false","false","K","V","{""modalities"":[""K"",""V""],""primaryModality"":""V"",""knowledgeExplanationRequired"":true,""virtualDemonstrationRequired"":true,""physicalExecutionRequired"":false,""measuredOrReviewedResultRequired"":false,""physicalCompetenceClaim"":false,""reviewerRequired"":false,""measurableAcceptanceCriteria"":[],""evidenceArtifacts"":[""evidence.mechanical.order-escapement-phases""],""classificationMethod"":""explicit-metadata"",""confidence"":""high""}","simulation","normal","normal","partial","manual-review","[]","[]","true"
"wplab.horology.mechanical-foundations","route.mechanical.foundations","module.mechanical.escapement","lesson.mechanical.escapement","activity.mechanical.identify-lock-impulse-drop","2","Identificar bloqueo, impulso y caída","prediction / guided-practice","2-understand-mechanical-systems","core","mechanism-explanation","[""graduated-hints:6"",""support:guided"",""worked-example"",""graduated-attempts""]","false","false","false","[""evidence.mechanical.order-escapement-phases:procedure""]","false","false","K","V","{""modalities"":[""K"",""V""],""primaryModality"":""V"",""knowledgeExplanationRequired"":true,""virtualDemonstrationRequired"":true,""physicalExecutionRequired"":false,""measuredOrReviewedResultRequired"":false,""physicalCompetenceClaim"":false,""reviewerRequired"":false,""measurableAcceptanceCriteria"":[],""evidenceArtifacts"":[""evidence.mechanical.order-escapement-phases""],""classificationMethod"":""explicit-metadata"",""confidence"":""high""}","simulation","normal","normal","partial","manual-review","[]","[]","true"
"wplab.horology.mechanical-foundations","route.mechanical.foundations","module.mechanical.oscillator","lesson.mechanical.oscillator","activity.mechanical.distinguish-frequency-amplitude","1","Diferenciar frecuencia y amplitud","guided-practice / guided-practice","2-understand-mechanical-systems","core","mechanism-explanation","[""graduated-hints:6"",""support:guided"",""worked-example"",""graduated-attempts""]","false","false","false","[""evidence.mechanical.distinguish-frequency-amplitude:procedure""]","false","false","K","V","{""modalities"":[""K"",""V""],""primaryModality"":""V"",""knowledgeExplanationRequired"":true,""virtualDemonstrationRequired"":true,""physicalExecutionRequired"":false,""measuredOrReviewedResultRequired"":false,""physicalCompetenceClaim"":false,""reviewerRequired"":false,""measurableAcceptanceCriteria"":[],""evidenceArtifacts"":[""evidence.mechanical.distinguish-frequency-amplitude""],""classificationMethod"":""explicit-metadata"",""confidence"":""high""}","simulation","normal","normal","partial","keep","[]","[]","false"
"wplab.horology.mechanical-foundations","route.mechanical.foundations","module.mechanical.oscillator","lesson.mechanical.oscillator","activity.mechanical.configure-oscillator","2","Configurar frecuencia y amplitud conceptual","prediction / guided-practice","2-understand-mechanical-systems","core","mechanism-explanation","[""graduated-hints:6"",""support:guided"",""worked-example"",""graduated-attempts""]","false","false","false","[""evidence.mechanical.distinguish-frequency-amplitude:procedure""]","false","false","K","V","{""modalities"":[""K"",""V""],""primaryModality"":""V"",""knowledgeExplanationRequired"":true,""virtualDemonstrationRequired"":true,""physicalExecutionRequired"":false,""measuredOrReviewedResultRequired"":false,""physicalCompetenceClaim"":false,""reviewerRequired"":false,""measurableAcceptanceCriteria"":[],""evidenceArtifacts"":[""evidence.mechanical.distinguish-frequency-amplitude""],""classificationMethod"":""explicit-metadata"",""confidence"":""high""}","simulation","normal","normal","partial","keep","[]","[]","false"
"wplab.horology.mechanical-foundations","route.mechanical.foundations","module.mechanical.escape-oscillator","lesson.mechanical.escape-oscillator","activity.mechanical.relate-escape-oscillator","1","Relacionar escape y oscilador","guided-practice / guided-practice","2-understand-mechanical-systems","core","system-overview","[""graduated-hints:6"",""support:guided"",""worked-example"",""graduated-attempts""]","false","false","false","[""evidence.mechanical.explain-escape-oscillator-system:procedure""]","false","false","K","V","{""modalities"":[""K"",""V""],""primaryModality"":""V"",""knowledgeExplanationRequired"":true,""virtualDemonstrationRequired"":true,""physicalExecutionRequired"":false,""measuredOrReviewedResultRequired"":false,""physicalCompetenceClaim"":false,""reviewerRequired"":false,""measurableAcceptanceCriteria"":[],""evidenceArtifacts"":[""evidence.mechanical.explain-escape-oscillator-system""],""classificationMethod"":""explicit-metadata"",""confidence"":""high""}","simulation","normal","normal","partial","manual-review","[]","[]","true"
"wplab.horology.mechanical-foundations","route.mechanical.foundations","module.mechanical.escape-oscillator","lesson.mechanical.escape-oscillator","activity.mechanical.predict-escapement-interruption","2","Predecir una interrupción del sistema","prediction / guided-practice","2-understand-mechanical-systems","core","system-overview","[""graduated-hints:6"",""support:guided"",""worked-example"",""graduated-attempts""]","false","false","false","[""evidence.mechanical.diagnose-conceptual-interruption:human-review""]","false","false","R","R","{""modalities"":[""K"",""V"",""R""],""primaryModality"":""R"",""knowledgeExplanationRequired"":true,""virtualDemonstrationRequired"":true,""physicalExecutionRequired"":false,""measuredOrReviewedResultRequired"":true,""physicalCompetenceClaim"":false,""reviewerRequired"":true,""measurableAcceptanceCriteria"":[],""evidenceArtifacts"":[""evidence.mechanical.diagnose-conceptual-interruption""],""classificationMethod"":""explicit-metadata"",""confidence"":""high""}","simulation","normal","normal","partial","keep","[]","[]","false"
"wplab.horology.mechanical-foundations","route.mechanical.foundations","module.mechanical.motion-works","lesson.mechanical.motion-works","activity.mechanical.build-motion-works","1","Construir la minutería","guided-practice / guided-practice","2-understand-mechanical-systems","core","mechanism-explanation","[""graduated-hints:6"",""support:guided"",""worked-example"",""graduated-attempts""]","false","false","false","[""evidence.mechanical.explain-motion-works:procedure""]","false","false","K","V","{""modalities"":[""K"",""V""],""primaryModality"":""V"",""knowledgeExplanationRequired"":true,""virtualDemonstrationRequired"":true,""physicalExecutionRequired"":false,""measuredOrReviewedResultRequired"":false,""physicalCompetenceClaim"":false,""reviewerRequired"":false,""measurableAcceptanceCriteria"":[],""evidenceArtifacts"":[""evidence.mechanical.explain-motion-works""],""classificationMethod"":""explicit-metadata"",""confidence"":""high""}","simulation","normal","normal","partial","manual-review","[]","[]","true"
"wplab.horology.mechanical-foundations","route.mechanical.foundations","module.mechanical.motion-works","lesson.mechanical.motion-works","activity.mechanical.set-indication","2","Ajustar una indicación horaria","prediction / guided-practice","2-understand-mechanical-systems","core","mechanism-explanation","[""graduated-hints:6"",""support:guided"",""worked-example"",""graduated-attempts""]","false","false","false","[""evidence.mechanical.explain-motion-works:procedure""]","false","false","K","V","{""modalities"":[""K"",""V""],""primaryModality"":""V"",""knowledgeExplanationRequired"":true,""virtualDemonstrationRequired"":true,""physicalExecutionRequired"":false,""measuredOrReviewedResultRequired"":false,""physicalCompetenceClaim"":false,""reviewerRequired"":false,""measurableAcceptanceCriteria"":[],""evidenceArtifacts"":[""evidence.mechanical.explain-motion-works""],""classificationMethod"":""explicit-metadata"",""confidence"":""high""}","simulation","normal","normal","partial","manual-review","[]","[]","true"
"wplab.horology.mechanical-foundations","route.mechanical.foundations","module.mechanical.keyless","lesson.mechanical.keyless","activity.mechanical.reconstruct-crown-states","1","Reconstruir estados de la tija","guided-practice / completion-problem","2-understand-mechanical-systems","core","mechanism-explanation","[""graduated-hints:6"",""support:faded"",""worked-example"",""graduated-attempts""]","false","false","false","[""evidence.mechanical.explain-keyless:procedure""]","false","false","K","V","{""modalities"":[""K"",""V""],""primaryModality"":""V"",""knowledgeExplanationRequired"":true,""virtualDemonstrationRequired"":true,""physicalExecutionRequired"":false,""measuredOrReviewedResultRequired"":false,""physicalCompetenceClaim"":false,""reviewerRequired"":false,""measurableAcceptanceCriteria"":[],""evidenceArtifacts"":[""evidence.mechanical.explain-keyless""],""classificationMethod"":""explicit-metadata"",""confidence"":""high""}","simulation","normal","normal","partial","manual-review","[]","[]","true"
"wplab.horology.mechanical-foundations","route.mechanical.foundations","module.mechanical.keyless","lesson.mechanical.keyless","activity.mechanical.operate-winding-setting","2","Distinguir cuerda y puesta en hora","prediction / guided-practice","2-understand-mechanical-systems","core","mechanism-explanation","[""graduated-hints:6"",""support:guided"",""worked-example"",""graduated-attempts""]","false","false","false","[""evidence.mechanical.explain-keyless:procedure""]","false","false","K","V","{""modalities"":[""K"",""V""],""primaryModality"":""V"",""knowledgeExplanationRequired"":true,""virtualDemonstrationRequired"":true,""physicalExecutionRequired"":false,""measuredOrReviewedResultRequired"":false,""physicalCompetenceClaim"":false,""reviewerRequired"":false,""measurableAcceptanceCriteria"":[],""evidenceArtifacts"":[""evidence.mechanical.explain-keyless""],""classificationMethod"":""explicit-metadata"",""confidence"":""high""}","simulation","normal","normal","partial","manual-review","[]","[]","true"
"wplab.horology.mechanical-foundations","route.mechanical.foundations","module.mechanical.automatic-calendar","lesson.mechanical.automatic-calendar","activity.mechanical.follow-automatic-energy","1","Seguir la carga automática","guided-practice / worked-example","2-understand-mechanical-systems","core","mechanism-explanation","[""graduated-hints:6"",""support:full"",""worked-example"",""graduated-attempts""]","false","false","false","[""evidence.mechanical.explain-automatic-winding:procedure""]","false","false","K","V","{""modalities"":[""K"",""V""],""primaryModality"":""V"",""knowledgeExplanationRequired"":true,""virtualDemonstrationRequired"":true,""physicalExecutionRequired"":false,""measuredOrReviewedResultRequired"":false,""physicalCompetenceClaim"":false,""reviewerRequired"":false,""measurableAcceptanceCriteria"":[],""evidenceArtifacts"":[""evidence.mechanical.explain-automatic-winding""],""classificationMethod"":""explicit-metadata"",""confidence"":""high""}","simulation","normal","normal","partial","manual-review","[]","[]","true"
"wplab.horology.mechanical-foundations","route.mechanical.foundations","module.mechanical.automatic-calendar","lesson.mechanical.automatic-calendar","activity.mechanical.explain-date-change","2","Explicar el cambio de fecha","prediction / guided-practice","2-understand-mechanical-systems","core","mechanism-explanation","[""graduated-hints:6"",""support:guided"",""worked-example"",""graduated-attempts""]","false","false","false","[""evidence.mechanical.explain-basic-calendar:procedure""]","false","false","K","V","{""modalities"":[""K"",""V""],""primaryModality"":""V"",""knowledgeExplanationRequired"":true,""virtualDemonstrationRequired"":true,""physicalExecutionRequired"":false,""measuredOrReviewedResultRequired"":false,""physicalCompetenceClaim"":false,""reviewerRequired"":false,""measurableAcceptanceCriteria"":[],""evidenceArtifacts"":[""evidence.mechanical.explain-basic-calendar""],""classificationMethod"":""explicit-metadata"",""confidence"":""high""}","simulation","normal","normal","partial","manual-review","[]","[]","true"
"wplab.horology.mechanical-foundations","route.mechanical.foundations","module.mechanical.final-project","lesson.mechanical.final-project","activity.mechanical.introduce-fault","1","Introducir un fallo","guided-practice / guided-practice","5-build-complete-watch","core","capstone-project","[""graduated-hints:6"",""support:guided"",""worked-example"",""graduated-attempts""]","false","false","false","[""evidence.mechanical.diagnose-conceptual-interruption:human-review""]","false","false","R","R","{""modalities"":[""K"",""V"",""R""],""primaryModality"":""R"",""knowledgeExplanationRequired"":true,""virtualDemonstrationRequired"":true,""physicalExecutionRequired"":false,""measuredOrReviewedResultRequired"":true,""physicalCompetenceClaim"":false,""reviewerRequired"":true,""measurableAcceptanceCriteria"":[],""evidenceArtifacts"":[""evidence.mechanical.diagnose-conceptual-interruption""],""classificationMethod"":""explicit-metadata"",""confidence"":""high""}","simulation","normal","normal","partial","keep","[]","[]","false"
"wplab.horology.mechanical-foundations","route.mechanical.foundations","module.mechanical.final-project","lesson.mechanical.final-project","activity.mechanical.formulate-hypothesis","2","Formular una hipótesis y una prueba","prediction / guided-practice","5-build-complete-watch","core","capstone-project","[""graduated-hints:6"",""support:guided"",""worked-example"",""graduated-attempts""]","false","false","false","[""evidence.mechanical.diagnose-conceptual-interruption:human-review""]","false","false","R","R","{""modalities"":[""K"",""V"",""R""],""primaryModality"":""R"",""knowledgeExplanationRequired"":true,""virtualDemonstrationRequired"":true,""physicalExecutionRequired"":false,""measuredOrReviewedResultRequired"":true,""physicalCompetenceClaim"":false,""reviewerRequired"":true,""measurableAcceptanceCriteria"":[],""evidenceArtifacts"":[""evidence.mechanical.diagnose-conceptual-interruption""],""classificationMethod"":""explicit-metadata"",""confidence"":""high""}","simulation","normal","normal","partial","keep","[]","[]","false"
"wplab.horology.mechanical-foundations","route.mechanical.foundations","module.mechanical.final-project","lesson.mechanical.final-project","activity.mechanical.build-final-project","3","Construir el proyecto final","prediction / mastery-check","5-build-complete-watch","core","capstone-project","[""graduated-hints:6"",""support:independent"",""worked-example"",""graduated-attempts""]","true","false","false","[""evidence.mechanical.document-fidelity-limits:human-review""]","false","false","R","R","{""modalities"":[""K"",""V"",""R""],""primaryModality"":""R"",""knowledgeExplanationRequired"":true,""virtualDemonstrationRequired"":true,""physicalExecutionRequired"":false,""measuredOrReviewedResultRequired"":true,""physicalCompetenceClaim"":false,""reviewerRequired"":true,""measurableAcceptanceCriteria"":[],""evidenceArtifacts"":[""evidence.mechanical.document-fidelity-limits""],""classificationMethod"":""explicit-metadata"",""confidence"":""high""}","simulation","normal","normal","partial","keep","[]","[]","false"
"wplab.horology.mechanical-foundations","route.mechanical.foundations","module.mechanical.final-project","lesson.mechanical.final-project","activity.mechanical.compare-with-8215","4","Comparar el conceptual con el 8215","prediction / transfer","5-build-complete-watch","core","capstone-project","[""graduated-hints:6"",""support:independent"",""worked-example"",""graduated-attempts""]","true","true","false","[""evidence.mechanical.compare-conceptual-real:human-review""]","false","false","R","R","{""modalities"":[""K"",""V"",""R""],""primaryModality"":""R"",""knowledgeExplanationRequired"":true,""virtualDemonstrationRequired"":true,""physicalExecutionRequired"":false,""measuredOrReviewedResultRequired"":true,""physicalCompetenceClaim"":false,""reviewerRequired"":true,""measurableAcceptanceCriteria"":[],""evidenceArtifacts"":[""evidence.mechanical.compare-conceptual-real""],""classificationMethod"":""explicit-metadata"",""confidence"":""high""}","simulation","normal","normal","partial","keep","[]","[]","false"
"wplab.horology.mechanical-foundations","route.mechanical.foundations","module.mechanical.final-project","lesson.mechanical.final-project","activity.mechanical.document-limitations","5","Documentar limitaciones y pruebas pendientes","prediction / guided-practice","5-build-complete-watch","core","capstone-project","[""graduated-hints:6"",""support:guided"",""worked-example"",""graduated-attempts""]","false","false","false","[""evidence.mechanical.document-fidelity-limits:human-review""]","false","false","R","R","{""modalities"":[""K"",""V"",""R""],""primaryModality"":""R"",""knowledgeExplanationRequired"":true,""virtualDemonstrationRequired"":true,""physicalExecutionRequired"":false,""measuredOrReviewedResultRequired"":true,""physicalCompetenceClaim"":false,""reviewerRequired"":true,""measurableAcceptanceCriteria"":[],""evidenceArtifacts"":[""evidence.mechanical.document-fidelity-limits""],""classificationMethod"":""explicit-metadata"",""confidence"":""high""}","simulation","normal","normal","partial","keep","[]","[]","false"
"wplab.horology.watchmaking-encyclopedia","route.encyclopedia.math-physics-metrology","module.encyclopedia.math-physics-metrology.unidades-y-modelos","lesson.encyclopedia.math-physics-metrology.unidades-y-modelos","activity.encyclopedia.math-physics-metrology.unidades-y-modelos","1","Explicar y transferir: Unidades, escalas y análisis dimensional","guided-practice / guided-practice","2-understand-mechanical-systems","core","calculation","[""support:guided"",""worked-example"",""graduated-attempts""]","false","false","false","[""evidence.encyclopedia.math-physics-metrology.unidades-y-modelos:answer""]","false","false","K","V","{""modalities"":[""K"",""V""],""primaryModality"":""V"",""knowledgeExplanationRequired"":true,""virtualDemonstrationRequired"":true,""physicalExecutionRequired"":false,""measuredOrReviewedResultRequired"":false,""physicalCompetenceClaim"":false,""reviewerRequired"":false,""measurableAcceptanceCriteria"":[],""evidenceArtifacts"":[""evidence.encyclopedia.math-physics-metrology.unidades-y-modelos""],""classificationMethod"":""explicit-metadata"",""confidence"":""high""}","simulation","normal","normal","aligned","keep","[]","[]","false"
"wplab.horology.watchmaking-encyclopedia","route.encyclopedia.math-physics-metrology","module.encyclopedia.math-physics-metrology.fuerza-par-energia","lesson.encyclopedia.math-physics-metrology.fuerza-par-energia","activity.encyclopedia.math-physics-metrology.fuerza-par-energia","1","Explicar y transferir: Fuerza, par, trabajo, energía y potencia","guided-practice / guided-practice","2-understand-mechanical-systems","core","calculation","[""support:guided"",""worked-example"",""graduated-attempts""]","false","false","false","[""evidence.encyclopedia.math-physics-metrology.fuerza-par-energia:answer""]","false","false","K","V","{""modalities"":[""K"",""V""],""primaryModality"":""V"",""knowledgeExplanationRequired"":true,""virtualDemonstrationRequired"":true,""physicalExecutionRequired"":false,""measuredOrReviewedResultRequired"":false,""physicalCompetenceClaim"":false,""reviewerRequired"":false,""measurableAcceptanceCriteria"":[],""evidenceArtifacts"":[""evidence.encyclopedia.math-physics-metrology.fuerza-par-energia""],""classificationMethod"":""explicit-metadata"",""confidence"":""high""}","simulation","normal","normal","aligned","keep","[]","[]","false"
"wplab.horology.watchmaking-encyclopedia","route.encyclopedia.math-physics-metrology","module.encyclopedia.math-physics-metrology.rotacion-friccion-contacto","lesson.encyclopedia.math-physics-metrology.rotacion-friccion-contacto","activity.encyclopedia.math-physics-metrology.rotacion-friccion-contacto","1","Explicar y transferir: Rotación, inercia, fricción y contacto","guided-practice / guided-practice","2-understand-mechanical-systems","core","calculation","[""support:guided"",""worked-example"",""graduated-attempts""]","false","false","false","[""evidence.encyclopedia.math-physics-metrology.rotacion-friccion-contacto:answer""]","false","false","K","V","{""modalities"":[""K"",""V""],""primaryModality"":""V"",""knowledgeExplanationRequired"":true,""virtualDemonstrationRequired"":true,""physicalExecutionRequired"":false,""measuredOrReviewedResultRequired"":false,""physicalCompetenceClaim"":false,""reviewerRequired"":false,""measurableAcceptanceCriteria"":[],""evidenceArtifacts"":[""evidence.encyclopedia.math-physics-metrology.rotacion-friccion-contacto""],""classificationMethod"":""explicit-metadata"",""confidence"":""high""}","simulation","normal","normal","aligned","keep","[]","[]","false"
"wplab.horology.watchmaking-encyclopedia","route.encyclopedia.math-physics-metrology","module.encyclopedia.math-physics-metrology.oscilacion-amortiguamiento","lesson.encyclopedia.math-physics-metrology.oscilacion-amortiguamiento","activity.encyclopedia.math-physics-metrology.oscilacion-amortiguamiento","1","Explicar y transferir: Oscilación, frecuencia, resonancia y amortiguamiento","guided-practice / guided-practice","2-understand-mechanical-systems","core","calculation","[""support:guided"",""worked-example"",""graduated-attempts""]","false","false","false","[""evidence.encyclopedia.math-physics-metrology.oscilacion-amortiguamiento:answer""]","false","false","K","V","{""modalities"":[""K"",""V""],""primaryModality"":""V"",""knowledgeExplanationRequired"":true,""virtualDemonstrationRequired"":true,""physicalExecutionRequired"":false,""measuredOrReviewedResultRequired"":false,""physicalCompetenceClaim"":false,""reviewerRequired"":false,""measurableAcceptanceCriteria"":[],""evidenceArtifacts"":[""evidence.encyclopedia.math-physics-metrology.oscilacion-amortiguamiento""],""classificationMethod"":""explicit-metadata"",""confidence"":""high""}","simulation","normal","normal","aligned","keep","[]","[]","false"
"wplab.horology.watchmaking-encyclopedia","route.encyclopedia.math-physics-metrology","module.encyclopedia.math-physics-metrology.medicion-incertidumbre-trazabilidad","lesson.encyclopedia.math-physics-metrology.medicion-incertidumbre-trazabilidad","activity.encyclopedia.math-physics-metrology.medicion-incertidumbre-trazabilidad","1","Explicar y transferir: Medición, incertidumbre y trazabilidad","guided-practice / guided-practice","3-observe-measure-diagnose","core","measurement","[""support:guided"",""worked-example"",""graduated-attempts""]","false","false","false","[""evidence.encyclopedia.math-physics-metrology.medicion-incertidumbre-trazabilidad:answer""]","false","false","K","V","{""modalities"":[""K"",""V""],""primaryModality"":""V"",""knowledgeExplanationRequired"":true,""virtualDemonstrationRequired"":true,""physicalExecutionRequired"":false,""measuredOrReviewedResultRequired"":false,""physicalCompetenceClaim"":false,""reviewerRequired"":false,""measurableAcceptanceCriteria"":[],""evidenceArtifacts"":[""evidence.encyclopedia.math-physics-metrology.medicion-incertidumbre-trazabilidad""],""classificationMethod"":""explicit-metadata"",""confidence"":""high""}","simulation","normal","normal","aligned","keep","[]","[]","false"
"wplab.horology.watchmaking-encyclopedia","route.encyclopedia.math-physics-metrology","module.encyclopedia.math-physics-metrology.tolerancias-y-fiabilidad","lesson.encyclopedia.math-physics-metrology.tolerancias-y-fiabilidad","activity.encyclopedia.math-physics-metrology.tolerancias-y-fiabilidad","1","Explicar y transferir: Tolerancias, capacidad, FMEA y fiabilidad","guided-practice / guided-practice","3-observe-measure-diagnose","core","measurement","[""support:guided"",""worked-example"",""graduated-attempts""]","false","false","false","[""evidence.encyclopedia.math-physics-metrology.tolerancias-y-fiabilidad:answer""]","false","false","K","V","{""modalities"":[""K"",""V""],""primaryModality"":""V"",""knowledgeExplanationRequired"":true,""virtualDemonstrationRequired"":true,""physicalExecutionRequired"":false,""measuredOrReviewedResultRequired"":false,""physicalCompetenceClaim"":false,""reviewerRequired"":false,""measurableAcceptanceCriteria"":[],""evidenceArtifacts"":[""evidence.encyclopedia.math-physics-metrology.tolerancias-y-fiabilidad""],""classificationMethod"":""explicit-metadata"",""confidence"":""high""}","simulation","normal","normal","aligned","keep","[]","[]","false"
"wplab.horology.watchmaking-encyclopedia","route.encyclopedia.math-physics-metrology","module.encyclopedia.math-physics-metrology.toh-normas-dentado","lesson.encyclopedia.math-physics-metrology.toh-normas-dentado","activity.encyclopedia.math-physics-metrology.toh-normas-dentado","1","Explicar y transferir: Normas, perfiles y lectura de tablas relojeras","guided-practice / guided-practice","2-understand-mechanical-systems","core","calculation","[""support:guided"",""worked-example"",""graduated-attempts""]","false","false","false","[""evidence.encyclopedia.math-physics-metrology.toh-normas-dentado:answer""]","false","false","K","V","{""modalities"":[""K"",""V""],""primaryModality"":""V"",""knowledgeExplanationRequired"":true,""virtualDemonstrationRequired"":true,""physicalExecutionRequired"":false,""measuredOrReviewedResultRequired"":false,""physicalCompetenceClaim"":false,""reviewerRequired"":false,""measurableAcceptanceCriteria"":[],""evidenceArtifacts"":[""evidence.encyclopedia.math-physics-metrology.toh-normas-dentado""],""classificationMethod"":""explicit-metadata"",""confidence"":""high""}","simulation","normal","normal","aligned","keep","[]","[]","false"
"wplab.horology.watchmaking-encyclopedia","route.encyclopedia.math-physics-metrology","module.encyclopedia.math-physics-metrology.toh-contar-tren","lesson.encyclopedia.math-physics-metrology.toh-contar-tren","activity.encyclopedia.math-physics-metrology.toh-contar-tren","1","Explicar y transferir: Diseño inverso de un tren de conteo","observation-3d / guided-practice","2-understand-mechanical-systems","core","calculation","[""support:guided"",""worked-example"",""graduated-attempts""]","false","false","false","[""evidence.encyclopedia.math-physics-metrology.toh-contar-tren:answer""]","false","false","K","R","{""modalities"":[""K"",""R""],""primaryModality"":""R"",""knowledgeExplanationRequired"":true,""virtualDemonstrationRequired"":false,""physicalExecutionRequired"":false,""measuredOrReviewedResultRequired"":true,""physicalCompetenceClaim"":false,""reviewerRequired"":true,""measurableAcceptanceCriteria"":[],""evidenceArtifacts"":[""evidence.encyclopedia.math-physics-metrology.toh-contar-tren""],""classificationMethod"":""curated-override"",""confidence"":""high""}","simulation","normal","normal","aligned","keep","[]","[]","false"
"wplab.horology.watchmaking-encyclopedia","route.encyclopedia.math-physics-metrology","module.encyclopedia.math-physics-metrology.toh-oscilador-modelo","lesson.encyclopedia.math-physics-metrology.toh-oscilador-modelo","activity.encyclopedia.math-physics-metrology.toh-oscilador-modelo","1","Explicar y transferir: Modelo dinámico del volante-espiral","observation-3d / guided-practice","2-understand-mechanical-systems","core","calculation","[""support:guided"",""worked-example"",""graduated-attempts""]","false","false","false","[""evidence.encyclopedia.math-physics-metrology.toh-oscilador-modelo:answer""]","false","false","K","V","{""modalities"":[""K"",""V""],""primaryModality"":""V"",""knowledgeExplanationRequired"":true,""virtualDemonstrationRequired"":true,""physicalExecutionRequired"":false,""measuredOrReviewedResultRequired"":false,""physicalCompetenceClaim"":false,""reviewerRequired"":false,""measurableAcceptanceCriteria"":[],""evidenceArtifacts"":[""evidence.encyclopedia.math-physics-metrology.toh-oscilador-modelo""],""classificationMethod"":""explicit-metadata"",""confidence"":""high""}","simulation","normal","normal","aligned","keep","[]","[]","false"
"wplab.horology.watchmaking-encyclopedia","route.encyclopedia.math-physics-metrology","module.encyclopedia.math-physics-metrology.chicago-cronometria-maquinas","lesson.encyclopedia.math-physics-metrology.chicago-cronometria-maquinas","activity.encyclopedia.math-physics-metrology.chicago-cronometria-maquinas","1","Explicar y transferir: Expediente Chicago VII: de Watch Master y Time-O-Graph al cronocomparador","explanation / transfer","1-understand-watch-as-system","historical-case","calculation","[""support:independent"",""worked-example"",""graduated-attempts""]","true","true","false","[""evidence.encyclopedia.math-physics-metrology.chicago-cronometria-maquinas:answer""]","false","false","K","V","{""modalities"":[""K"",""V""],""primaryModality"":""V"",""knowledgeExplanationRequired"":true,""virtualDemonstrationRequired"":true,""physicalExecutionRequired"":false,""measuredOrReviewedResultRequired"":false,""physicalCompetenceClaim"":false,""reviewerRequired"":false,""measurableAcceptanceCriteria"":[],""evidenceArtifacts"":[""evidence.encyclopedia.math-physics-metrology.chicago-cronometria-maquinas""],""classificationMethod"":""explicit-metadata"",""confidence"":""high""}","simulation","normal","normal","aligned","keep","[]","[]","false"
"wplab.horology.inspection-metrology","route.metrology.physical-digital-bridge","module.metrology.observe-before-measuring","lesson.metrology.observe-before-measuring","activity.metrology.preparar-una-inspeccion","1","Preparar una inspección","guided-practice / guided-practice","3-observe-measure-diagnose","core","inspection","[""graduated-hints:3"",""support:guided"",""worked-example"",""graduated-attempts""]","false","false","false","[""evidence.metrology.preparar-una-inspeccion:procedure""]","false","false","K","V","{""modalities"":[""K"",""V""],""primaryModality"":""V"",""knowledgeExplanationRequired"":true,""virtualDemonstrationRequired"":true,""physicalExecutionRequired"":false,""measuredOrReviewedResultRequired"":false,""physicalCompetenceClaim"":false,""reviewerRequired"":false,""measurableAcceptanceCriteria"":[],""evidenceArtifacts"":[""evidence.metrology.preparar-una-inspeccion""],""classificationMethod"":""explicit-metadata"",""confidence"":""high""}","simulation","normal","normal","aligned","keep","[]","[]","false"
"wplab.horology.inspection-metrology","route.metrology.physical-digital-bridge","module.metrology.observe-before-measuring","lesson.metrology.observe-before-measuring","activity.metrology.separar-observacion-e-hipotesis","2","Separar observación e hipótesis","prediction / independent-practice","3-observe-measure-diagnose","core","inspection","[""graduated-hints:3"",""support:faded"",""worked-example"",""graduated-attempts""]","false","false","false","[""evidence.metrology.separar-observacion-e-hipotesis:procedure""]","false","false","K","V","{""modalities"":[""K"",""V""],""primaryModality"":""V"",""knowledgeExplanationRequired"":true,""virtualDemonstrationRequired"":true,""physicalExecutionRequired"":false,""measuredOrReviewedResultRequired"":false,""physicalCompetenceClaim"":false,""reviewerRequired"":false,""measurableAcceptanceCriteria"":[],""evidenceArtifacts"":[""evidence.metrology.separar-observacion-e-hipotesis""],""classificationMethod"":""explicit-metadata"",""confidence"":""high""}","simulation","normal","normal","aligned","keep","[]","[]","false"
"wplab.horology.inspection-metrology","route.metrology.physical-digital-bridge","module.metrology.light-magnification-posture","lesson.metrology.light-magnification-posture","activity.metrology.elegir-iluminacion","1","Elegir iluminación","comparison / guided-practice","3-observe-measure-diagnose","core","measurement","[""graduated-hints:3"",""support:guided"",""worked-example"",""graduated-attempts""]","false","false","false","[""evidence.metrology.elegir-iluminacion:procedure""]","false","false","K","V","{""modalities"":[""K"",""V""],""primaryModality"":""V"",""knowledgeExplanationRequired"":true,""virtualDemonstrationRequired"":true,""physicalExecutionRequired"":false,""measuredOrReviewedResultRequired"":false,""physicalCompetenceClaim"":false,""reviewerRequired"":false,""measurableAcceptanceCriteria"":[],""evidenceArtifacts"":[""evidence.metrology.elegir-iluminacion""],""classificationMethod"":""explicit-metadata"",""confidence"":""high""}","simulation","normal","normal","aligned","keep","[]","[]","false"
"wplab.horology.inspection-metrology","route.metrology.physical-digital-bridge","module.metrology.light-magnification-posture","lesson.metrology.light-magnification-posture","activity.metrology.elegir-aumento","2","Elegir aumento","explanation / independent-practice","3-observe-measure-diagnose","core","measurement","[""graduated-hints:3"",""support:faded"",""worked-example"",""graduated-attempts""]","false","false","false","[""evidence.metrology.elegir-aumento:procedure""]","false","false","K","V","{""modalities"":[""K"",""V""],""primaryModality"":""V"",""knowledgeExplanationRequired"":true,""virtualDemonstrationRequired"":true,""physicalExecutionRequired"":false,""measuredOrReviewedResultRequired"":false,""physicalCompetenceClaim"":false,""reviewerRequired"":false,""measurableAcceptanceCriteria"":[],""evidenceArtifacts"":[""evidence.metrology.elegir-aumento""],""classificationMethod"":""explicit-metadata"",""confidence"":""high""}","simulation","normal","normal","aligned","manual-review","[]","[]","true"
"wplab.horology.inspection-metrology","route.metrology.physical-digital-bridge","module.metrology.units-scale-resolution","lesson.metrology.units-scale-resolution","activity.metrology.diferenciar-resolucion-y-precision","1","Diferenciar resolución y precisión","guided-practice / guided-practice","3-observe-measure-diagnose","core","measurement","[""graduated-hints:3"",""support:guided"",""worked-example"",""graduated-attempts""]","false","false","false","[""evidence.metrology.diferenciar-resolucion-y-precision:procedure""]","false","false","K","V","{""modalities"":[""K"",""V""],""primaryModality"":""V"",""knowledgeExplanationRequired"":true,""virtualDemonstrationRequired"":true,""physicalExecutionRequired"":false,""measuredOrReviewedResultRequired"":false,""physicalCompetenceClaim"":false,""reviewerRequired"":false,""measurableAcceptanceCriteria"":[],""evidenceArtifacts"":[""evidence.metrology.diferenciar-resolucion-y-precision""],""classificationMethod"":""explicit-metadata"",""confidence"":""high""}","simulation","normal","normal","aligned","manual-review","[]","[]","true"
"wplab.horology.inspection-metrology","route.metrology.physical-digital-bridge","module.metrology.units-scale-resolution","lesson.metrology.units-scale-resolution","activity.metrology.redondear-sin-inventar-informacion","2","Redondear sin inventar información","prediction / independent-practice","3-observe-measure-diagnose","core","measurement","[""graduated-hints:3"",""support:faded"",""worked-example"",""graduated-attempts""]","false","false","false","[""evidence.metrology.redondear-sin-inventar-informacion:procedure""]","false","false","K","V","{""modalities"":[""K"",""V""],""primaryModality"":""V"",""knowledgeExplanationRequired"":true,""virtualDemonstrationRequired"":true,""physicalExecutionRequired"":false,""measuredOrReviewedResultRequired"":false,""physicalCompetenceClaim"":false,""reviewerRequired"":false,""measurableAcceptanceCriteria"":[],""evidenceArtifacts"":[""evidence.metrology.redondear-sin-inventar-informacion""],""classificationMethod"":""explicit-metadata"",""confidence"":""high""}","simulation","normal","normal","aligned","manual-review","[]","[]","true"
"wplab.horology.inspection-metrology","route.metrology.physical-digital-bridge","module.metrology.precision-accuracy-uncertainty","lesson.metrology.precision-accuracy-uncertainty","activity.metrology.repetir-medicion","1","Repetir medición","comparison / guided-practice","3-observe-measure-diagnose","core","measurement","[""graduated-hints:3"",""support:guided"",""worked-example"",""graduated-attempts""]","false","false","false","[""evidence.metrology.repetir-medicion:procedure""]","false","false","K","V","{""modalities"":[""K"",""V""],""primaryModality"":""V"",""knowledgeExplanationRequired"":true,""virtualDemonstrationRequired"":true,""physicalExecutionRequired"":false,""measuredOrReviewedResultRequired"":false,""physicalCompetenceClaim"":false,""reviewerRequired"":false,""measurableAcceptanceCriteria"":[],""evidenceArtifacts"":[""evidence.metrology.repetir-medicion""],""classificationMethod"":""explicit-metadata"",""confidence"":""high""}","simulation","normal","normal","aligned","manual-review","[]","[]","true"
"wplab.horology.inspection-metrology","route.metrology.physical-digital-bridge","module.metrology.precision-accuracy-uncertainty","lesson.metrology.precision-accuracy-uncertainty","activity.metrology.declarar-incertidumbre","2","Declarar incertidumbre","explanation / independent-practice","3-observe-measure-diagnose","core","measurement","[""graduated-hints:3"",""support:faded"",""worked-example"",""graduated-attempts""]","false","false","false","[""evidence.metrology.declarar-incertidumbre:procedure""]","false","false","K","V","{""modalities"":[""K"",""V""],""primaryModality"":""V"",""knowledgeExplanationRequired"":true,""virtualDemonstrationRequired"":true,""physicalExecutionRequired"":false,""measuredOrReviewedResultRequired"":false,""physicalCompetenceClaim"":false,""reviewerRequired"":false,""measurableAcceptanceCriteria"":[],""evidenceArtifacts"":[""evidence.metrology.declarar-incertidumbre""],""classificationMethod"":""explicit-metadata"",""confidence"":""high""}","simulation","normal","normal","aligned","manual-review","[]","[]","true"
"wplab.horology.inspection-metrology","route.metrology.physical-digital-bridge","module.metrology.instruments","lesson.metrology.instruments","activity.metrology.seleccionar-instrumento","1","Seleccionar instrumento","guided-practice / guided-practice","3-observe-measure-diagnose","core","measurement","[""graduated-hints:3"",""support:guided"",""worked-example"",""graduated-attempts""]","false","false","false","[""evidence.metrology.seleccionar-instrumento:procedure""]","false","false","K","V","{""modalities"":[""K"",""V""],""primaryModality"":""V"",""knowledgeExplanationRequired"":true,""virtualDemonstrationRequired"":true,""physicalExecutionRequired"":false,""measuredOrReviewedResultRequired"":false,""physicalCompetenceClaim"":false,""reviewerRequired"":false,""measurableAcceptanceCriteria"":[],""evidenceArtifacts"":[""evidence.metrology.seleccionar-instrumento""],""classificationMethod"":""explicit-metadata"",""confidence"":""high""}","simulation","normal","normal","aligned","manual-review","[]","[]","true"
"wplab.horology.inspection-metrology","route.metrology.physical-digital-bridge","module.metrology.instruments","lesson.metrology.instruments","activity.metrology.detectar-paralaje","2","Detectar paralaje","prediction / independent-practice","3-observe-measure-diagnose","core","measurement","[""graduated-hints:3"",""support:faded"",""worked-example"",""graduated-attempts""]","false","false","false","[""evidence.metrology.detectar-paralaje:artifact""]","false","false","R","R","{""modalities"":[""K"",""V"",""R""],""primaryModality"":""R"",""knowledgeExplanationRequired"":true,""virtualDemonstrationRequired"":true,""physicalExecutionRequired"":false,""measuredOrReviewedResultRequired"":true,""physicalCompetenceClaim"":false,""reviewerRequired"":false,""measurableAcceptanceCriteria"":[],""evidenceArtifacts"":[""evidence.metrology.detectar-paralaje""],""classificationMethod"":""explicit-metadata"",""confidence"":""high""}","simulation","normal","normal","aligned","keep","[]","[]","true"
"wplab.horology.inspection-metrology","route.metrology.physical-digital-bridge","module.metrology.verification-calibration","lesson.metrology.verification-calibration","activity.metrology.verificar-cero","1","Verificar cero","comparison / guided-practice","3-observe-measure-diagnose","core","measurement","[""graduated-hints:3"",""support:guided"",""worked-example"",""graduated-attempts""]","false","false","false","[""evidence.metrology.verificar-cero:artifact""]","false","false","R","R","{""modalities"":[""K"",""V"",""R""],""primaryModality"":""R"",""knowledgeExplanationRequired"":true,""virtualDemonstrationRequired"":true,""physicalExecutionRequired"":false,""measuredOrReviewedResultRequired"":true,""physicalCompetenceClaim"":false,""reviewerRequired"":false,""measurableAcceptanceCriteria"":[],""evidenceArtifacts"":[""evidence.metrology.verificar-cero""],""classificationMethod"":""explicit-metadata"",""confidence"":""high""}","simulation","normal","normal","aligned","keep","[]","[]","true"
"wplab.horology.inspection-metrology","route.metrology.physical-digital-bridge","module.metrology.verification-calibration","lesson.metrology.verification-calibration","activity.metrology.interpretar-una-verificacion","2","Interpretar una verificación","explanation / independent-practice","3-observe-measure-diagnose","core","measurement","[""graduated-hints:3"",""support:faded"",""worked-example"",""graduated-attempts""]","false","false","false","[""evidence.metrology.interpretar-una-verificacion:artifact""]","false","false","R","R","{""modalities"":[""K"",""V"",""R""],""primaryModality"":""R"",""knowledgeExplanationRequired"":true,""virtualDemonstrationRequired"":true,""physicalExecutionRequired"":false,""measuredOrReviewedResultRequired"":true,""physicalCompetenceClaim"":false,""reviewerRequired"":false,""measurableAcceptanceCriteria"":[],""evidenceArtifacts"":[""evidence.metrology.interpretar-una-verificacion""],""classificationMethod"":""explicit-metadata"",""confidence"":""high""}","simulation","normal","normal","aligned","keep","[]","[]","true"
"wplab.horology.inspection-metrology","route.metrology.physical-digital-bridge","module.metrology.physical-specimen","lesson.metrology.physical-specimen","activity.metrology.registrar-especimen","1","Registrar espécimen","guided-practice / guided-practice","3-observe-measure-diagnose","core","measurement","[""graduated-hints:3"",""support:guided"",""worked-example"",""graduated-attempts""]","false","false","false","[""evidence.metrology.registrar-especimen:artifact""]","false","false","R","R","{""modalities"":[""K"",""R""],""primaryModality"":""R"",""knowledgeExplanationRequired"":true,""virtualDemonstrationRequired"":false,""physicalExecutionRequired"":false,""measuredOrReviewedResultRequired"":true,""physicalCompetenceClaim"":false,""reviewerRequired"":false,""measurableAcceptanceCriteria"":[],""evidenceArtifacts"":[""evidence.metrology.registrar-especimen""],""classificationMethod"":""explicit-metadata"",""confidence"":""high""}","simulation","normal","normal","aligned","keep","[]","[]","false"
"wplab.horology.inspection-metrology","route.metrology.physical-digital-bridge","module.metrology.physical-specimen","lesson.metrology.physical-specimen","activity.metrology.contar-dientes","2","Contar dientes","prediction / independent-practice","3-observe-measure-diagnose","core","measurement","[""graduated-hints:3"",""support:faded"",""worked-example"",""graduated-attempts""]","false","false","false","[""evidence.metrology.contar-dientes:artifact""]","false","false","R","R","{""modalities"":[""K"",""R""],""primaryModality"":""R"",""knowledgeExplanationRequired"":true,""virtualDemonstrationRequired"":false,""physicalExecutionRequired"":false,""measuredOrReviewedResultRequired"":true,""physicalCompetenceClaim"":false,""reviewerRequired"":false,""measurableAcceptanceCriteria"":[],""evidenceArtifacts"":[""evidence.metrology.contar-dientes""],""classificationMethod"":""explicit-metadata"",""confidence"":""high""}","simulation","normal","normal","aligned","keep","[]","[]","false"
"wplab.horology.inspection-metrology","route.metrology.physical-digital-bridge","module.metrology.technical-photography","lesson.metrology.technical-photography","activity.metrology.importar-fotografia","1","Importar fotografía","comparison / guided-practice","3-observe-measure-diagnose","core","measurement","[""graduated-hints:3"",""support:guided"",""worked-example"",""graduated-attempts""]","false","false","false","[""evidence.metrology.importar-fotografia:artifact""]","false","false","R","R","{""modalities"":[""K"",""R""],""primaryModality"":""R"",""knowledgeExplanationRequired"":true,""virtualDemonstrationRequired"":false,""physicalExecutionRequired"":false,""measuredOrReviewedResultRequired"":true,""physicalCompetenceClaim"":false,""reviewerRequired"":false,""measurableAcceptanceCriteria"":[],""evidenceArtifacts"":[""evidence.metrology.importar-fotografia""],""classificationMethod"":""explicit-metadata"",""confidence"":""high""}","simulation","normal","normal","aligned","keep","[]","[]","false"
"wplab.horology.inspection-metrology","route.metrology.physical-digital-bridge","module.metrology.technical-photography","lesson.metrology.technical-photography","activity.metrology.clasificar-fotografia","2","Clasificar fotografía","explanation / independent-practice","3-observe-measure-diagnose","core","measurement","[""graduated-hints:3"",""support:faded"",""worked-example"",""graduated-attempts""]","false","false","false","[""evidence.metrology.clasificar-fotografia:artifact""]","false","false","R","R","{""modalities"":[""K"",""R""],""primaryModality"":""R"",""knowledgeExplanationRequired"":true,""virtualDemonstrationRequired"":false,""physicalExecutionRequired"":false,""measuredOrReviewedResultRequired"":true,""physicalCompetenceClaim"":false,""reviewerRequired"":false,""measurableAcceptanceCriteria"":[],""evidenceArtifacts"":[""evidence.metrology.clasificar-fotografia""],""classificationMethod"":""explicit-metadata"",""confidence"":""high""}","simulation","normal","normal","aligned","keep","[]","[]","false"
"wplab.horology.inspection-metrology","route.metrology.physical-digital-bridge","module.metrology.image-measurement","lesson.metrology.image-measurement","activity.metrology.calibrar-escala","1","Calibrar escala","guided-practice / guided-practice","3-observe-measure-diagnose","core","measurement","[""graduated-hints:3"",""support:guided"",""worked-example"",""graduated-attempts""]","false","false","false","[""evidence.metrology.calibrar-escala:artifact""]","false","false","R","R","{""modalities"":[""K"",""R""],""primaryModality"":""R"",""knowledgeExplanationRequired"":true,""virtualDemonstrationRequired"":false,""physicalExecutionRequired"":false,""measuredOrReviewedResultRequired"":true,""physicalCompetenceClaim"":false,""reviewerRequired"":false,""measurableAcceptanceCriteria"":[],""evidenceArtifacts"":[""evidence.metrology.calibrar-escala""],""classificationMethod"":""explicit-metadata"",""confidence"":""high""}","simulation","normal","normal","aligned","keep","[]","[]","true"
"wplab.horology.inspection-metrology","route.metrology.physical-digital-bridge","module.metrology.image-measurement","lesson.metrology.image-measurement","activity.metrology.medir-distancia","2","Medir distancia","prediction / independent-practice","3-observe-measure-diagnose","core","measurement","[""graduated-hints:3"",""support:faded"",""worked-example"",""graduated-attempts""]","false","false","false","[""evidence.metrology.medir-distancia:artifact""]","false","false","R","R","{""modalities"":[""K"",""R""],""primaryModality"":""R"",""knowledgeExplanationRequired"":true,""virtualDemonstrationRequired"":false,""physicalExecutionRequired"":false,""measuredOrReviewedResultRequired"":true,""physicalCompetenceClaim"":false,""reviewerRequired"":false,""measurableAcceptanceCriteria"":[],""evidenceArtifacts"":[""evidence.metrology.medir-distancia""],""classificationMethod"":""explicit-metadata"",""confidence"":""high""}","simulation","normal","normal","aligned","keep","[]","[]","true"
"wplab.horology.inspection-metrology","route.metrology.physical-digital-bridge","module.metrology.physical-measurement","lesson.metrology.physical-measurement","activity.metrology.medir-diametro","1","Medir diámetro","comparison / guided-practice","3-observe-measure-diagnose","core","measurement","[""graduated-hints:3"",""support:guided"",""worked-example"",""graduated-attempts""]","false","false","false","[""evidence.metrology.medir-diametro:artifact""]","false","false","R","R","{""modalities"":[""K"",""R""],""primaryModality"":""R"",""knowledgeExplanationRequired"":true,""virtualDemonstrationRequired"":false,""physicalExecutionRequired"":false,""measuredOrReviewedResultRequired"":true,""physicalCompetenceClaim"":false,""reviewerRequired"":false,""measurableAcceptanceCriteria"":[],""evidenceArtifacts"":[""evidence.metrology.medir-diametro""],""classificationMethod"":""explicit-metadata"",""confidence"":""high""}","home-bench","caution","caution","aligned","keep","[]","[]","true"
"wplab.horology.inspection-metrology","route.metrology.physical-digital-bridge","module.metrology.physical-measurement","lesson.metrology.physical-measurement","activity.metrology.medir-distancia-entre-centros","2","Medir distancia entre centros","explanation / independent-practice","3-observe-measure-diagnose","core","measurement","[""graduated-hints:3"",""support:faded"",""worked-example"",""graduated-attempts""]","false","false","false","[""evidence.metrology.medir-distancia-entre-centros:artifact""]","false","false","R","R","{""modalities"":[""K"",""R""],""primaryModality"":""R"",""knowledgeExplanationRequired"":true,""virtualDemonstrationRequired"":false,""physicalExecutionRequired"":false,""measuredOrReviewedResultRequired"":true,""physicalCompetenceClaim"":false,""reviewerRequired"":false,""measurableAcceptanceCriteria"":[],""evidenceArtifacts"":[""evidence.metrology.medir-distancia-entre-centros""],""classificationMethod"":""explicit-metadata"",""confidence"":""high""}","home-bench","caution","caution","aligned","keep","[]","[]","true"
"wplab.horology.inspection-metrology","route.metrology.physical-digital-bridge","module.metrology.inspection-findings","lesson.metrology.inspection-findings","activity.metrology.identificar-lectura-atipica","1","Identificar lectura atípica","guided-practice / guided-practice","3-observe-measure-diagnose","core","inspection","[""graduated-hints:3"",""support:guided"",""worked-example"",""graduated-attempts""]","false","false","false","[""evidence.metrology.identificar-lectura-atipica:artifact""]","false","false","R","R","{""modalities"":[""K"",""R""],""primaryModality"":""R"",""knowledgeExplanationRequired"":true,""virtualDemonstrationRequired"":false,""physicalExecutionRequired"":false,""measuredOrReviewedResultRequired"":true,""physicalCompetenceClaim"":false,""reviewerRequired"":false,""measurableAcceptanceCriteria"":[],""evidenceArtifacts"":[""evidence.metrology.identificar-lectura-atipica""],""classificationMethod"":""explicit-metadata"",""confidence"":""high""}","simulation","normal","normal","aligned","keep","[]","[]","false"
"wplab.horology.inspection-metrology","route.metrology.physical-digital-bridge","module.metrology.inspection-findings","lesson.metrology.inspection-findings","activity.metrology.registrar-hallazgo","2","Registrar hallazgo","prediction / independent-practice","3-observe-measure-diagnose","core","inspection","[""graduated-hints:3"",""support:faded"",""worked-example"",""graduated-attempts""]","false","false","false","[""evidence.metrology.registrar-hallazgo:artifact""]","false","false","R","R","{""modalities"":[""K"",""R""],""primaryModality"":""R"",""knowledgeExplanationRequired"":true,""virtualDemonstrationRequired"":false,""physicalExecutionRequired"":false,""measuredOrReviewedResultRequired"":true,""physicalCompetenceClaim"":false,""reviewerRequired"":false,""measurableAcceptanceCriteria"":[],""evidenceArtifacts"":[""evidence.metrology.registrar-hallazgo""],""classificationMethod"":""explicit-metadata"",""confidence"":""high""}","simulation","normal","normal","aligned","keep","[]","[]","true"
"wplab.horology.inspection-metrology","route.metrology.physical-digital-bridge","module.metrology.compare-data","lesson.metrology.compare-data","activity.metrology.comparar-nominal-y-medido","1","Comparar nominal y medido","comparison / guided-practice","3-observe-measure-diagnose","core","measurement","[""graduated-hints:3"",""support:guided"",""worked-example"",""graduated-attempts""]","false","false","false","[""evidence.metrology.comparar-nominal-y-medido:artifact""]","false","false","R","R","{""modalities"":[""K"",""V"",""R""],""primaryModality"":""R"",""knowledgeExplanationRequired"":true,""virtualDemonstrationRequired"":true,""physicalExecutionRequired"":false,""measuredOrReviewedResultRequired"":true,""physicalCompetenceClaim"":false,""reviewerRequired"":false,""measurableAcceptanceCriteria"":[],""evidenceArtifacts"":[""evidence.metrology.comparar-nominal-y-medido""],""classificationMethod"":""explicit-metadata"",""confidence"":""high""}","simulation","normal","normal","aligned","keep","[]","[]","true"
"wplab.horology.inspection-metrology","route.metrology.physical-digital-bridge","module.metrology.compare-data","lesson.metrology.compare-data","activity.metrology.determinar-validez-de-comparacion","2","Determinar validez de comparación","explanation / independent-practice","3-observe-measure-diagnose","core","measurement","[""graduated-hints:3"",""support:faded"",""worked-example"",""graduated-attempts""]","false","false","false","[""evidence.metrology.determinar-validez-de-comparacion:artifact""]","false","false","R","R","{""modalities"":[""K"",""V"",""R""],""primaryModality"":""R"",""knowledgeExplanationRequired"":true,""virtualDemonstrationRequired"":true,""physicalExecutionRequired"":false,""measuredOrReviewedResultRequired"":true,""physicalCompetenceClaim"":false,""reviewerRequired"":false,""measurableAcceptanceCriteria"":[],""evidenceArtifacts"":[""evidence.metrology.determinar-validez-de-comparacion""],""classificationMethod"":""explicit-metadata"",""confidence"":""high""}","simulation","normal","normal","aligned","keep","[]","[]","true"
"wplab.horology.inspection-metrology","route.metrology.physical-digital-bridge","module.metrology.improve-virtual-model","lesson.metrology.improve-virtual-model","activity.metrology.adoptar-un-valor","1","Adoptar un valor","guided-practice / guided-practice","5-build-complete-watch","core","capstone-project","[""graduated-hints:3"",""support:guided"",""worked-example"",""graduated-attempts""]","false","false","false","[""evidence.metrology.adoptar-un-valor:artifact""]","false","false","R","R","{""modalities"":[""K"",""V"",""R""],""primaryModality"":""R"",""knowledgeExplanationRequired"":true,""virtualDemonstrationRequired"":true,""physicalExecutionRequired"":false,""measuredOrReviewedResultRequired"":true,""physicalCompetenceClaim"":false,""reviewerRequired"":false,""measurableAcceptanceCriteria"":[],""evidenceArtifacts"":[""evidence.metrology.adoptar-un-valor""],""classificationMethod"":""explicit-metadata"",""confidence"":""high""}","simulation","normal","normal","aligned","keep","[]","[]","true"
"wplab.horology.inspection-metrology","route.metrology.physical-digital-bridge","module.metrology.improve-virtual-model","lesson.metrology.improve-virtual-model","activity.metrology.crear-propuesta","2","Crear propuesta","prediction / independent-practice","5-build-complete-watch","core","capstone-project","[""graduated-hints:3"",""support:faded"",""worked-example"",""graduated-attempts""]","false","false","false","[""evidence.metrology.crear-propuesta:artifact""]","false","false","R","R","{""modalities"":[""K"",""V"",""R""],""primaryModality"":""R"",""knowledgeExplanationRequired"":true,""virtualDemonstrationRequired"":true,""physicalExecutionRequired"":false,""measuredOrReviewedResultRequired"":true,""physicalCompetenceClaim"":false,""reviewerRequired"":false,""measurableAcceptanceCriteria"":[],""evidenceArtifacts"":[""evidence.metrology.crear-propuesta""],""classificationMethod"":""explicit-metadata"",""confidence"":""high""}","simulation","normal","normal","aligned","keep","[]","[]","true"
"wplab.horology.inspection-metrology","route.metrology.physical-digital-bridge","module.metrology.final-project","lesson.metrology.final-project","activity.metrology.completar-dossier","1","Completar dossier","comparison / independent-practice","5-build-complete-watch","core","capstone-project","[""graduated-hints:3"",""support:faded"",""worked-example"",""graduated-attempts""]","false","false","false","[""evidence.metrology.completar-dossier:artifact""]","false","false","R","R","{""modalities"":[""K"",""V"",""R""],""primaryModality"":""R"",""knowledgeExplanationRequired"":true,""virtualDemonstrationRequired"":true,""physicalExecutionRequired"":false,""measuredOrReviewedResultRequired"":true,""physicalCompetenceClaim"":false,""reviewerRequired"":false,""measurableAcceptanceCriteria"":[],""evidenceArtifacts"":[""evidence.metrology.completar-dossier""],""classificationMethod"":""explicit-metadata"",""confidence"":""high""}","simulation","normal","normal","aligned","keep","[]","[]","true"
"wplab.horology.inspection-metrology","route.metrology.physical-digital-bridge","module.metrology.final-project","lesson.metrology.final-project","activity.metrology.defender-el-proyecto-final","2","Defender el proyecto final","explanation / mastery-check","5-build-complete-watch","core","capstone-project","[""graduated-hints:3"",""support:independent"",""worked-example"",""graduated-attempts""]","true","false","false","[""evidence.metrology.defender-el-proyecto-final:artifact""]","false","false","R","R","{""modalities"":[""K"",""V"",""R""],""primaryModality"":""R"",""knowledgeExplanationRequired"":true,""virtualDemonstrationRequired"":true,""physicalExecutionRequired"":false,""measuredOrReviewedResultRequired"":true,""physicalCompetenceClaim"":false,""reviewerRequired"":false,""measurableAcceptanceCriteria"":[],""evidenceArtifacts"":[""evidence.metrology.defender-el-proyecto-final""],""classificationMethod"":""explicit-metadata"",""confidence"":""high""}","simulation","normal","normal","aligned","keep","[]","[]","true"
"wplab.horology.watchmaking-encyclopedia","route.encyclopedia.quartz-electronics","module.encyclopedia.quartz-electronics.electricidad-y-celulas","lesson.encyclopedia.quartz-electronics.electricidad-y-celulas","activity.encyclopedia.quartz-electronics.electricidad-y-celulas","1","Explicar y transferir: Tensión, corriente, resistencia y células","guided-practice / guided-practice","2-understand-mechanical-systems","specialization","mechanism-explanation","[""support:guided"",""worked-example"",""graduated-attempts""]","false","false","false","[""evidence.encyclopedia.quartz-electronics.electricidad-y-celulas:answer""]","false","false","K","V","{""modalities"":[""K"",""V""],""primaryModality"":""V"",""knowledgeExplanationRequired"":true,""virtualDemonstrationRequired"":true,""physicalExecutionRequired"":false,""measuredOrReviewedResultRequired"":false,""physicalCompetenceClaim"":false,""reviewerRequired"":false,""measurableAcceptanceCriteria"":[],""evidenceArtifacts"":[""evidence.encyclopedia.quartz-electronics.electricidad-y-celulas""],""classificationMethod"":""explicit-metadata"",""confidence"":""high""}","simulation","normal","normal","aligned","keep","[]","[]","false"
"wplab.horology.watchmaking-encyclopedia","route.encyclopedia.quartz-electronics","module.encyclopedia.quartz-electronics.piezoelectricidad-y-resonador","lesson.encyclopedia.quartz-electronics.piezoelectricidad-y-resonador","activity.encyclopedia.quartz-electronics.piezoelectricidad-y-resonador","1","Explicar y transferir: Piezoelectricidad y resonador de cuarzo","guided-practice / guided-practice","2-understand-mechanical-systems","specialization","mechanism-explanation","[""support:guided"",""worked-example"",""graduated-attempts""]","false","false","false","[""evidence.encyclopedia.quartz-electronics.piezoelectricidad-y-resonador:answer""]","false","false","K","V","{""modalities"":[""K"",""V""],""primaryModality"":""V"",""knowledgeExplanationRequired"":true,""virtualDemonstrationRequired"":true,""physicalExecutionRequired"":false,""measuredOrReviewedResultRequired"":false,""physicalCompetenceClaim"":false,""reviewerRequired"":false,""measurableAcceptanceCriteria"":[],""evidenceArtifacts"":[""evidence.encyclopedia.quartz-electronics.piezoelectricidad-y-resonador""],""classificationMethod"":""explicit-metadata"",""confidence"":""high""}","simulation","normal","normal","aligned","keep","[]","[]","false"
"wplab.horology.watchmaking-encyclopedia","route.encyclopedia.quartz-electronics","module.encyclopedia.quartz-electronics.divisor-circuito-y-consumo","lesson.encyclopedia.quartz-electronics.divisor-circuito-y-consumo","activity.encyclopedia.quartz-electronics.divisor-circuito-y-consumo","1","Explicar y transferir: Circuito integrado, divisor, compensación y consumo","guided-practice / guided-practice","2-understand-mechanical-systems","specialization","mechanism-explanation","[""support:guided"",""worked-example"",""graduated-attempts""]","false","false","false","[""evidence.encyclopedia.quartz-electronics.divisor-circuito-y-consumo:answer""]","false","false","K","V","{""modalities"":[""K"",""V""],""primaryModality"":""V"",""knowledgeExplanationRequired"":true,""virtualDemonstrationRequired"":true,""physicalExecutionRequired"":false,""measuredOrReviewedResultRequired"":false,""physicalCompetenceClaim"":false,""reviewerRequired"":false,""measurableAcceptanceCriteria"":[],""evidenceArtifacts"":[""evidence.encyclopedia.quartz-electronics.divisor-circuito-y-consumo""],""classificationMethod"":""explicit-metadata"",""confidence"":""high""}","simulation","normal","normal","aligned","keep","[]","[]","false"
"wplab.horology.watchmaking-encyclopedia","route.encyclopedia.quartz-electronics","module.encyclopedia.quartz-electronics.bobina-estator-y-rotor","lesson.encyclopedia.quartz-electronics.bobina-estator-y-rotor","activity.encyclopedia.quartz-electronics.bobina-estator-y-rotor","1","Explicar y transferir: Bobina, estator, rotor y motor paso a paso","guided-practice / guided-practice","2-understand-mechanical-systems","specialization","mechanism-explanation","[""support:guided"",""worked-example"",""graduated-attempts""]","false","false","false","[""evidence.encyclopedia.quartz-electronics.bobina-estator-y-rotor:answer""]","false","false","K","V","{""modalities"":[""K"",""V""],""primaryModality"":""V"",""knowledgeExplanationRequired"":true,""virtualDemonstrationRequired"":true,""physicalExecutionRequired"":false,""measuredOrReviewedResultRequired"":false,""physicalCompetenceClaim"":false,""reviewerRequired"":false,""measurableAcceptanceCriteria"":[],""evidenceArtifacts"":[""evidence.encyclopedia.quartz-electronics.bobina-estator-y-rotor""],""classificationMethod"":""explicit-metadata"",""confidence"":""high""}","simulation","normal","normal","aligned","keep","[]","[]","false"
"wplab.horology.watchmaking-encyclopedia","route.encyclopedia.quartz-electronics","module.encyclopedia.quartz-electronics.diagnostico-cuarzo","lesson.encyclopedia.quartz-electronics.diagnostico-cuarzo","activity.encyclopedia.quartz-electronics.diagnostico-cuarzo","1","Explicar y transferir: Diagnóstico sistemático de un cuarzo analógico","guided-practice / guided-practice","3-observe-measure-diagnose","specialization","diagnosis-case","[""support:guided"",""worked-example"",""graduated-attempts""]","false","false","false","[""evidence.encyclopedia.quartz-electronics.diagnostico-cuarzo:answer""]","false","false","K","R","{""modalities"":[""K"",""V"",""R""],""primaryModality"":""R"",""knowledgeExplanationRequired"":true,""virtualDemonstrationRequired"":true,""physicalExecutionRequired"":false,""measuredOrReviewedResultRequired"":true,""physicalCompetenceClaim"":false,""reviewerRequired"":true,""measurableAcceptanceCriteria"":[],""evidenceArtifacts"":[""evidence.encyclopedia.quartz-electronics.diagnostico-cuarzo""],""classificationMethod"":""curated-override"",""confidence"":""high""}","simulation","normal","normal","aligned","keep","[]","[]","false"
"wplab.horology.watchmaking-encyclopedia","route.encyclopedia.quartz-electronics","module.encyclopedia.quartz-electronics.cuarzo-avanzado","lesson.encyclopedia.quartz-electronics.cuarzo-avanzado","activity.encyclopedia.quartz-electronics.cuarzo-avanzado","1","Explicar y transferir: Cuarzo de alta precisión, solar, radio y conectividad","guided-practice / guided-practice","2-understand-mechanical-systems","specialization","mechanism-explanation","[""support:guided"",""worked-example"",""graduated-attempts""]","false","false","false","[""evidence.encyclopedia.quartz-electronics.cuarzo-avanzado:answer""]","false","false","K","V","{""modalities"":[""K"",""V""],""primaryModality"":""V"",""knowledgeExplanationRequired"":true,""virtualDemonstrationRequired"":true,""physicalExecutionRequired"":false,""measuredOrReviewedResultRequired"":false,""physicalCompetenceClaim"":false,""reviewerRequired"":false,""measurableAcceptanceCriteria"":[],""evidenceArtifacts"":[""evidence.encyclopedia.quartz-electronics.cuarzo-avanzado""],""classificationMethod"":""explicit-metadata"",""confidence"":""high""}","simulation","normal","normal","aligned","keep","[]","[]","false"
"wplab.horology.watchmaking-encyclopedia","route.encyclopedia.quartz-electronics","module.encyclopedia.quartz-electronics.toh-cuarzo-oscilador-divisor","lesson.encyclopedia.quartz-electronics.toh-cuarzo-oscilador-divisor","activity.encyclopedia.quartz-electronics.toh-cuarzo-oscilador-divisor","1","Explicar y transferir: Oscilador de cuarzo y división de frecuencia","guided-practice / guided-practice","2-understand-mechanical-systems","specialization","mechanism-explanation","[""support:guided"",""worked-example"",""graduated-attempts""]","false","false","false","[""evidence.encyclopedia.quartz-electronics.toh-cuarzo-oscilador-divisor:answer""]","false","false","K","V","{""modalities"":[""K"",""V""],""primaryModality"":""V"",""knowledgeExplanationRequired"":true,""virtualDemonstrationRequired"":true,""physicalExecutionRequired"":false,""measuredOrReviewedResultRequired"":false,""physicalCompetenceClaim"":false,""reviewerRequired"":false,""measurableAcceptanceCriteria"":[],""evidenceArtifacts"":[""evidence.encyclopedia.quartz-electronics.toh-cuarzo-oscilador-divisor""],""classificationMethod"":""explicit-metadata"",""confidence"":""high""}","simulation","normal","normal","aligned","keep","[]","[]","false"
"wplab.horology.watchmaking-encyclopedia","route.encyclopedia.quartz-electronics","module.encyclopedia.quartz-electronics.toh-motor-paso-bipolar","lesson.encyclopedia.quartz-electronics.toh-motor-paso-bipolar","activity.encyclopedia.quartz-electronics.toh-motor-paso-bipolar","1","Explicar y transferir: Bobina, estator y motor paso a paso bipolar","guided-practice / guided-practice","2-understand-mechanical-systems","specialization","mechanism-explanation","[""support:guided"",""worked-example"",""graduated-attempts""]","false","false","false","[""evidence.encyclopedia.quartz-electronics.toh-motor-paso-bipolar:answer""]","false","false","K","V","{""modalities"":[""K"",""V""],""primaryModality"":""V"",""knowledgeExplanationRequired"":true,""virtualDemonstrationRequired"":true,""physicalExecutionRequired"":false,""measuredOrReviewedResultRequired"":false,""physicalCompetenceClaim"":false,""reviewerRequired"":false,""measurableAcceptanceCriteria"":[],""evidenceArtifacts"":[""evidence.encyclopedia.quartz-electronics.toh-motor-paso-bipolar""],""classificationMethod"":""explicit-metadata"",""confidence"":""high""}","simulation","normal","normal","aligned","keep","[]","[]","false"
"wplab.horology.watchmaking-encyclopedia","route.encyclopedia.quartz-electronics","module.encyclopedia.quartz-electronics.toh-cadena-electronica-completa","lesson.encyclopedia.quartz-electronics.toh-cadena-electronica-completa","activity.encyclopedia.quartz-electronics.toh-cadena-electronica-completa","1","Explicar y transferir: Cadena completa del reloj electrónico analógico","explanation / transfer","1-understand-watch-as-system","specialization","system-overview","[""support:independent"",""worked-example"",""graduated-attempts""]","true","true","false","[""evidence.encyclopedia.quartz-electronics.toh-cadena-electronica-completa:answer""]","false","false","K","V","{""modalities"":[""K"",""V""],""primaryModality"":""V"",""knowledgeExplanationRequired"":true,""virtualDemonstrationRequired"":true,""physicalExecutionRequired"":false,""measuredOrReviewedResultRequired"":false,""physicalCompetenceClaim"":false,""reviewerRequired"":false,""measurableAcceptanceCriteria"":[],""evidenceArtifacts"":[""evidence.encyclopedia.quartz-electronics.toh-cadena-electronica-completa""],""classificationMethod"":""explicit-metadata"",""confidence"":""high""}","simulation","normal","normal","aligned","keep","[]","[]","false"
"wplab.horology.quartz-miyota2035","route.quartz2035.isa-to-2035","module.quartz2035.isa-memory","lesson.quartz2035.isa-memory","activity.quartz2035.create-isa-confidence-map","1","Crear mapa de confianza ISA 8172","guided-practice / guided-practice","4-work-on-real-calibre","specialization","visual-anatomy","[""graduated-hints:6"",""support:guided"",""worked-example"",""graduated-attempts""]","false","false","false","[""evidence.quartz2035.provenance:observation""]","false","false","K","V","{""modalities"":[""K"",""V""],""primaryModality"":""V"",""knowledgeExplanationRequired"":true,""virtualDemonstrationRequired"":true,""physicalExecutionRequired"":false,""measuredOrReviewedResultRequired"":false,""physicalCompetenceClaim"":false,""reviewerRequired"":false,""measurableAcceptanceCriteria"":[],""evidenceArtifacts"":[""evidence.quartz2035.provenance""],""classificationMethod"":""explicit-metadata"",""confidence"":""high""}","simulation","normal","normal","partial","keep","[]","[]","false"
"wplab.horology.quartz-miyota2035","route.quartz2035.isa-to-2035","module.quartz2035.isa-memory","lesson.quartz2035.isa-memory","activity.quartz2035.compare-isa-functionally","2","Comparar ISA 8172 y 2035 por función","comparison / worked-example","4-work-on-real-calibre","specialization","visual-anatomy","[""graduated-hints:6"",""support:full"",""worked-example"",""graduated-attempts""]","false","false","false","[""evidence.quartz2035.provenance:observation""]","false","false","K","V","{""modalities"":[""K"",""V""],""primaryModality"":""V"",""knowledgeExplanationRequired"":true,""virtualDemonstrationRequired"":true,""physicalExecutionRequired"":false,""measuredOrReviewedResultRequired"":false,""physicalCompetenceClaim"":false,""reviewerRequired"":false,""measurableAcceptanceCriteria"":[],""evidenceArtifacts"":[""evidence.quartz2035.provenance""],""classificationMethod"":""explicit-metadata"",""confidence"":""high""}","simulation","normal","normal","partial","keep","[]","[]","false"
"wplab.horology.quartz-miyota2035","route.quartz2035.isa-to-2035","module.quartz2035.documentation","lesson.quartz2035.documentation","activity.quartz2035.read-drawing","1","Leer un plano","guided-practice / worked-example","4-work-on-real-calibre","specialization","visual-anatomy","[""graduated-hints:6"",""support:full"",""worked-example"",""graduated-attempts""]","false","false","false","[""evidence.quartz2035.document-reading:observation""]","false","false","K","V","{""modalities"":[""K"",""V""],""primaryModality"":""V"",""knowledgeExplanationRequired"":true,""virtualDemonstrationRequired"":true,""physicalExecutionRequired"":false,""measuredOrReviewedResultRequired"":false,""physicalCompetenceClaim"":false,""reviewerRequired"":false,""measurableAcceptanceCriteria"":[],""evidenceArtifacts"":[""evidence.quartz2035.document-reading""],""classificationMethod"":""explicit-metadata"",""confidence"":""high""}","simulation","normal","normal","partial","keep","[]","[]","false"
"wplab.horology.quartz-miyota2035","route.quartz2035.isa-to-2035","module.quartz2035.documentation","lesson.quartz2035.documentation","activity.quartz2035.associate-reference-part","2","Asociar referencias y piezas","guided-practice / guided-practice","4-work-on-real-calibre","specialization","visual-anatomy","[""graduated-hints:6"",""support:guided"",""worked-example"",""graduated-attempts""]","false","false","false","[""evidence.quartz2035.document-reading:observation""]","false","false","K","V","{""modalities"":[""K"",""V""],""primaryModality"":""V"",""knowledgeExplanationRequired"":true,""virtualDemonstrationRequired"":true,""physicalExecutionRequired"":false,""measuredOrReviewedResultRequired"":false,""physicalCompetenceClaim"":false,""reviewerRequired"":false,""measurableAcceptanceCriteria"":[],""evidenceArtifacts"":[""evidence.quartz2035.document-reading""],""classificationMethod"":""explicit-metadata"",""confidence"":""high""}","simulation","normal","normal","partial","keep","[]","[]","false"
"wplab.horology.quartz-miyota2035","route.quartz2035.isa-to-2035","module.quartz2035.anatomy","lesson.quartz2035.anatomy","activity.quartz2035.classify-subsystems","1","Clasificar subsistemas","guided-practice / guided-practice","4-work-on-real-calibre","specialization","visual-anatomy","[""graduated-hints:6"",""support:guided"",""worked-example"",""graduated-attempts""]","false","false","false","[""evidence.quartz2035.classification:observation""]","false","false","K","V","{""modalities"":[""K"",""V""],""primaryModality"":""V"",""knowledgeExplanationRequired"":true,""virtualDemonstrationRequired"":true,""physicalExecutionRequired"":false,""measuredOrReviewedResultRequired"":false,""physicalCompetenceClaim"":false,""reviewerRequired"":false,""measurableAcceptanceCriteria"":[],""evidenceArtifacts"":[""evidence.quartz2035.classification""],""classificationMethod"":""explicit-metadata"",""confidence"":""high""}","simulation","normal","normal","partial","manual-review","[]","[]","true"
"wplab.horology.quartz-miyota2035","route.quartz2035.isa-to-2035","module.quartz2035.anatomy","lesson.quartz2035.anatomy","activity.quartz2035.follow-functional-chain","2","Seguir la cadena funcional","observation-3d / worked-example","4-work-on-real-calibre","specialization","visual-anatomy","[""graduated-hints:6"",""support:full"",""worked-example"",""graduated-attempts""]","false","false","false","[""evidence.quartz2035.classification:observation""]","false","false","K","V","{""modalities"":[""K"",""V""],""primaryModality"":""V"",""knowledgeExplanationRequired"":true,""virtualDemonstrationRequired"":true,""physicalExecutionRequired"":false,""measuredOrReviewedResultRequired"":false,""physicalCompetenceClaim"":false,""reviewerRequired"":false,""measurableAcceptanceCriteria"":[],""evidenceArtifacts"":[""evidence.quartz2035.classification""],""classificationMethod"":""explicit-metadata"",""confidence"":""high""}","simulation","normal","normal","partial","manual-review","[]","[]","true"
"wplab.horology.quartz-miyota2035","route.quartz2035.isa-to-2035","module.quartz2035.disassembly","lesson.quartz2035.disassembly","activity.quartz2035.order-disassembly-steps","1","Ordenar pasos respaldados","guided-practice / completion-problem","4-work-on-real-calibre","specialization","calibre-service","[""graduated-hints:6"",""support:faded"",""worked-example"",""graduated-attempts""]","false","false","false","[""evidence.quartz2035.sequence:procedure"",""evidence.quartz2035.manipulation:procedure"",""evidence.quartz2035.order:procedure"",""evidence.quartz2035.disassembly:procedure""]","false","false","K","V","{""modalities"":[""K"",""V""],""primaryModality"":""V"",""knowledgeExplanationRequired"":true,""virtualDemonstrationRequired"":true,""physicalExecutionRequired"":false,""measuredOrReviewedResultRequired"":false,""physicalCompetenceClaim"":false,""reviewerRequired"":false,""measurableAcceptanceCriteria"":[],""evidenceArtifacts"":[""evidence.quartz2035.sequence"",""evidence.quartz2035.manipulation"",""evidence.quartz2035.order"",""evidence.quartz2035.disassembly""],""classificationMethod"":""explicit-metadata"",""confidence"":""high""}","simulation","normal","normal","partial","manual-review","[]","[]","true"
"wplab.horology.quartz-miyota2035","route.quartz2035.isa-to-2035","module.quartz2035.disassembly","lesson.quartz2035.disassembly","activity.quartz2035.disassemble-to-tray","2","Elegir pieza, retirar y colocar en bandeja","guided-practice / guided-practice","4-work-on-real-calibre","specialization","calibre-service","[""graduated-hints:6"",""support:guided"",""worked-example"",""graduated-attempts""]","false","false","false","[""evidence.quartz2035.sequence:procedure"",""evidence.quartz2035.manipulation:procedure"",""evidence.quartz2035.order:procedure"",""evidence.quartz2035.disassembly:procedure""]","false","false","K","V","{""modalities"":[""K"",""V""],""primaryModality"":""V"",""knowledgeExplanationRequired"":true,""virtualDemonstrationRequired"":true,""physicalExecutionRequired"":false,""measuredOrReviewedResultRequired"":false,""physicalCompetenceClaim"":false,""reviewerRequired"":false,""measurableAcceptanceCriteria"":[],""evidenceArtifacts"":[""evidence.quartz2035.sequence"",""evidence.quartz2035.manipulation"",""evidence.quartz2035.order"",""evidence.quartz2035.disassembly""],""classificationMethod"":""curated-override"",""confidence"":""high""}","simulation","normal","normal","partial","manual-review","[]","[]","true"
"wplab.horology.quartz-miyota2035","route.quartz2035.isa-to-2035","module.quartz2035.assembly","lesson.quartz2035.assembly","activity.quartz2035.assemble-guided","1","Montar en modo guiado","guided-practice / guided-practice","4-work-on-real-calibre","specialization","calibre-service","[""graduated-hints:6"",""support:guided"",""worked-example"",""graduated-attempts""]","false","false","false","[""evidence.quartz2035.assembly:procedure""]","false","false","K","V","{""modalities"":[""K"",""V""],""primaryModality"":""V"",""knowledgeExplanationRequired"":true,""virtualDemonstrationRequired"":true,""physicalExecutionRequired"":false,""measuredOrReviewedResultRequired"":false,""physicalCompetenceClaim"":false,""reviewerRequired"":false,""measurableAcceptanceCriteria"":[],""evidenceArtifacts"":[""evidence.quartz2035.assembly""],""classificationMethod"":""explicit-metadata"",""confidence"":""high""}","simulation","normal","normal","partial","manual-review","[]","[]","true"
"wplab.horology.quartz-miyota2035","route.quartz2035.isa-to-2035","module.quartz2035.assembly","lesson.quartz2035.assembly","activity.quartz2035.assemble-assisted-free","2","Montar en modo asistido y libre","guided-practice / completion-problem","4-work-on-real-calibre","specialization","calibre-service","[""graduated-hints:6"",""support:faded"",""worked-example"",""graduated-attempts""]","false","false","false","[""evidence.quartz2035.assembly:procedure""]","false","false","K","V","{""modalities"":[""K"",""V""],""primaryModality"":""V"",""knowledgeExplanationRequired"":true,""virtualDemonstrationRequired"":true,""physicalExecutionRequired"":false,""measuredOrReviewedResultRequired"":false,""physicalCompetenceClaim"":false,""reviewerRequired"":false,""measurableAcceptanceCriteria"":[],""evidenceArtifacts"":[""evidence.quartz2035.assembly""],""classificationMethod"":""explicit-metadata"",""confidence"":""high""}","simulation","normal","normal","partial","manual-review","[]","[]","true"
"wplab.horology.quartz-miyota2035","route.quartz2035.isa-to-2035","module.quartz2035.diagnosis","lesson.quartz2035.diagnosis","activity.quartz2035.identify-error-hypothesis","1","Identificar un error y proponer hipótesis","prediction / diagnostic","4-work-on-real-calibre","specialization","diagnosis-case","[""graduated-hints:6"",""support:guided"",""worked-example"",""graduated-attempts""]","false","false","false","[""evidence.quartz2035.diagnosis:observation"",""evidence.quartz2035.explanation:human-review""]","false","false","R","R","{""modalities"":[""K"",""V"",""R""],""primaryModality"":""R"",""knowledgeExplanationRequired"":true,""virtualDemonstrationRequired"":true,""physicalExecutionRequired"":false,""measuredOrReviewedResultRequired"":true,""physicalCompetenceClaim"":false,""reviewerRequired"":true,""measurableAcceptanceCriteria"":[],""evidenceArtifacts"":[""evidence.quartz2035.diagnosis"",""evidence.quartz2035.explanation""],""classificationMethod"":""explicit-metadata"",""confidence"":""high""}","simulation","normal","normal","partial","keep","[]","[]","false"
"wplab.horology.quartz-miyota2035","route.quartz2035.isa-to-2035","module.quartz2035.diagnosis","lesson.quartz2035.diagnosis","activity.quartz2035.choose-check","2","Elegir una comprobación","guided-practice / diagnostic","4-work-on-real-calibre","specialization","diagnosis-case","[""graduated-hints:6"",""support:guided"",""worked-example"",""graduated-attempts""]","false","false","false","[""evidence.quartz2035.diagnosis:observation"",""evidence.quartz2035.explanation:human-review""]","false","false","R","R","{""modalities"":[""K"",""V"",""R""],""primaryModality"":""R"",""knowledgeExplanationRequired"":true,""virtualDemonstrationRequired"":true,""physicalExecutionRequired"":false,""measuredOrReviewedResultRequired"":true,""physicalCompetenceClaim"":false,""reviewerRequired"":true,""measurableAcceptanceCriteria"":[],""evidenceArtifacts"":[""evidence.quartz2035.diagnosis"",""evidence.quartz2035.explanation""],""classificationMethod"":""explicit-metadata"",""confidence"":""high""}","simulation","normal","normal","partial","keep","[]","[]","false"
"wplab.horology.quartz-miyota2035","route.quartz2035.isa-to-2035","module.quartz2035.final-project","lesson.quartz2035.final-project","activity.quartz2035.complete-final-project","1","Completar proyecto final","explanation / mastery-check","4-work-on-real-calibre","specialization","calibre-service","[""graduated-hints:6"",""support:independent"",""worked-example"",""graduated-attempts""]","true","false","false","[""evidence.quartz2035.final-project:human-review""]","false","false","R","R","{""modalities"":[""K"",""V"",""R""],""primaryModality"":""R"",""knowledgeExplanationRequired"":true,""virtualDemonstrationRequired"":true,""physicalExecutionRequired"":false,""measuredOrReviewedResultRequired"":true,""physicalCompetenceClaim"":false,""reviewerRequired"":true,""measurableAcceptanceCriteria"":[],""evidenceArtifacts"":[""evidence.quartz2035.final-project""],""classificationMethod"":""explicit-metadata"",""confidence"":""high""}","simulation","normal","normal","partial","keep","[]","[]","false"
"wplab.horology.quartz-miyota2035","route.quartz2035.isa-to-2035","module.quartz2035.final-project","lesson.quartz2035.final-project","activity.quartz2035.review-final-dossier","2","Revisar trazabilidad del dossier","guided-practice / transfer","4-work-on-real-calibre","specialization","calibre-service","[""graduated-hints:6"",""support:independent"",""worked-example"",""graduated-attempts""]","true","true","false","[""evidence.quartz2035.final-project:human-review""]","false","false","R","R","{""modalities"":[""K"",""V"",""R""],""primaryModality"":""R"",""knowledgeExplanationRequired"":true,""virtualDemonstrationRequired"":true,""physicalExecutionRequired"":false,""measuredOrReviewedResultRequired"":true,""physicalCompetenceClaim"":false,""reviewerRequired"":true,""measurableAcceptanceCriteria"":[],""evidenceArtifacts"":[""evidence.quartz2035.final-project""],""classificationMethod"":""explicit-metadata"",""confidence"":""high""}","simulation","normal","normal","partial","keep","[]","[]","false"
"wplab.horology.watchmaking-encyclopedia","route.encyclopedia.mechanical-energy-trains","module.encyclopedia.mechanical-energy-trains.muelle-real-y-barrilete","lesson.encyclopedia.mechanical-energy-trains.muelle-real-y-barrilete","activity.encyclopedia.mechanical-energy-trains.muelle-real-y-barrilete","1","Explicar y transferir: Muelle real, barrilete y curva de par","observation-3d / guided-practice","2-understand-mechanical-systems","core","mechanism-explanation","[""support:guided"",""worked-example"",""graduated-attempts""]","false","false","false","[""evidence.encyclopedia.mechanical-energy-trains.muelle-real-y-barrilete:answer""]","false","false","K","V","{""modalities"":[""K"",""V""],""primaryModality"":""V"",""knowledgeExplanationRequired"":true,""virtualDemonstrationRequired"":true,""physicalExecutionRequired"":false,""measuredOrReviewedResultRequired"":false,""physicalCompetenceClaim"":false,""reviewerRequired"":false,""measurableAcceptanceCriteria"":[],""evidenceArtifacts"":[""evidence.encyclopedia.mechanical-energy-trains.muelle-real-y-barrilete""],""classificationMethod"":""explicit-metadata"",""confidence"":""high""}","simulation","normal","normal","aligned","keep","[]","[]","false"
"wplab.horology.watchmaking-encyclopedia","route.encyclopedia.mechanical-energy-trains","module.encyclopedia.mechanical-energy-trains.cuerda-clic-y-automatico","lesson.encyclopedia.mechanical-energy-trains.cuerda-clic-y-automatico","activity.encyclopedia.mechanical-energy-trains.cuerda-clic-y-automatico","1","Explicar y transferir: Cuerda manual, rochete, rueda de corona y sistema automático","guided-practice / guided-practice","2-understand-mechanical-systems","core","mechanism-explanation","[""support:guided"",""worked-example"",""graduated-attempts""]","false","false","false","[""evidence.encyclopedia.mechanical-energy-trains.cuerda-clic-y-automatico:answer""]","false","false","K","V","{""modalities"":[""K"",""V""],""primaryModality"":""V"",""knowledgeExplanationRequired"":true,""virtualDemonstrationRequired"":true,""physicalExecutionRequired"":false,""measuredOrReviewedResultRequired"":false,""physicalCompetenceClaim"":false,""reviewerRequired"":false,""measurableAcceptanceCriteria"":[],""evidenceArtifacts"":[""evidence.encyclopedia.mechanical-energy-trains.cuerda-clic-y-automatico""],""classificationMethod"":""explicit-metadata"",""confidence"":""high""}","simulation","normal","normal","aligned","keep","[]","[]","false"
"wplab.horology.watchmaking-encyclopedia","route.encyclopedia.mechanical-energy-trains","module.encyclopedia.mechanical-energy-trains.dentado-y-engranes","lesson.encyclopedia.mechanical-energy-trains.dentado-y-engranes","activity.encyclopedia.mechanical-energy-trains.dentado-y-engranes","1","Explicar y transferir: Dentado relojero y condiciones de engrane","observation-3d / guided-practice","2-understand-mechanical-systems","core","mechanism-explanation","[""support:guided"",""worked-example"",""graduated-attempts""]","false","false","false","[""evidence.encyclopedia.mechanical-energy-trains.dentado-y-engranes:answer""]","false","false","K","V","{""modalities"":[""K"",""V""],""primaryModality"":""V"",""knowledgeExplanationRequired"":true,""virtualDemonstrationRequired"":true,""physicalExecutionRequired"":false,""measuredOrReviewedResultRequired"":false,""physicalCompetenceClaim"":false,""reviewerRequired"":false,""measurableAcceptanceCriteria"":[],""evidenceArtifacts"":[""evidence.encyclopedia.mechanical-energy-trains.dentado-y-engranes""],""classificationMethod"":""explicit-metadata"",""confidence"":""high""}","simulation","normal","normal","aligned","keep","[]","[]","false"
"wplab.horology.watchmaking-encyclopedia","route.encyclopedia.mechanical-energy-trains","module.encyclopedia.mechanical-energy-trains.relaciones-y-arquitectura-del-tren","lesson.encyclopedia.mechanical-energy-trains.relaciones-y-arquitectura-del-tren","activity.encyclopedia.mechanical-energy-trains.relaciones-y-arquitectura-del-tren","1","Explicar y transferir: Relaciones, velocidades y arquitectura del tren","observation-3d / guided-practice","2-understand-mechanical-systems","core","mechanism-explanation","[""support:guided"",""worked-example"",""graduated-attempts""]","false","false","false","[""evidence.encyclopedia.mechanical-energy-trains.relaciones-y-arquitectura-del-tren:answer""]","false","false","K","V","{""modalities"":[""K"",""V""],""primaryModality"":""V"",""knowledgeExplanationRequired"":true,""virtualDemonstrationRequired"":true,""physicalExecutionRequired"":false,""measuredOrReviewedResultRequired"":false,""physicalCompetenceClaim"":false,""reviewerRequired"":false,""measurableAcceptanceCriteria"":[],""evidenceArtifacts"":[""evidence.encyclopedia.mechanical-energy-trains.relaciones-y-arquitectura-del-tren""],""classificationMethod"":""explicit-metadata"",""confidence"":""high""}","simulation","normal","normal","aligned","keep","[]","[]","false"
"wplab.horology.watchmaking-encyclopedia","route.encyclopedia.mechanical-energy-trains","module.encyclopedia.mechanical-energy-trains.pivotes-rubies-y-puentes","lesson.encyclopedia.mechanical-energy-trains.pivotes-rubies-y-puentes","activity.encyclopedia.mechanical-energy-trains.pivotes-rubies-y-puentes","1","Explicar y transferir: Pivotes, rubíes, juegos, platina y puentes","guided-practice / guided-practice","2-understand-mechanical-systems","core","mechanism-explanation","[""support:guided"",""worked-example"",""graduated-attempts""]","false","false","false","[""evidence.encyclopedia.mechanical-energy-trains.pivotes-rubies-y-puentes:answer""]","false","false","K","V","{""modalities"":[""K"",""V""],""primaryModality"":""V"",""knowledgeExplanationRequired"":true,""virtualDemonstrationRequired"":true,""physicalExecutionRequired"":false,""measuredOrReviewedResultRequired"":false,""physicalCompetenceClaim"":false,""reviewerRequired"":false,""measurableAcceptanceCriteria"":[],""evidenceArtifacts"":[""evidence.encyclopedia.mechanical-energy-trains.pivotes-rubies-y-puentes""],""classificationMethod"":""explicit-metadata"",""confidence"":""high""}","simulation","normal","normal","aligned","keep","[]","[]","false"
"wplab.horology.watchmaking-encyclopedia","route.encyclopedia.mechanical-energy-trains","module.encyclopedia.mechanical-energy-trains.minuteria-y-puesta-en-hora","lesson.encyclopedia.mechanical-energy-trains.minuteria-y-puesta-en-hora","activity.encyclopedia.mechanical-energy-trains.minuteria-y-puesta-en-hora","1","Explicar y transferir: Minutería, cañón de minutos y puesta en hora","guided-practice / guided-practice","2-understand-mechanical-systems","core","mechanism-explanation","[""support:guided"",""worked-example"",""graduated-attempts""]","false","false","false","[""evidence.encyclopedia.mechanical-energy-trains.minuteria-y-puesta-en-hora:answer""]","false","false","K","V","{""modalities"":[""K"",""V""],""primaryModality"":""V"",""knowledgeExplanationRequired"":true,""virtualDemonstrationRequired"":true,""physicalExecutionRequired"":false,""measuredOrReviewedResultRequired"":false,""physicalCompetenceClaim"":false,""reviewerRequired"":false,""measurableAcceptanceCriteria"":[],""evidenceArtifacts"":[""evidence.encyclopedia.mechanical-energy-trains.minuteria-y-puesta-en-hora""],""classificationMethod"":""explicit-metadata"",""confidence"":""high""}","simulation","normal","normal","aligned","keep","[]","[]","false"
"wplab.horology.watchmaking-encyclopedia","route.encyclopedia.mechanical-energy-trains","module.encyclopedia.mechanical-energy-trains.toh-movimiento-simple","lesson.encyclopedia.mechanical-energy-trains.toh-movimiento-simple","activity.encyclopedia.mechanical-energy-trains.toh-movimiento-simple","1","Explicar y transferir: Movimiento mecánico simple como sistema cerrado","observation-3d / guided-practice","1-understand-watch-as-system","core","system-overview","[""support:guided"",""worked-example"",""graduated-attempts""]","false","false","false","[""evidence.encyclopedia.mechanical-energy-trains.toh-movimiento-simple:answer""]","false","false","K","V","{""modalities"":[""K"",""V""],""primaryModality"":""V"",""knowledgeExplanationRequired"":true,""virtualDemonstrationRequired"":true,""physicalExecutionRequired"":false,""measuredOrReviewedResultRequired"":false,""physicalCompetenceClaim"":false,""reviewerRequired"":false,""measurableAcceptanceCriteria"":[],""evidenceArtifacts"":[""evidence.encyclopedia.mechanical-energy-trains.toh-movimiento-simple""],""classificationMethod"":""curated-override"",""confidence"":""high""}","simulation","normal","normal","aligned","keep","[]","[]","false"
"wplab.horology.watchmaking-encyclopedia","route.encyclopedia.mechanical-energy-trains","module.encyclopedia.mechanical-energy-trains.toh-muelle-par","lesson.encyclopedia.mechanical-energy-trains.toh-muelle-par","activity.encyclopedia.mechanical-energy-trains.toh-muelle-par","1","Explicar y transferir: Muelle real: energía, par y curva de entrega","observation-3d / guided-practice","2-understand-mechanical-systems","core","mechanism-explanation","[""support:guided"",""worked-example"",""graduated-attempts""]","false","false","false","[""evidence.encyclopedia.mechanical-energy-trains.toh-muelle-par:answer""]","false","false","K","V","{""modalities"":[""K"",""V""],""primaryModality"":""V"",""knowledgeExplanationRequired"":true,""virtualDemonstrationRequired"":true,""physicalExecutionRequired"":false,""measuredOrReviewedResultRequired"":false,""physicalCompetenceClaim"":false,""reviewerRequired"":false,""measurableAcceptanceCriteria"":[],""evidenceArtifacts"":[""evidence.encyclopedia.mechanical-energy-trains.toh-muelle-par""],""classificationMethod"":""explicit-metadata"",""confidence"":""high""}","simulation","normal","normal","aligned","keep","[]","[]","false"
"wplab.horology.watchmaking-encyclopedia","route.encyclopedia.mechanical-energy-trains","module.encyclopedia.mechanical-energy-trains.toh-barrilete-arquitecturas","lesson.encyclopedia.mechanical-energy-trains.toh-barrilete-arquitecturas","activity.encyclopedia.mechanical-energy-trains.toh-barrilete-arquitecturas","1","Explicar y transferir: Barrilete, árbol, tambor y apoyos","observation-3d / guided-practice","2-understand-mechanical-systems","core","mechanism-explanation","[""support:guided"",""worked-example"",""graduated-attempts""]","false","false","false","[""evidence.encyclopedia.mechanical-energy-trains.toh-barrilete-arquitecturas:answer""]","false","false","K","V","{""modalities"":[""K"",""V""],""primaryModality"":""V"",""knowledgeExplanationRequired"":true,""virtualDemonstrationRequired"":true,""physicalExecutionRequired"":false,""measuredOrReviewedResultRequired"":false,""physicalCompetenceClaim"":false,""reviewerRequired"":false,""measurableAcceptanceCriteria"":[],""evidenceArtifacts"":[""evidence.encyclopedia.mechanical-energy-trains.toh-barrilete-arquitecturas""],""classificationMethod"":""explicit-metadata"",""confidence"":""high""}","simulation","normal","normal","aligned","keep","[]","[]","false"
"wplab.horology.watchmaking-encyclopedia","route.encyclopedia.mechanical-energy-trains","module.encyclopedia.mechanical-energy-trains.toh-engranaje-geometria","lesson.encyclopedia.mechanical-energy-trains.toh-engranaje-geometria","activity.encyclopedia.mechanical-energy-trains.toh-engranaje-geometria","1","Explicar y transferir: Geometría del engrane relojero","observation-3d / guided-practice","2-understand-mechanical-systems","core","mechanism-explanation","[""support:guided"",""worked-example"",""graduated-attempts""]","false","false","false","[""evidence.encyclopedia.mechanical-energy-trains.toh-engranaje-geometria:answer""]","false","false","K","V","{""modalities"":[""K"",""V""],""primaryModality"":""V"",""knowledgeExplanationRequired"":true,""virtualDemonstrationRequired"":true,""physicalExecutionRequired"":false,""measuredOrReviewedResultRequired"":false,""physicalCompetenceClaim"":false,""reviewerRequired"":false,""measurableAcceptanceCriteria"":[],""evidenceArtifacts"":[""evidence.encyclopedia.mechanical-energy-trains.toh-engranaje-geometria""],""classificationMethod"":""explicit-metadata"",""confidence"":""high""}","simulation","normal","normal","aligned","keep","[]","[]","false"
"wplab.horology.watchmaking-encyclopedia","route.encyclopedia.mechanical-energy-trains","module.encyclopedia.mechanical-energy-trains.toh-relaciones-tren","lesson.encyclopedia.mechanical-energy-trains.toh-relaciones-tren","activity.encyclopedia.mechanical-energy-trains.toh-relaciones-tren","1","Explicar y transferir: Relaciones del tren y sentido de giro","observation-3d / guided-practice","2-understand-mechanical-systems","core","mechanism-explanation","[""support:guided"",""worked-example"",""graduated-attempts""]","false","false","false","[""evidence.encyclopedia.mechanical-energy-trains.toh-relaciones-tren:answer""]","false","false","K","V","{""modalities"":[""K"",""V""],""primaryModality"":""V"",""knowledgeExplanationRequired"":true,""virtualDemonstrationRequired"":true,""physicalExecutionRequired"":false,""measuredOrReviewedResultRequired"":false,""physicalCompetenceClaim"":false,""reviewerRequired"":false,""measurableAcceptanceCriteria"":[],""evidenceArtifacts"":[""evidence.encyclopedia.mechanical-energy-trains.toh-relaciones-tren""],""classificationMethod"":""explicit-metadata"",""confidence"":""high""}","simulation","normal","normal","aligned","keep","[]","[]","false"
"wplab.horology.watchmaking-encyclopedia","route.encyclopedia.mechanical-energy-trains","module.encyclopedia.mechanical-energy-trains.toh-potencia-tren","lesson.encyclopedia.mechanical-energy-trains.toh-potencia-tren","activity.encyclopedia.mechanical-energy-trains.toh-potencia-tren","1","Explicar y transferir: Par, velocidad, potencia y pérdidas en el tren","observation-3d / guided-practice","2-understand-mechanical-systems","core","mechanism-explanation","[""support:guided"",""worked-example"",""graduated-attempts""]","false","false","false","[""evidence.encyclopedia.mechanical-energy-trains.toh-potencia-tren:answer""]","false","false","K","V","{""modalities"":[""K"",""V""],""primaryModality"":""V"",""knowledgeExplanationRequired"":true,""virtualDemonstrationRequired"":true,""physicalExecutionRequired"":false,""measuredOrReviewedResultRequired"":false,""physicalCompetenceClaim"":false,""reviewerRequired"":false,""measurableAcceptanceCriteria"":[],""evidenceArtifacts"":[""evidence.encyclopedia.mechanical-energy-trains.toh-potencia-tren""],""classificationMethod"":""explicit-metadata"",""confidence"":""high""}","simulation","normal","normal","aligned","keep","[]","[]","false"
"wplab.horology.watchmaking-encyclopedia","route.encyclopedia.mechanical-energy-trains","module.encyclopedia.mechanical-energy-trains.toh-minuteria-friccion","lesson.encyclopedia.mechanical-energy-trains.toh-minuteria-friccion","activity.encyclopedia.mechanical-energy-trains.toh-minuteria-friccion","1","Explicar y transferir: Acoplamiento de minutería y ajuste manual","observation-3d / guided-practice","2-understand-mechanical-systems","core","mechanism-explanation","[""support:guided"",""worked-example"",""graduated-attempts""]","false","false","false","[""evidence.encyclopedia.mechanical-energy-trains.toh-minuteria-friccion:answer""]","false","false","K","V","{""modalities"":[""K"",""V""],""primaryModality"":""V"",""knowledgeExplanationRequired"":true,""virtualDemonstrationRequired"":true,""physicalExecutionRequired"":false,""measuredOrReviewedResultRequired"":false,""physicalCompetenceClaim"":false,""reviewerRequired"":false,""measurableAcceptanceCriteria"":[],""evidenceArtifacts"":[""evidence.encyclopedia.mechanical-energy-trains.toh-minuteria-friccion""],""classificationMethod"":""explicit-metadata"",""confidence"":""high""}","simulation","normal","normal","aligned","keep","[]","[]","false"
"wplab.horology.watchmaking-encyclopedia","route.encyclopedia.mechanical-energy-trains","module.encyclopedia.mechanical-energy-trains.chicago-muelles-seleccion","lesson.encyclopedia.mechanical-energy-trains.chicago-muelles-seleccion","activity.encyclopedia.mechanical-energy-trains.chicago-muelles-seleccion","1","Explicar y transferir: Expediente Chicago III: selección de muelle real","guided-practice / guided-practice","1-understand-watch-as-system","historical-case","mechanism-explanation","[""support:guided"",""worked-example"",""graduated-attempts""]","false","false","false","[""evidence.encyclopedia.mechanical-energy-trains.chicago-muelles-seleccion:answer""]","false","false","K","V","{""modalities"":[""K"",""V""],""primaryModality"":""V"",""knowledgeExplanationRequired"":true,""virtualDemonstrationRequired"":true,""physicalExecutionRequired"":false,""measuredOrReviewedResultRequired"":false,""physicalCompetenceClaim"":false,""reviewerRequired"":false,""measurableAcceptanceCriteria"":[],""evidenceArtifacts"":[""evidence.encyclopedia.mechanical-energy-trains.chicago-muelles-seleccion""],""classificationMethod"":""explicit-metadata"",""confidence"":""high""}","simulation","normal","normal","aligned","keep","[]","[]","false"
"wplab.horology.watchmaking-encyclopedia","route.encyclopedia.mechanical-energy-trains","module.encyclopedia.mechanical-energy-trains.chicago-barriletes-especiales","lesson.encyclopedia.mechanical-energy-trains.chicago-barriletes-especiales","activity.encyclopedia.mechanical-energy-trains.chicago-barriletes-especiales","1","Explicar y transferir: Expediente Chicago IV: barriletes motor, enjoyados y stopwork","explanation / transfer","1-understand-watch-as-system","historical-case","mechanism-explanation","[""support:independent"",""worked-example"",""graduated-attempts""]","true","true","false","[""evidence.encyclopedia.mechanical-energy-trains.chicago-barriletes-especiales:answer""]","false","false","K","V","{""modalities"":[""K"",""V""],""primaryModality"":""V"",""knowledgeExplanationRequired"":true,""virtualDemonstrationRequired"":true,""physicalExecutionRequired"":false,""measuredOrReviewedResultRequired"":false,""physicalCompetenceClaim"":false,""reviewerRequired"":false,""measurableAcceptanceCriteria"":[],""evidenceArtifacts"":[""evidence.encyclopedia.mechanical-energy-trains.chicago-barriletes-especiales""],""classificationMethod"":""explicit-metadata"",""confidence"":""high""}","simulation","normal","normal","aligned","keep","[]","[]","false"
"wplab.horology.watchmaking-encyclopedia","route.encyclopedia.escapements-chronometry","module.encyclopedia.escapements-chronometry.ciclo-del-ancora-suiza","lesson.encyclopedia.escapements-chronometry.ciclo-del-ancora-suiza","activity.encyclopedia.escapements-chronometry.ciclo-del-ancora-suiza","1","Explicar y transferir: Ciclo completo del escape de áncora suiza","observation-3d / guided-practice","2-understand-mechanical-systems","core","mechanism-explanation","[""support:guided"",""worked-example"",""graduated-attempts""]","false","false","false","[""evidence.encyclopedia.escapements-chronometry.ciclo-del-ancora-suiza:answer""]","false","false","K","V","{""modalities"":[""K"",""V""],""primaryModality"":""V"",""knowledgeExplanationRequired"":true,""virtualDemonstrationRequired"":true,""physicalExecutionRequired"":false,""measuredOrReviewedResultRequired"":false,""physicalCompetenceClaim"":false,""reviewerRequired"":false,""measurableAcceptanceCriteria"":[],""evidenceArtifacts"":[""evidence.encyclopedia.escapements-chronometry.ciclo-del-ancora-suiza""],""classificationMethod"":""explicit-metadata"",""confidence"":""high""}","simulation","normal","normal","aligned","keep","[]","[]","false"
"wplab.horology.watchmaking-encyclopedia","route.encyclopedia.escapements-chronometry","module.encyclopedia.escapements-chronometry.geometria-del-escape","lesson.encyclopedia.escapements-chronometry.geometria-del-escape","activity.encyclopedia.escapements-chronometry.geometria-del-escape","1","Explicar y transferir: Bloqueo, draw, caída, impulso y seguridad","observation-3d / guided-practice","2-understand-mechanical-systems","core","mechanism-explanation","[""support:guided"",""worked-example"",""graduated-attempts""]","false","false","false","[""evidence.encyclopedia.escapements-chronometry.geometria-del-escape:answer""]","false","false","K","V","{""modalities"":[""K"",""V""],""primaryModality"":""V"",""knowledgeExplanationRequired"":true,""virtualDemonstrationRequired"":true,""physicalExecutionRequired"":false,""measuredOrReviewedResultRequired"":false,""physicalCompetenceClaim"":false,""reviewerRequired"":false,""measurableAcceptanceCriteria"":[],""evidenceArtifacts"":[""evidence.encyclopedia.escapements-chronometry.geometria-del-escape""],""classificationMethod"":""explicit-metadata"",""confidence"":""high""}","simulation","normal","normal","aligned","keep","[]","[]","false"
"wplab.horology.watchmaking-encyclopedia","route.encyclopedia.escapements-chronometry","module.encyclopedia.escapements-chronometry.volante-y-espiral","lesson.encyclopedia.escapements-chronometry.volante-y-espiral","activity.encyclopedia.escapements-chronometry.volante-y-espiral","1","Explicar y transferir: Volante, espiral, pitón, raqueta y frecuencia","observation-3d / guided-practice","2-understand-mechanical-systems","core","mechanism-explanation","[""support:guided"",""worked-example"",""graduated-attempts""]","false","false","false","[""evidence.encyclopedia.escapements-chronometry.volante-y-espiral:answer""]","false","false","K","V","{""modalities"":[""K"",""V""],""primaryModality"":""V"",""knowledgeExplanationRequired"":true,""virtualDemonstrationRequired"":true,""physicalExecutionRequired"":false,""measuredOrReviewedResultRequired"":false,""physicalCompetenceClaim"":false,""reviewerRequired"":false,""measurableAcceptanceCriteria"":[],""evidenceArtifacts"":[""evidence.encyclopedia.escapements-chronometry.volante-y-espiral""],""classificationMethod"":""explicit-metadata"",""confidence"":""high""}","simulation","normal","normal","aligned","keep","[]","[]","false"
"wplab.horology.watchmaking-encyclopedia","route.encyclopedia.escapements-chronometry","module.encyclopedia.escapements-chronometry.isocronismo-y-curvas-terminales","lesson.encyclopedia.escapements-chronometry.isocronismo-y-curvas-terminales","activity.encyclopedia.escapements-chronometry.isocronismo-y-curvas-terminales","1","Explicar y transferir: Isocronismo, punto de sujeción y curvas terminales","guided-practice / guided-practice","2-understand-mechanical-systems","core","mechanism-explanation","[""support:guided"",""worked-example"",""graduated-attempts""]","false","false","false","[""evidence.encyclopedia.escapements-chronometry.isocronismo-y-curvas-terminales:answer""]","false","false","K","V","{""modalities"":[""K"",""V""],""primaryModality"":""V"",""knowledgeExplanationRequired"":true,""virtualDemonstrationRequired"":true,""physicalExecutionRequired"":false,""measuredOrReviewedResultRequired"":false,""physicalCompetenceClaim"":false,""reviewerRequired"":false,""measurableAcceptanceCriteria"":[],""evidenceArtifacts"":[""evidence.encyclopedia.escapements-chronometry.isocronismo-y-curvas-terminales""],""classificationMethod"":""explicit-metadata"",""confidence"":""high""}","simulation","normal","normal","aligned","keep","[]","[]","false"
"wplab.horology.watchmaking-encyclopedia","route.encyclopedia.escapements-chronometry","module.encyclopedia.escapements-chronometry.poising-beat-y-posiciones","lesson.encyclopedia.escapements-chronometry.poising-beat-y-posiciones","activity.encyclopedia.escapements-chronometry.poising-beat-y-posiciones","1","Explicar y transferir: Poising, beat error y posiciones","guided-practice / guided-practice","2-understand-mechanical-systems","core","mechanism-explanation","[""support:guided"",""worked-example"",""graduated-attempts""]","false","false","false","[""evidence.encyclopedia.escapements-chronometry.poising-beat-y-posiciones:answer""]","false","false","K","V","{""modalities"":[""K"",""V""],""primaryModality"":""V"",""knowledgeExplanationRequired"":true,""virtualDemonstrationRequired"":true,""physicalExecutionRequired"":false,""measuredOrReviewedResultRequired"":false,""physicalCompetenceClaim"":false,""reviewerRequired"":false,""measurableAcceptanceCriteria"":[],""evidenceArtifacts"":[""evidence.encyclopedia.escapements-chronometry.poising-beat-y-posiciones""],""classificationMethod"":""explicit-metadata"",""confidence"":""high""}","simulation","normal","normal","aligned","manual-review","[]","[]","true"
"wplab.horology.watchmaking-encyclopedia","route.encyclopedia.escapements-chronometry","module.encyclopedia.escapements-chronometry.cronocomparador-y-prueba","lesson.encyclopedia.escapements-chronometry.cronocomparador-y-prueba","activity.encyclopedia.escapements-chronometry.cronocomparador-y-prueba","1","Explicar y transferir: Cronocomparador, reserva y validación cronométrica","guided-practice / guided-practice","3-observe-measure-diagnose","core","measurement","[""support:guided"",""worked-example"",""graduated-attempts""]","false","false","false","[""evidence.encyclopedia.escapements-chronometry.cronocomparador-y-prueba:answer""]","false","false","K","V","{""modalities"":[""K"",""V""],""primaryModality"":""V"",""knowledgeExplanationRequired"":true,""virtualDemonstrationRequired"":true,""physicalExecutionRequired"":false,""measuredOrReviewedResultRequired"":false,""physicalCompetenceClaim"":false,""reviewerRequired"":false,""measurableAcceptanceCriteria"":[],""evidenceArtifacts"":[""evidence.encyclopedia.escapements-chronometry.cronocomparador-y-prueba""],""classificationMethod"":""explicit-metadata"",""confidence"":""high""}","simulation","normal","normal","aligned","keep","[]","[]","false"
"wplab.horology.watchmaking-encyclopedia","route.encyclopedia.escapements-chronometry","module.encyclopedia.escapements-chronometry.toh-escape-fases","lesson.encyclopedia.escapements-chronometry.toh-escape-fases","activity.encyclopedia.escapements-chronometry.toh-escape-fases","1","Explicar y transferir: Fases completas del escape de áncora suizo","observation-3d / guided-practice","2-understand-mechanical-systems","core","mechanism-explanation","[""support:guided"",""worked-example"",""graduated-attempts""]","false","false","false","[""evidence.encyclopedia.escapements-chronometry.toh-escape-fases:answer""]","false","false","K","V","{""modalities"":[""K"",""V""],""primaryModality"":""V"",""knowledgeExplanationRequired"":true,""virtualDemonstrationRequired"":true,""physicalExecutionRequired"":false,""measuredOrReviewedResultRequired"":false,""physicalCompetenceClaim"":false,""reviewerRequired"":false,""measurableAcceptanceCriteria"":[],""evidenceArtifacts"":[""evidence.encyclopedia.escapements-chronometry.toh-escape-fases""],""classificationMethod"":""explicit-metadata"",""confidence"":""high""}","simulation","normal","normal","aligned","keep","[]","[]","false"
"wplab.horology.watchmaking-encyclopedia","route.encyclopedia.escapements-chronometry","module.encyclopedia.escapements-chronometry.toh-seguridad-escape","lesson.encyclopedia.escapements-chronometry.toh-seguridad-escape","activity.encyclopedia.escapements-chronometry.toh-seguridad-escape","1","Explicar y transferir: Seguridad: draw, guardia y cuernos","observation-3d / guided-practice","2-understand-mechanical-systems","core","mechanism-explanation","[""support:guided"",""worked-example"",""graduated-attempts""]","false","false","false","[""evidence.encyclopedia.escapements-chronometry.toh-seguridad-escape:answer""]","false","false","K","V","{""modalities"":[""K"",""V""],""primaryModality"":""V"",""knowledgeExplanationRequired"":true,""virtualDemonstrationRequired"":true,""physicalExecutionRequired"":false,""measuredOrReviewedResultRequired"":false,""physicalCompetenceClaim"":false,""reviewerRequired"":false,""measurableAcceptanceCriteria"":[],""evidenceArtifacts"":[""evidence.encyclopedia.escapements-chronometry.toh-seguridad-escape""],""classificationMethod"":""explicit-metadata"",""confidence"":""high""}","simulation","normal","normal","aligned","keep","[]","[]","false"
"wplab.horology.watchmaking-encyclopedia","route.encyclopedia.escapements-chronometry","module.encyclopedia.escapements-chronometry.toh-volante-espiral-conjunto","lesson.encyclopedia.escapements-chronometry.toh-volante-espiral-conjunto","activity.encyclopedia.escapements-chronometry.toh-volante-espiral-conjunto","1","Explicar y transferir: Volante, espiral, pitón, virola y raqueta","observation-3d / guided-practice","2-understand-mechanical-systems","core","mechanism-explanation","[""support:guided"",""worked-example"",""graduated-attempts""]","false","false","false","[""evidence.encyclopedia.escapements-chronometry.toh-volante-espiral-conjunto:answer""]","false","false","K","V","{""modalities"":[""K"",""V""],""primaryModality"":""V"",""knowledgeExplanationRequired"":true,""virtualDemonstrationRequired"":true,""physicalExecutionRequired"":false,""measuredOrReviewedResultRequired"":false,""physicalCompetenceClaim"":false,""reviewerRequired"":false,""measurableAcceptanceCriteria"":[],""evidenceArtifacts"":[""evidence.encyclopedia.escapements-chronometry.toh-volante-espiral-conjunto""],""classificationMethod"":""explicit-metadata"",""confidence"":""high""}","simulation","normal","normal","aligned","keep","[]","[]","false"
"wplab.horology.watchmaking-encyclopedia","route.encyclopedia.escapements-chronometry","module.encyclopedia.escapements-chronometry.toh-isocronismo","lesson.encyclopedia.escapements-chronometry.toh-isocronismo","activity.encyclopedia.escapements-chronometry.toh-isocronismo","1","Explicar y transferir: Isocronismo y dependencia de amplitud","observation-3d / guided-practice","2-understand-mechanical-systems","core","mechanism-explanation","[""support:guided"",""worked-example"",""graduated-attempts""]","false","false","false","[""evidence.encyclopedia.escapements-chronometry.toh-isocronismo:answer""]","false","false","K","V","{""modalities"":[""K"",""V""],""primaryModality"":""V"",""knowledgeExplanationRequired"":true,""virtualDemonstrationRequired"":true,""physicalExecutionRequired"":false,""measuredOrReviewedResultRequired"":false,""physicalCompetenceClaim"":false,""reviewerRequired"":false,""measurableAcceptanceCriteria"":[],""evidenceArtifacts"":[""evidence.encyclopedia.escapements-chronometry.toh-isocronismo""],""classificationMethod"":""explicit-metadata"",""confidence"":""high""}","simulation","normal","normal","aligned","keep","[]","[]","false"
"wplab.horology.watchmaking-encyclopedia","route.encyclopedia.escapements-chronometry","module.encyclopedia.escapements-chronometry.toh-posiciones-perturbaciones","lesson.encyclopedia.escapements-chronometry.toh-posiciones-perturbaciones","activity.encyclopedia.escapements-chronometry.toh-posiciones-perturbaciones","1","Explicar y transferir: Posiciones, gravedad, poising y perturbaciones","guided-practice / guided-practice","2-understand-mechanical-systems","core","mechanism-explanation","[""support:guided"",""worked-example"",""graduated-attempts""]","false","false","false","[""evidence.encyclopedia.escapements-chronometry.toh-posiciones-perturbaciones:answer""]","false","false","K","V","{""modalities"":[""K"",""V""],""primaryModality"":""V"",""knowledgeExplanationRequired"":true,""virtualDemonstrationRequired"":true,""physicalExecutionRequired"":false,""measuredOrReviewedResultRequired"":false,""physicalCompetenceClaim"":false,""reviewerRequired"":false,""measurableAcceptanceCriteria"":[],""evidenceArtifacts"":[""evidence.encyclopedia.escapements-chronometry.toh-posiciones-perturbaciones""],""classificationMethod"":""explicit-metadata"",""confidence"":""high""}","simulation","normal","normal","aligned","manual-review","[]","[]","true"
"wplab.horology.watchmaking-encyclopedia","route.encyclopedia.escapements-chronometry","module.encyclopedia.escapements-chronometry.toh-tourbillon-carrusel","lesson.encyclopedia.escapements-chronometry.toh-tourbillon-carrusel","activity.encyclopedia.escapements-chronometry.toh-tourbillon-carrusel","1","Explicar y transferir: Tourbillon, carrusel y promedio posicional","guided-practice / guided-practice","2-understand-mechanical-systems","core","mechanism-explanation","[""support:guided"",""worked-example"",""graduated-attempts""]","false","false","false","[""evidence.encyclopedia.escapements-chronometry.toh-tourbillon-carrusel:answer""]","false","false","K","V","{""modalities"":[""K"",""V""],""primaryModality"":""V"",""knowledgeExplanationRequired"":true,""virtualDemonstrationRequired"":true,""physicalExecutionRequired"":false,""measuredOrReviewedResultRequired"":false,""physicalCompetenceClaim"":false,""reviewerRequired"":false,""measurableAcceptanceCriteria"":[],""evidenceArtifacts"":[""evidence.encyclopedia.escapements-chronometry.toh-tourbillon-carrusel""],""classificationMethod"":""explicit-metadata"",""confidence"":""high""}","simulation","normal","normal","aligned","keep","[]","[]","false"
"wplab.horology.watchmaking-encyclopedia","route.encyclopedia.escapements-chronometry","module.encyclopedia.escapements-chronometry.bulova-centrado-volante","lesson.encyclopedia.escapements-chronometry.bulova-centrado-volante","activity.encyclopedia.escapements-chronometry.bulova-centrado-volante","1","Explicar y transferir: Pasaporte VIII: centrado y alabeo del volante","guided-practice / guided-practice","6-repair-adapt-manufacture-components","historical-case","psychomotor-skill","[""support:guided"",""worked-example"",""graduated-attempts""]","false","false","false","[""evidence.encyclopedia.escapements-chronometry.bulova-centrado-volante:answer""]","false","false","K","V","{""modalities"":[""K"",""V""],""primaryModality"":""V"",""knowledgeExplanationRequired"":true,""virtualDemonstrationRequired"":true,""physicalExecutionRequired"":false,""measuredOrReviewedResultRequired"":false,""physicalCompetenceClaim"":false,""reviewerRequired"":false,""measurableAcceptanceCriteria"":[],""evidenceArtifacts"":[""evidence.encyclopedia.escapements-chronometry.bulova-centrado-volante""],""classificationMethod"":""curated-override"",""confidence"":""high""}","specialist-workshop","caution","caution","aligned","keep","[]","[]","false"
"wplab.horology.watchmaking-encyclopedia","route.encyclopedia.escapements-chronometry","module.encyclopedia.escapements-chronometry.bulova-poising","lesson.encyclopedia.escapements-chronometry.bulova-poising","activity.encyclopedia.escapements-chronometry.bulova-poising","1","Explicar y transferir: Pasaporte IX: equilibrado estático del volante","guided-practice / guided-practice","6-repair-adapt-manufacture-components","historical-case","psychomotor-skill","[""support:guided"",""worked-example"",""graduated-attempts""]","false","false","false","[""evidence.encyclopedia.escapements-chronometry.bulova-poising:answer""]","false","false","K","V","{""modalities"":[""K"",""V""],""primaryModality"":""V"",""knowledgeExplanationRequired"":true,""virtualDemonstrationRequired"":true,""physicalExecutionRequired"":false,""measuredOrReviewedResultRequired"":false,""physicalCompetenceClaim"":false,""reviewerRequired"":false,""measurableAcceptanceCriteria"":[],""evidenceArtifacts"":[""evidence.encyclopedia.escapements-chronometry.bulova-poising""],""classificationMethod"":""explicit-metadata"",""confidence"":""high""}","specialist-workshop","normal","normal","aligned","keep","[]","[]","false"
"wplab.horology.watchmaking-encyclopedia","route.encyclopedia.escapements-chronometry","module.encyclopedia.escapements-chronometry.bulova-espiral","lesson.encyclopedia.escapements-chronometry.bulova-espiral","activity.encyclopedia.escapements-chronometry.bulova-espiral","1","Explicar y transferir: Pasaporte X: plano, centrado, virola y vibrado de espiral","observation-3d / transfer","6-repair-adapt-manufacture-components","historical-case","psychomotor-skill","[""support:independent"",""worked-example"",""graduated-attempts""]","true","true","false","[""evidence.encyclopedia.escapements-chronometry.bulova-espiral:answer""]","false","false","K","V","{""modalities"":[""K"",""V""],""primaryModality"":""V"",""knowledgeExplanationRequired"":true,""virtualDemonstrationRequired"":true,""physicalExecutionRequired"":false,""measuredOrReviewedResultRequired"":false,""physicalCompetenceClaim"":false,""reviewerRequired"":false,""measurableAcceptanceCriteria"":[],""evidenceArtifacts"":[""evidence.encyclopedia.escapements-chronometry.bulova-espiral""],""classificationMethod"":""explicit-metadata"",""confidence"":""high""}","specialist-workshop","normal","normal","aligned","keep","[]","[]","false"
"wplab.horology.watchmaking-encyclopedia","route.encyclopedia.service-tribology","module.encyclopedia.service-tribology.recepcion-y-linea-base","lesson.encyclopedia.service-tribology.recepcion-y-linea-base","activity.encyclopedia.service-tribology.recepcion-y-linea-base","1","Explicar y transferir: Recepción, historia y línea base","guided-practice / guided-practice","3-observe-measure-diagnose","core","inspection","[""support:guided"",""worked-example"",""graduated-attempts""]","false","false","false","[""evidence.encyclopedia.service-tribology.recepcion-y-linea-base:answer""]","false","false","K","V","{""modalities"":[""K"",""V""],""primaryModality"":""V"",""knowledgeExplanationRequired"":true,""virtualDemonstrationRequired"":true,""physicalExecutionRequired"":false,""measuredOrReviewedResultRequired"":false,""physicalCompetenceClaim"":false,""reviewerRequired"":false,""measurableAcceptanceCriteria"":[],""evidenceArtifacts"":[""evidence.encyclopedia.service-tribology.recepcion-y-linea-base""],""classificationMethod"":""explicit-metadata"",""confidence"":""high""}","simulation","normal","normal","aligned","keep","[]","[]","false"
"wplab.horology.watchmaking-encyclopedia","route.encyclopedia.service-tribology","module.encyclopedia.service-tribology.liberar-energia-y-desmontar","lesson.encyclopedia.service-tribology.liberar-energia-y-desmontar","activity.encyclopedia.service-tribology.liberar-energia-y-desmontar","1","Explicar y transferir: Liberar energía y desmontar con trazabilidad","guided-practice / guided-practice","2-understand-mechanical-systems","core","bench-procedure","[""support:guided"",""worked-example"",""graduated-attempts""]","false","false","false","[""evidence.encyclopedia.service-tribology.liberar-energia-y-desmontar:answer""]","false","false","K","V","{""modalities"":[""K"",""V""],""primaryModality"":""V"",""knowledgeExplanationRequired"":true,""virtualDemonstrationRequired"":true,""physicalExecutionRequired"":false,""measuredOrReviewedResultRequired"":false,""physicalCompetenceClaim"":false,""reviewerRequired"":false,""measurableAcceptanceCriteria"":[],""evidenceArtifacts"":[""evidence.encyclopedia.service-tribology.liberar-energia-y-desmontar""],""classificationMethod"":""explicit-metadata"",""confidence"":""high""}","simulation","normal","normal","aligned","manual-review","[]","[]","true"
"wplab.horology.watchmaking-encyclopedia","route.encyclopedia.service-tribology","module.encyclopedia.service-tribology.limpieza-e-inspeccion","lesson.encyclopedia.service-tribology.limpieza-e-inspeccion","activity.encyclopedia.service-tribology.limpieza-e-inspeccion","1","Explicar y transferir: Limpieza, inspección y clasificación de defectos","guided-practice / guided-practice","3-observe-measure-diagnose","core","inspection","[""support:guided"",""worked-example"",""graduated-attempts""]","false","false","false","[""evidence.encyclopedia.service-tribology.limpieza-e-inspeccion:answer""]","false","false","K","V","{""modalities"":[""K"",""V""],""primaryModality"":""V"",""knowledgeExplanationRequired"":true,""virtualDemonstrationRequired"":true,""physicalExecutionRequired"":false,""measuredOrReviewedResultRequired"":false,""physicalCompetenceClaim"":false,""reviewerRequired"":false,""measurableAcceptanceCriteria"":[],""evidenceArtifacts"":[""evidence.encyclopedia.service-tribology.limpieza-e-inspeccion""],""classificationMethod"":""explicit-metadata"",""confidence"":""high""}","simulation","normal","normal","aligned","keep","[]","[]","false"
"wplab.horology.watchmaking-encyclopedia","route.encyclopedia.service-tribology","module.encyclopedia.service-tribology.tribologia-y-lubricantes","lesson.encyclopedia.service-tribology.tribologia-y-lubricantes","activity.encyclopedia.service-tribology.tribologia-y-lubricantes","1","Explicar y transferir: Tribología, lubricantes y cantidad aplicada","guided-practice / guided-practice","2-understand-mechanical-systems","core","bench-procedure","[""support:guided"",""worked-example"",""graduated-attempts""]","false","false","false","[""evidence.encyclopedia.service-tribology.tribologia-y-lubricantes:answer""]","false","false","K","V","{""modalities"":[""K"",""V""],""primaryModality"":""V"",""knowledgeExplanationRequired"":true,""virtualDemonstrationRequired"":true,""physicalExecutionRequired"":false,""measuredOrReviewedResultRequired"":false,""physicalCompetenceClaim"":false,""reviewerRequired"":false,""measurableAcceptanceCriteria"":[],""evidenceArtifacts"":[""evidence.encyclopedia.service-tribology.tribologia-y-lubricantes""],""classificationMethod"":""explicit-metadata"",""confidence"":""high""}","simulation","normal","normal","aligned","keep","[]","[]","false"
"wplab.horology.watchmaking-encyclopedia","route.encyclopedia.service-tribology","module.encyclopedia.service-tribology.montaje-y-puntos-de-control","lesson.encyclopedia.service-tribology.montaje-y-puntos-de-control","activity.encyclopedia.service-tribology.montaje-y-puntos-de-control","1","Explicar y transferir: Montaje por funciones y puntos de control","guided-practice / guided-practice","2-understand-mechanical-systems","core","bench-procedure","[""support:guided"",""worked-example"",""graduated-attempts""]","false","false","false","[""evidence.encyclopedia.service-tribology.montaje-y-puntos-de-control:answer""]","false","false","K","V","{""modalities"":[""K"",""V""],""primaryModality"":""V"",""knowledgeExplanationRequired"":true,""virtualDemonstrationRequired"":true,""physicalExecutionRequired"":false,""measuredOrReviewedResultRequired"":false,""physicalCompetenceClaim"":false,""reviewerRequired"":false,""measurableAcceptanceCriteria"":[],""evidenceArtifacts"":[""evidence.encyclopedia.service-tribology.montaje-y-puntos-de-control""],""classificationMethod"":""explicit-metadata"",""confidence"":""high""}","simulation","normal","normal","aligned","keep","[]","[]","false"
"wplab.horology.watchmaking-encyclopedia","route.encyclopedia.service-tribology","module.encyclopedia.service-tribology.diagnostico-y-control-final","lesson.encyclopedia.service-tribology.diagnostico-y-control-final","activity.encyclopedia.service-tribology.diagnostico-y-control-final","1","Explicar y transferir: Diagnóstico causal y control final","guided-practice / guided-practice","3-observe-measure-diagnose","core","diagnosis-case","[""support:guided"",""worked-example"",""graduated-attempts""]","false","false","false","[""evidence.encyclopedia.service-tribology.diagnostico-y-control-final:answer""]","false","false","K","V","{""modalities"":[""K"",""V""],""primaryModality"":""V"",""knowledgeExplanationRequired"":true,""virtualDemonstrationRequired"":true,""physicalExecutionRequired"":false,""measuredOrReviewedResultRequired"":false,""physicalCompetenceClaim"":false,""reviewerRequired"":false,""measurableAcceptanceCriteria"":[],""evidenceArtifacts"":[""evidence.encyclopedia.service-tribology.diagnostico-y-control-final""],""classificationMethod"":""explicit-metadata"",""confidence"":""high""}","simulation","normal","normal","aligned","keep","[]","[]","false"
"wplab.horology.watchmaking-encyclopedia","route.encyclopedia.service-tribology","module.encyclopedia.service-tribology.toh-friccion-desgaste","lesson.encyclopedia.service-tribology.toh-friccion-desgaste","activity.encyclopedia.service-tribology.toh-friccion-desgaste","1","Explicar y transferir: Fricción, desgaste y regímenes de contacto","guided-practice / guided-practice","2-understand-mechanical-systems","core","bench-procedure","[""support:guided"",""worked-example"",""graduated-attempts""]","false","false","false","[""evidence.encyclopedia.service-tribology.toh-friccion-desgaste:answer""]","false","false","K","V","{""modalities"":[""K"",""V""],""primaryModality"":""V"",""knowledgeExplanationRequired"":true,""virtualDemonstrationRequired"":true,""physicalExecutionRequired"":false,""measuredOrReviewedResultRequired"":false,""physicalCompetenceClaim"":false,""reviewerRequired"":false,""measurableAcceptanceCriteria"":[],""evidenceArtifacts"":[""evidence.encyclopedia.service-tribology.toh-friccion-desgaste""],""classificationMethod"":""explicit-metadata"",""confidence"":""high""}","simulation","normal","normal","aligned","keep","[]","[]","false"
"wplab.horology.watchmaking-encyclopedia","route.encyclopedia.service-tribology","module.encyclopedia.service-tribology.toh-lubricacion-retencion","lesson.encyclopedia.service-tribology.toh-lubricacion-retencion","activity.encyclopedia.service-tribology.toh-lubricacion-retencion","1","Explicar y transferir: Lubricación, cantidad y retención del aceite","guided-practice / guided-practice","2-understand-mechanical-systems","core","bench-procedure","[""support:guided"",""worked-example"",""graduated-attempts""]","false","false","false","[""evidence.encyclopedia.service-tribology.toh-lubricacion-retencion:answer""]","false","false","K","V","{""modalities"":[""K"",""V""],""primaryModality"":""V"",""knowledgeExplanationRequired"":true,""virtualDemonstrationRequired"":true,""physicalExecutionRequired"":false,""measuredOrReviewedResultRequired"":false,""physicalCompetenceClaim"":false,""reviewerRequired"":false,""measurableAcceptanceCriteria"":[],""evidenceArtifacts"":[""evidence.encyclopedia.service-tribology.toh-lubricacion-retencion""],""classificationMethod"":""explicit-metadata"",""confidence"":""high""}","simulation","normal","normal","aligned","keep","[]","[]","false"
"wplab.horology.watchmaking-encyclopedia","route.encyclopedia.service-tribology","module.encyclopedia.service-tribology.bulova-montaje-barrilete","lesson.encyclopedia.service-tribology.bulova-montaje-barrilete","activity.encyclopedia.service-tribology.bulova-montaje-barrilete","1","Explicar y transferir: Pasaporte XI: montaje del movimiento y barrilete","guided-practice / guided-practice","6-repair-adapt-manufacture-components","historical-case","bench-procedure","[""support:guided"",""worked-example"",""graduated-attempts""]","false","false","false","[""evidence.encyclopedia.service-tribology.bulova-montaje-barrilete:answer""]","false","false","K","V","{""modalities"":[""K"",""V""],""primaryModality"":""V"",""knowledgeExplanationRequired"":true,""virtualDemonstrationRequired"":true,""physicalExecutionRequired"":false,""measuredOrReviewedResultRequired"":false,""physicalCompetenceClaim"":false,""reviewerRequired"":false,""measurableAcceptanceCriteria"":[],""evidenceArtifacts"":[""evidence.encyclopedia.service-tribology.bulova-montaje-barrilete""],""classificationMethod"":""explicit-metadata"",""confidence"":""high""}","simulation","normal","normal","aligned","keep","[]","[]","false"
"wplab.horology.watchmaking-encyclopedia","route.encyclopedia.service-tribology","module.encyclopedia.service-tribology.bulova-enjaltado-escape","lesson.encyclopedia.service-tribology.bulova-enjaltado-escape","activity.encyclopedia.service-tribology.bulova-enjaltado-escape","1","Explicar y transferir: Pasaporte XII: enjaltado y examen del escape","guided-practice / guided-practice","6-repair-adapt-manufacture-components","historical-case","bench-procedure","[""support:guided"",""worked-example"",""graduated-attempts""]","false","false","false","[""evidence.encyclopedia.service-tribology.bulova-enjaltado-escape:answer""]","false","false","K","V","{""modalities"":[""K"",""V""],""primaryModality"":""V"",""knowledgeExplanationRequired"":true,""virtualDemonstrationRequired"":true,""physicalExecutionRequired"":false,""measuredOrReviewedResultRequired"":false,""physicalCompetenceClaim"":false,""reviewerRequired"":false,""measurableAcceptanceCriteria"":[],""evidenceArtifacts"":[""evidence.encyclopedia.service-tribology.bulova-enjaltado-escape""],""classificationMethod"":""explicit-metadata"",""confidence"":""high""}","simulation","normal","normal","aligned","keep","[]","[]","false"
"wplab.horology.watchmaking-encyclopedia","route.encyclopedia.service-tribology","module.encyclopedia.service-tribology.chicago-limpieza-segura","lesson.encyclopedia.service-tribology.chicago-limpieza-segura","activity.encyclopedia.service-tribology.chicago-limpieza-segura","1","Explicar y transferir: Expediente Chicago V: limpieza histórica y sustitución segura","guided-practice / guided-practice","6-repair-adapt-manufacture-components","historical-case","bench-procedure","[""support:guided"",""worked-example"",""graduated-attempts""]","false","false","false","[""evidence.encyclopedia.service-tribology.chicago-limpieza-segura:answer""]","false","false","K","V","{""modalities"":[""K"",""V""],""primaryModality"":""V"",""knowledgeExplanationRequired"":true,""virtualDemonstrationRequired"":true,""physicalExecutionRequired"":false,""measuredOrReviewedResultRequired"":false,""physicalCompetenceClaim"":false,""reviewerRequired"":false,""measurableAcceptanceCriteria"":[],""evidenceArtifacts"":[""evidence.encyclopedia.service-tribology.chicago-limpieza-segura""],""classificationMethod"":""explicit-metadata"",""confidence"":""high""}","simulation","normal","normal","aligned","keep","[]","[]","false"
"wplab.horology.watchmaking-encyclopedia","route.encyclopedia.service-tribology","module.encyclopedia.service-tribology.chicago-ensamblaje-control","lesson.encyclopedia.service-tribology.chicago-ensamblaje-control","activity.encyclopedia.service-tribology.chicago-ensamblaje-control","1","Explicar y transferir: Expediente Chicago VI: montaje, cuerda y puesta en hora","guided-practice / guided-practice","6-repair-adapt-manufacture-components","historical-case","bench-procedure","[""support:guided"",""worked-example"",""graduated-attempts""]","false","false","false","[""evidence.encyclopedia.service-tribology.chicago-ensamblaje-control:answer""]","false","false","K","V","{""modalities"":[""K"",""V""],""primaryModality"":""V"",""knowledgeExplanationRequired"":true,""virtualDemonstrationRequired"":true,""physicalExecutionRequired"":false,""measuredOrReviewedResultRequired"":false,""physicalCompetenceClaim"":false,""reviewerRequired"":false,""measurableAcceptanceCriteria"":[],""evidenceArtifacts"":[""evidence.encyclopedia.service-tribology.chicago-ensamblaje-control""],""classificationMethod"":""explicit-metadata"",""confidence"":""high""}","simulation","normal","normal","aligned","keep","[]","[]","false"
"wplab.horology.watchmaking-encyclopedia","route.encyclopedia.service-tribology","module.encyclopedia.service-tribology.tm-inspeccion-previa","lesson.encyclopedia.service-tribology.tm-inspeccion-previa","activity.encyclopedia.service-tribology.tm-inspeccion-previa","1","Explicar y transferir: Caso TM I: inspección antes de desmontar","guided-practice / guided-practice","3-observe-measure-diagnose","historical-case","inspection","[""support:guided"",""worked-example"",""graduated-attempts""]","false","false","false","[""evidence.encyclopedia.service-tribology.tm-inspeccion-previa:answer""]","false","false","K","V","{""modalities"":[""K"",""V""],""primaryModality"":""V"",""knowledgeExplanationRequired"":true,""virtualDemonstrationRequired"":true,""physicalExecutionRequired"":false,""measuredOrReviewedResultRequired"":false,""physicalCompetenceClaim"":false,""reviewerRequired"":false,""measurableAcceptanceCriteria"":[],""evidenceArtifacts"":[""evidence.encyclopedia.service-tribology.tm-inspeccion-previa""],""classificationMethod"":""curated-override"",""confidence"":""high""}","simulation","normal","normal","aligned","manual-review","[]","[]","true"
"wplab.horology.watchmaking-encyclopedia","route.encyclopedia.service-tribology","module.encyclopedia.service-tribology.tm-diagnostico-sintomas","lesson.encyclopedia.service-tribology.tm-diagnostico-sintomas","activity.encyclopedia.service-tribology.tm-diagnostico-sintomas","1","Explicar y transferir: Caso TM II: diagnóstico por síntomas y prueba discriminante","explanation / transfer","3-observe-measure-diagnose","historical-case","diagnosis-case","[""support:independent"",""worked-example"",""graduated-attempts""]","true","true","false","[""evidence.encyclopedia.service-tribology.tm-diagnostico-sintomas:answer""]","false","false","K","R","{""modalities"":[""K"",""V"",""R""],""primaryModality"":""R"",""knowledgeExplanationRequired"":true,""virtualDemonstrationRequired"":true,""physicalExecutionRequired"":false,""measuredOrReviewedResultRequired"":true,""physicalCompetenceClaim"":false,""reviewerRequired"":true,""measurableAcceptanceCriteria"":[],""evidenceArtifacts"":[""evidence.encyclopedia.service-tribology.tm-diagnostico-sintomas""],""classificationMethod"":""curated-override"",""confidence"":""high""}","simulation","normal","normal","aligned","keep","[]","[]","false"
"wplab.horology.watchmaking-encyclopedia","route.encyclopedia.complications","module.encyclopedia.complications.automatico-y-reserva","lesson.encyclopedia.complications.automatico-y-reserva","activity.encyclopedia.complications.automatico-y-reserva","1","Explicar y transferir: Automático, embragues y reserva de marcha","observation-3d / guided-practice","2-understand-mechanical-systems","specialization","mechanism-explanation","[""support:guided"",""worked-example"",""graduated-attempts""]","false","false","false","[""evidence.encyclopedia.complications.automatico-y-reserva:answer""]","false","false","K","V","{""modalities"":[""K"",""V""],""primaryModality"":""V"",""knowledgeExplanationRequired"":true,""virtualDemonstrationRequired"":true,""physicalExecutionRequired"":false,""measuredOrReviewedResultRequired"":false,""physicalCompetenceClaim"":false,""reviewerRequired"":false,""measurableAcceptanceCriteria"":[],""evidenceArtifacts"":[""evidence.encyclopedia.complications.automatico-y-reserva""],""classificationMethod"":""explicit-metadata"",""confidence"":""high""}","simulation","normal","normal","aligned","keep","[]","[]","false"
"wplab.horology.watchmaking-encyclopedia","route.encyclopedia.complications","module.encyclopedia.complications.calendarios","lesson.encyclopedia.complications.calendarios","activity.encyclopedia.complications.calendarios","1","Explicar y transferir: Fecha, día, calendario anual y perpetuo","observation-3d / guided-practice","2-understand-mechanical-systems","specialization","visual-anatomy","[""support:guided"",""worked-example"",""graduated-attempts""]","false","false","false","[""evidence.encyclopedia.complications.calendarios:answer""]","false","false","K","V","{""modalities"":[""K"",""V""],""primaryModality"":""V"",""knowledgeExplanationRequired"":true,""virtualDemonstrationRequired"":true,""physicalExecutionRequired"":false,""measuredOrReviewedResultRequired"":false,""physicalCompetenceClaim"":false,""reviewerRequired"":false,""measurableAcceptanceCriteria"":[],""evidenceArtifacts"":[""evidence.encyclopedia.complications.calendarios""],""classificationMethod"":""explicit-metadata"",""confidence"":""high""}","simulation","normal","normal","aligned","keep","[]","[]","false"
"wplab.horology.watchmaking-encyclopedia","route.encyclopedia.complications","module.encyclopedia.complications.cronografo-mandos","lesson.encyclopedia.complications.cronografo-mandos","activity.encyclopedia.complications.cronografo-mandos","1","Explicar y transferir: Cronógrafo: mando, rueda de pilares y sistema de levas","guided-practice / guided-practice","2-understand-mechanical-systems","specialization","visual-anatomy","[""support:guided"",""worked-example"",""graduated-attempts""]","false","false","false","[""evidence.encyclopedia.complications.cronografo-mandos:answer""]","false","false","K","V","{""modalities"":[""K"",""V""],""primaryModality"":""V"",""knowledgeExplanationRequired"":true,""virtualDemonstrationRequired"":true,""physicalExecutionRequired"":false,""measuredOrReviewedResultRequired"":false,""physicalCompetenceClaim"":false,""reviewerRequired"":false,""measurableAcceptanceCriteria"":[],""evidenceArtifacts"":[""evidence.encyclopedia.complications.cronografo-mandos""],""classificationMethod"":""explicit-metadata"",""confidence"":""high""}","simulation","normal","normal","aligned","keep","[]","[]","false"
"wplab.horology.watchmaking-encyclopedia","route.encyclopedia.complications","module.encyclopedia.complications.acoplamiento-y-puesta-a-cero","lesson.encyclopedia.complications.acoplamiento-y-puesta-a-cero","activity.encyclopedia.complications.acoplamiento-y-puesta-a-cero","1","Explicar y transferir: Acoplamiento, contadores, corazón y puesta a cero","guided-practice / guided-practice","2-understand-mechanical-systems","specialization","mechanism-explanation","[""support:guided"",""worked-example"",""graduated-attempts""]","false","false","false","[""evidence.encyclopedia.complications.acoplamiento-y-puesta-a-cero:answer""]","false","false","K","V","{""modalities"":[""K"",""V""],""primaryModality"":""V"",""knowledgeExplanationRequired"":true,""virtualDemonstrationRequired"":true,""physicalExecutionRequired"":false,""measuredOrReviewedResultRequired"":false,""physicalCompetenceClaim"":false,""reviewerRequired"":false,""measurableAcceptanceCriteria"":[],""evidenceArtifacts"":[""evidence.encyclopedia.complications.acoplamiento-y-puesta-a-cero""],""classificationMethod"":""explicit-metadata"",""confidence"":""high""}","simulation","normal","normal","aligned","keep","[]","[]","false"
"wplab.horology.watchmaking-encyclopedia","route.encyclopedia.complications","module.encyclopedia.complications.sonerias-y-repeticiones","lesson.encyclopedia.complications.sonerias-y-repeticiones","activity.encyclopedia.complications.sonerias-y-repeticiones","1","Explicar y transferir: Sonerías, repetición y gobierno acústico","guided-practice / guided-practice","2-understand-mechanical-systems","specialization","visual-anatomy","[""support:guided"",""worked-example"",""graduated-attempts""]","false","false","false","[""evidence.encyclopedia.complications.sonerias-y-repeticiones:answer""]","false","false","K","V","{""modalities"":[""K"",""V""],""primaryModality"":""V"",""knowledgeExplanationRequired"":true,""virtualDemonstrationRequired"":true,""physicalExecutionRequired"":false,""measuredOrReviewedResultRequired"":false,""physicalCompetenceClaim"":false,""reviewerRequired"":false,""measurableAcceptanceCriteria"":[],""evidenceArtifacts"":[""evidence.encyclopedia.complications.sonerias-y-repeticiones""],""classificationMethod"":""explicit-metadata"",""confidence"":""high""}","simulation","normal","normal","aligned","keep","[]","[]","false"
"wplab.horology.watchmaking-encyclopedia","route.encyclopedia.complications","module.encyclopedia.complications.gmt-tourbillon-y-fuerza-constante","lesson.encyclopedia.complications.gmt-tourbillon-y-fuerza-constante","activity.encyclopedia.complications.gmt-tourbillon-y-fuerza-constante","1","Explicar y transferir: GMT, hora mundial, tourbillon y fuerza constante","guided-practice / guided-practice","2-understand-mechanical-systems","specialization","mechanism-explanation","[""support:guided"",""worked-example"",""graduated-attempts""]","false","false","false","[""evidence.encyclopedia.complications.gmt-tourbillon-y-fuerza-constante:answer""]","false","false","K","V","{""modalities"":[""K"",""V""],""primaryModality"":""V"",""knowledgeExplanationRequired"":true,""virtualDemonstrationRequired"":true,""physicalExecutionRequired"":false,""measuredOrReviewedResultRequired"":false,""physicalCompetenceClaim"":false,""reviewerRequired"":false,""measurableAcceptanceCriteria"":[],""evidenceArtifacts"":[""evidence.encyclopedia.complications.gmt-tourbillon-y-fuerza-constante""],""classificationMethod"":""explicit-metadata"",""confidence"":""high""}","simulation","normal","normal","aligned","keep","[]","[]","false"
"wplab.horology.watchmaking-encyclopedia","route.encyclopedia.complications","module.encyclopedia.complications.toh-automatico-rotor","lesson.encyclopedia.complications.toh-automatico-rotor","activity.encyclopedia.complications.toh-automatico-rotor","1","Explicar y transferir: Rotor, masa excéntrica y captación de movimiento","observation-3d / guided-practice","2-understand-mechanical-systems","specialization","mechanism-explanation","[""support:guided"",""worked-example"",""graduated-attempts""]","false","false","false","[""evidence.encyclopedia.complications.toh-automatico-rotor:answer""]","false","false","K","V","{""modalities"":[""K"",""V""],""primaryModality"":""V"",""knowledgeExplanationRequired"":true,""virtualDemonstrationRequired"":true,""physicalExecutionRequired"":false,""measuredOrReviewedResultRequired"":false,""physicalCompetenceClaim"":false,""reviewerRequired"":false,""measurableAcceptanceCriteria"":[],""evidenceArtifacts"":[""evidence.encyclopedia.complications.toh-automatico-rotor""],""classificationMethod"":""explicit-metadata"",""confidence"":""high""}","simulation","normal","normal","aligned","keep","[]","[]","false"
"wplab.horology.watchmaking-encyclopedia","route.encyclopedia.complications","module.encyclopedia.complications.toh-reversores-deslizamiento","lesson.encyclopedia.complications.toh-reversores-deslizamiento","activity.encyclopedia.complications.toh-reversores-deslizamiento","1","Explicar y transferir: Reversores, desacoplamiento y limitación de carga","observation-3d / guided-practice","2-understand-mechanical-systems","specialization","mechanism-explanation","[""support:guided"",""worked-example"",""graduated-attempts""]","false","false","false","[""evidence.encyclopedia.complications.toh-reversores-deslizamiento:answer""]","false","false","K","V","{""modalities"":[""K"",""V""],""primaryModality"":""V"",""knowledgeExplanationRequired"":true,""virtualDemonstrationRequired"":true,""physicalExecutionRequired"":false,""measuredOrReviewedResultRequired"":false,""physicalCompetenceClaim"":false,""reviewerRequired"":false,""measurableAcceptanceCriteria"":[],""evidenceArtifacts"":[""evidence.encyclopedia.complications.toh-reversores-deslizamiento""],""classificationMethod"":""explicit-metadata"",""confidence"":""high""}","simulation","normal","normal","aligned","keep","[]","[]","false"
"wplab.horology.watchmaking-encyclopedia","route.encyclopedia.complications","module.encyclopedia.complications.toh-calendario-secuencia","lesson.encyclopedia.complications.toh-calendario-secuencia","activity.encyclopedia.complications.toh-calendario-secuencia","1","Explicar y transferir: Calendario simple, salto y corrección","observation-3d / guided-practice","2-understand-mechanical-systems","specialization","visual-anatomy","[""support:guided"",""worked-example"",""graduated-attempts""]","false","false","false","[""evidence.encyclopedia.complications.toh-calendario-secuencia:answer""]","false","false","K","V","{""modalities"":[""K"",""V""],""primaryModality"":""V"",""knowledgeExplanationRequired"":true,""virtualDemonstrationRequired"":true,""physicalExecutionRequired"":false,""measuredOrReviewedResultRequired"":false,""physicalCompetenceClaim"":false,""reviewerRequired"":false,""measurableAcceptanceCriteria"":[],""evidenceArtifacts"":[""evidence.encyclopedia.complications.toh-calendario-secuencia""],""classificationMethod"":""explicit-metadata"",""confidence"":""high""}","simulation","normal","normal","aligned","keep","[]","[]","false"
"wplab.horology.watchmaking-encyclopedia","route.encyclopedia.complications","module.encyclopedia.complications.toh-calendario-perpetuo","lesson.encyclopedia.complications.toh-calendario-perpetuo","activity.encyclopedia.complications.toh-calendario-perpetuo","1","Explicar y transferir: Calendarios completo, anual y perpetuo","guided-practice / guided-practice","2-understand-mechanical-systems","specialization","visual-anatomy","[""support:guided"",""worked-example"",""graduated-attempts""]","false","false","false","[""evidence.encyclopedia.complications.toh-calendario-perpetuo:answer""]","false","false","K","V","{""modalities"":[""K"",""V""],""primaryModality"":""V"",""knowledgeExplanationRequired"":true,""virtualDemonstrationRequired"":true,""physicalExecutionRequired"":false,""measuredOrReviewedResultRequired"":false,""physicalCompetenceClaim"":false,""reviewerRequired"":false,""measurableAcceptanceCriteria"":[],""evidenceArtifacts"":[""evidence.encyclopedia.complications.toh-calendario-perpetuo""],""classificationMethod"":""explicit-metadata"",""confidence"":""high""}","simulation","normal","normal","aligned","keep","[]","[]","false"
"wplab.horology.watchmaking-encyclopedia","route.encyclopedia.complications","module.encyclopedia.complications.toh-soneria-control","lesson.encyclopedia.complications.toh-soneria-control","activity.encyclopedia.complications.toh-soneria-control","1","Explicar y transferir: Alarma, sonería y repetición a demanda","guided-practice / guided-practice","2-understand-mechanical-systems","specialization","visual-anatomy","[""support:guided"",""worked-example"",""graduated-attempts""]","false","false","false","[""evidence.encyclopedia.complications.toh-soneria-control:answer""]","false","false","K","V","{""modalities"":[""K"",""V""],""primaryModality"":""V"",""knowledgeExplanationRequired"":true,""virtualDemonstrationRequired"":true,""physicalExecutionRequired"":false,""measuredOrReviewedResultRequired"":false,""physicalCompetenceClaim"":false,""reviewerRequired"":false,""measurableAcceptanceCriteria"":[],""evidenceArtifacts"":[""evidence.encyclopedia.complications.toh-soneria-control""],""classificationMethod"":""explicit-metadata"",""confidence"":""high""}","simulation","normal","normal","aligned","keep","[]","[]","false"
"wplab.horology.watchmaking-encyclopedia","route.encyclopedia.complications","module.encyclopedia.complications.toh-cronografo-estados","lesson.encyclopedia.complications.toh-cronografo-estados","activity.encyclopedia.complications.toh-cronografo-estados","1","Explicar y transferir: Cronógrafo: mando, embrague, freno y puesta a cero","explanation / transfer","2-understand-mechanical-systems","specialization","visual-anatomy","[""support:independent"",""worked-example"",""graduated-attempts""]","true","true","false","[""evidence.encyclopedia.complications.toh-cronografo-estados:answer""]","false","false","K","V","{""modalities"":[""K"",""V""],""primaryModality"":""V"",""knowledgeExplanationRequired"":true,""virtualDemonstrationRequired"":true,""physicalExecutionRequired"":false,""measuredOrReviewedResultRequired"":false,""physicalCompetenceClaim"":false,""reviewerRequired"":false,""measurableAcceptanceCriteria"":[],""evidenceArtifacts"":[""evidence.encyclopedia.complications.toh-cronografo-estados""],""classificationMethod"":""explicit-metadata"",""confidence"":""high""}","simulation","normal","normal","aligned","keep","[]","[]","false"
"wplab.horology.miyota8215","route.miyota8215.complete","module.miyota8215.identify","lesson.miyota8215.identify","activity.miyota8215.identify-calibre","1","Identificar el calibre","guided-practice / guided-practice","4-work-on-real-calibre","core","visual-anatomy","[""graduated-hints:6"",""support:guided"",""worked-example"",""graduated-attempts""]","false","false","false","[""evidence.miyota8215.identify-calibre:procedure""]","false","false","K","V","{""modalities"":[""K"",""V""],""primaryModality"":""V"",""knowledgeExplanationRequired"":true,""virtualDemonstrationRequired"":true,""physicalExecutionRequired"":false,""measuredOrReviewedResultRequired"":false,""physicalCompetenceClaim"":false,""reviewerRequired"":false,""measurableAcceptanceCriteria"":[],""evidenceArtifacts"":[""evidence.miyota8215.identify-calibre""],""classificationMethod"":""explicit-metadata"",""confidence"":""high""}","simulation","normal","normal","aligned","manual-review","[]","[]","true"
"wplab.horology.miyota8215","route.miyota8215.complete","module.miyota8215.identify","lesson.miyota8215.identify","activity.miyota8215.classify-provenance","2","Diferenciar oficial, reconstruido y desconocido","guided-practice / guided-practice","4-work-on-real-calibre","core","visual-anatomy","[""graduated-hints:6"",""support:guided"",""worked-example"",""graduated-attempts""]","false","false","false","[""evidence.miyota8215.distinguish-data-reconstruction:procedure""]","false","false","K","V","{""modalities"":[""K"",""V""],""primaryModality"":""V"",""knowledgeExplanationRequired"":true,""virtualDemonstrationRequired"":true,""physicalExecutionRequired"":false,""measuredOrReviewedResultRequired"":false,""physicalCompetenceClaim"":false,""reviewerRequired"":false,""measurableAcceptanceCriteria"":[],""evidenceArtifacts"":[""evidence.miyota8215.distinguish-data-reconstruction""],""classificationMethod"":""explicit-metadata"",""confidence"":""high""}","simulation","normal","normal","aligned","manual-review","[]","[]","true"
"wplab.horology.miyota8215","route.miyota8215.complete","module.miyota8215.documentation","lesson.miyota8215.documentation","activity.miyota8215.locate-specification","1","Localizar una especificación","guided-practice / worked-example","4-work-on-real-calibre","core","visual-anatomy","[""graduated-hints:6"",""support:full"",""worked-example"",""graduated-attempts""]","false","false","false","[""evidence.miyota8215.read-official-documentation:procedure""]","false","false","K","V","{""modalities"":[""K"",""V""],""primaryModality"":""V"",""knowledgeExplanationRequired"":true,""virtualDemonstrationRequired"":true,""physicalExecutionRequired"":false,""measuredOrReviewedResultRequired"":false,""physicalCompetenceClaim"":false,""reviewerRequired"":false,""measurableAcceptanceCriteria"":[],""evidenceArtifacts"":[""evidence.miyota8215.read-official-documentation""],""classificationMethod"":""explicit-metadata"",""confidence"":""high""}","simulation","normal","normal","partial","manual-review","[]","[]","true"
"wplab.horology.miyota8215","route.miyota8215.complete","module.miyota8215.documentation","lesson.miyota8215.documentation","activity.miyota8215.associate-reference-part","2","Asociar referencia y pieza","guided-practice / guided-practice","4-work-on-real-calibre","core","visual-anatomy","[""graduated-hints:6"",""support:guided"",""worked-example"",""graduated-attempts""]","false","false","false","[""evidence.miyota8215.read-official-documentation:procedure""]","false","false","K","V","{""modalities"":[""K"",""V""],""primaryModality"":""V"",""knowledgeExplanationRequired"":true,""virtualDemonstrationRequired"":true,""physicalExecutionRequired"":false,""measuredOrReviewedResultRequired"":false,""physicalCompetenceClaim"":false,""reviewerRequired"":false,""measurableAcceptanceCriteria"":[],""evidenceArtifacts"":[""evidence.miyota8215.read-official-documentation""],""classificationMethod"":""explicit-metadata"",""confidence"":""high""}","simulation","normal","normal","partial","manual-review","[]","[]","true"
"wplab.horology.miyota8215","route.miyota8215.complete","module.miyota8215.documentation","lesson.miyota8215.documentation","activity.miyota8215.detect-document-limit","3","Detectar lo que el documento no revela","guided-practice / diagnostic","4-work-on-real-calibre","core","visual-anatomy","[""graduated-hints:6"",""support:guided"",""worked-example"",""graduated-attempts""]","false","false","false","[""evidence.miyota8215.distinguish-data-reconstruction:procedure""]","false","false","K","V","{""modalities"":[""K"",""V""],""primaryModality"":""V"",""knowledgeExplanationRequired"":true,""virtualDemonstrationRequired"":true,""physicalExecutionRequired"":false,""measuredOrReviewedResultRequired"":false,""physicalCompetenceClaim"":false,""reviewerRequired"":false,""measurableAcceptanceCriteria"":[],""evidenceArtifacts"":[""evidence.miyota8215.distinguish-data-reconstruction""],""classificationMethod"":""explicit-metadata"",""confidence"":""high""}","simulation","normal","normal","partial","manual-review","[]","[]","true"
"wplab.horology.miyota8215","route.miyota8215.complete","module.miyota8215.architecture","lesson.miyota8215.architecture","activity.miyota8215.classify-subsystems","1","Clasificar subsistemas","guided-practice / guided-practice","4-work-on-real-calibre","core","system-overview","[""graduated-hints:6"",""support:guided"",""worked-example"",""graduated-attempts""]","false","false","false","[""evidence.miyota8215.recognize-subsystems:procedure""]","false","false","K","V","{""modalities"":[""K"",""V""],""primaryModality"":""V"",""knowledgeExplanationRequired"":true,""virtualDemonstrationRequired"":true,""physicalExecutionRequired"":false,""measuredOrReviewedResultRequired"":false,""physicalCompetenceClaim"":false,""reviewerRequired"":false,""measurableAcceptanceCriteria"":[],""evidenceArtifacts"":[""evidence.miyota8215.recognize-subsystems""],""classificationMethod"":""explicit-metadata"",""confidence"":""high""}","simulation","normal","normal","partial","manual-review","[]","[]","true"
"wplab.horology.miyota8215","route.miyota8215.complete","module.miyota8215.architecture","lesson.miyota8215.architecture","activity.miyota8215.reconstruct-layers","2","Reconstruir capas ocultas","guided-practice / completion-problem","4-work-on-real-calibre","core","system-overview","[""graduated-hints:6"",""support:faded"",""worked-example"",""graduated-attempts""]","false","false","false","[""evidence.miyota8215.recognize-subsystems:procedure""]","false","false","K","V","{""modalities"":[""K"",""V""],""primaryModality"":""V"",""knowledgeExplanationRequired"":true,""virtualDemonstrationRequired"":true,""physicalExecutionRequired"":false,""measuredOrReviewedResultRequired"":false,""physicalCompetenceClaim"":false,""reviewerRequired"":false,""measurableAcceptanceCriteria"":[],""evidenceArtifacts"":[""evidence.miyota8215.recognize-subsystems""],""classificationMethod"":""explicit-metadata"",""confidence"":""high""}","simulation","normal","normal","partial","manual-review","[]","[]","true"
"wplab.horology.miyota8215","route.miyota8215.complete","module.miyota8215.automatic","lesson.miyota8215.automatic","activity.miyota8215.follow-automatic","1","Seguir la carga automática","guided-practice / worked-example","4-work-on-real-calibre","core","calibre-service","[""graduated-hints:6"",""support:full"",""worked-example"",""graduated-attempts""]","false","false","false","[""evidence.miyota8215.explain-automatic:procedure""]","false","false","K","V","{""modalities"":[""K"",""V""],""primaryModality"":""V"",""knowledgeExplanationRequired"":true,""virtualDemonstrationRequired"":true,""physicalExecutionRequired"":false,""measuredOrReviewedResultRequired"":false,""physicalCompetenceClaim"":false,""reviewerRequired"":false,""measurableAcceptanceCriteria"":[],""evidenceArtifacts"":[""evidence.miyota8215.explain-automatic""],""classificationMethod"":""explicit-metadata"",""confidence"":""high""}","simulation","normal","normal","partial","manual-review","[]","[]","true"
"wplab.horology.miyota8215","route.miyota8215.complete","module.miyota8215.automatic","lesson.miyota8215.automatic","activity.miyota8215.compare-automatic-conceptual","2","Comparar automático real y conceptual","comparison / worked-example","4-work-on-real-calibre","core","calibre-service","[""graduated-hints:6"",""support:full"",""worked-example"",""graduated-attempts""]","false","false","false","[""evidence.miyota8215.explain-automatic:procedure""]","false","false","K","V","{""modalities"":[""K"",""V""],""primaryModality"":""V"",""knowledgeExplanationRequired"":true,""virtualDemonstrationRequired"":true,""physicalExecutionRequired"":false,""measuredOrReviewedResultRequired"":false,""physicalCompetenceClaim"":false,""reviewerRequired"":false,""measurableAcceptanceCriteria"":[],""evidenceArtifacts"":[""evidence.miyota8215.explain-automatic""],""classificationMethod"":""explicit-metadata"",""confidence"":""high""}","simulation","normal","normal","partial","manual-review","[]","[]","true"
"wplab.horology.miyota8215","route.miyota8215.complete","module.miyota8215.winding-setting","lesson.miyota8215.winding-setting","activity.miyota8215.reconstruct-winding-states","1","Reconstruir estados de cuerda y puesta en hora","guided-practice / completion-problem","4-work-on-real-calibre","core","calibre-service","[""graduated-hints:6"",""support:faded"",""worked-example"",""graduated-attempts""]","false","false","false","[""evidence.miyota8215.explain-winding-setting:procedure""]","false","false","K","V","{""modalities"":[""K"",""V""],""primaryModality"":""V"",""knowledgeExplanationRequired"":true,""virtualDemonstrationRequired"":true,""physicalExecutionRequired"":false,""measuredOrReviewedResultRequired"":false,""physicalCompetenceClaim"":false,""reviewerRequired"":false,""measurableAcceptanceCriteria"":[],""evidenceArtifacts"":[""evidence.miyota8215.explain-winding-setting""],""classificationMethod"":""explicit-metadata"",""confidence"":""high""}","simulation","normal","normal","partial","manual-review","[]","[]","true"
"wplab.horology.miyota8215","route.miyota8215.complete","module.miyota8215.winding-setting","lesson.miyota8215.winding-setting","activity.miyota8215.trace-manual-winding","2","Seguir la cuerda manual","guided-practice / worked-example","4-work-on-real-calibre","core","calibre-service","[""graduated-hints:6"",""support:full"",""worked-example"",""graduated-attempts""]","false","false","false","[""evidence.miyota8215.explain-winding-setting:procedure""]","false","false","K","V","{""modalities"":[""K"",""V""],""primaryModality"":""V"",""knowledgeExplanationRequired"":true,""virtualDemonstrationRequired"":true,""physicalExecutionRequired"":false,""measuredOrReviewedResultRequired"":false,""physicalCompetenceClaim"":false,""reviewerRequired"":false,""measurableAcceptanceCriteria"":[],""evidenceArtifacts"":[""evidence.miyota8215.explain-winding-setting""],""classificationMethod"":""explicit-metadata"",""confidence"":""high""}","simulation","normal","normal","partial","manual-review","[]","[]","true"
"wplab.horology.miyota8215","route.miyota8215.complete","module.miyota8215.calendar","lesson.miyota8215.calendar","activity.miyota8215.explain-calendar","1","Explicar el calendario","guided-practice / guided-practice","4-work-on-real-calibre","core","calibre-service","[""graduated-hints:6"",""support:guided"",""worked-example"",""graduated-attempts""]","false","false","false","[""evidence.miyota8215.explain-calendar:procedure""]","false","false","K","V","{""modalities"":[""K"",""V""],""primaryModality"":""V"",""knowledgeExplanationRequired"":true,""virtualDemonstrationRequired"":true,""physicalExecutionRequired"":false,""measuredOrReviewedResultRequired"":false,""physicalCompetenceClaim"":false,""reviewerRequired"":false,""measurableAcceptanceCriteria"":[],""evidenceArtifacts"":[""evidence.miyota8215.explain-calendar""],""classificationMethod"":""explicit-metadata"",""confidence"":""high""}","simulation","normal","normal","partial","manual-review","[]","[]","true"
"wplab.horology.miyota8215","route.miyota8215.complete","module.miyota8215.calendar","lesson.miyota8215.calendar","activity.miyota8215.run-calendar-cycle","2","Recorrer un ciclo de fecha","guided-practice / guided-practice","4-work-on-real-calibre","core","calibre-service","[""graduated-hints:6"",""support:guided"",""worked-example"",""graduated-attempts""]","false","false","false","[""evidence.miyota8215.explain-calendar:procedure""]","false","false","K","V","{""modalities"":[""K"",""V""],""primaryModality"":""V"",""knowledgeExplanationRequired"":true,""virtualDemonstrationRequired"":true,""physicalExecutionRequired"":false,""measuredOrReviewedResultRequired"":false,""physicalCompetenceClaim"":false,""reviewerRequired"":false,""measurableAcceptanceCriteria"":[],""evidenceArtifacts"":[""evidence.miyota8215.explain-calendar""],""classificationMethod"":""explicit-metadata"",""confidence"":""high""}","simulation","normal","normal","partial","manual-review","[]","[]","true"
"wplab.horology.miyota8215","route.miyota8215.complete","module.miyota8215.barrel-energy","lesson.miyota8215.barrel-energy","activity.miyota8215.follow-barrel-energy","1","Seguir la energía desde el barrilete","guided-practice / worked-example","4-work-on-real-calibre","core","calibre-service","[""graduated-hints:6"",""support:full"",""worked-example"",""graduated-attempts""]","false","false","false","[""evidence.miyota8215.explain-energy-chain:procedure""]","false","false","K","V","{""modalities"":[""K"",""V""],""primaryModality"":""V"",""knowledgeExplanationRequired"":true,""virtualDemonstrationRequired"":true,""physicalExecutionRequired"":false,""measuredOrReviewedResultRequired"":false,""physicalCompetenceClaim"":false,""reviewerRequired"":false,""measurableAcceptanceCriteria"":[],""evidenceArtifacts"":[""evidence.miyota8215.explain-energy-chain""],""classificationMethod"":""explicit-metadata"",""confidence"":""high""}","simulation","normal","normal","partial","manual-review","[]","[]","true"
"wplab.horology.miyota8215","route.miyota8215.complete","module.miyota8215.barrel-energy","lesson.miyota8215.barrel-energy","activity.miyota8215.compare-barrel-conceptual","2","Comparar barrilete real y conceptual","comparison / worked-example","4-work-on-real-calibre","core","calibre-service","[""graduated-hints:6"",""support:full"",""worked-example"",""graduated-attempts""]","false","false","false","[""evidence.miyota8215.explain-energy-chain:procedure""]","false","false","K","V","{""modalities"":[""K"",""V""],""primaryModality"":""V"",""knowledgeExplanationRequired"":true,""virtualDemonstrationRequired"":true,""physicalExecutionRequired"":false,""measuredOrReviewedResultRequired"":false,""physicalCompetenceClaim"":false,""reviewerRequired"":false,""measurableAcceptanceCriteria"":[],""evidenceArtifacts"":[""evidence.miyota8215.explain-energy-chain""],""classificationMethod"":""explicit-metadata"",""confidence"":""high""}","simulation","normal","normal","partial","manual-review","[]","[]","true"
"wplab.horology.miyota8215","route.miyota8215.complete","module.miyota8215.train","lesson.miyota8215.train","activity.miyota8215.identify-train","1","Identificar el tren","guided-practice / guided-practice","4-work-on-real-calibre","core","calibre-service","[""graduated-hints:6"",""support:guided"",""worked-example"",""graduated-attempts""]","false","false","false","[""evidence.miyota8215.identify-train:procedure""]","false","false","K","V","{""modalities"":[""K"",""V""],""primaryModality"":""V"",""knowledgeExplanationRequired"":true,""virtualDemonstrationRequired"":true,""physicalExecutionRequired"":false,""measuredOrReviewedResultRequired"":false,""physicalCompetenceClaim"":false,""reviewerRequired"":false,""measurableAcceptanceCriteria"":[],""evidenceArtifacts"":[""evidence.miyota8215.identify-train""],""classificationMethod"":""explicit-metadata"",""confidence"":""high""}","simulation","normal","normal","partial","manual-review","[]","[]","true"
"wplab.horology.miyota8215","route.miyota8215.complete","module.miyota8215.train","lesson.miyota8215.train","activity.miyota8215.interrupt-train","2","Interrumpir y comprobar el tren","guided-practice / guided-practice","4-work-on-real-calibre","core","calibre-service","[""graduated-hints:6"",""support:guided"",""worked-example"",""graduated-attempts""]","false","false","false","[""evidence.miyota8215.verify-partially:procedure""]","false","false","K","V","{""modalities"":[""K"",""V""],""primaryModality"":""V"",""knowledgeExplanationRequired"":true,""virtualDemonstrationRequired"":true,""physicalExecutionRequired"":false,""measuredOrReviewedResultRequired"":false,""physicalCompetenceClaim"":false,""reviewerRequired"":false,""measurableAcceptanceCriteria"":[],""evidenceArtifacts"":[""evidence.miyota8215.verify-partially""],""classificationMethod"":""explicit-metadata"",""confidence"":""high""}","simulation","normal","normal","partial","manual-review","[]","[]","true"
"wplab.horology.miyota8215","route.miyota8215.complete","module.miyota8215.escapement-oscillator","lesson.miyota8215.escapement-oscillator","activity.miyota8215.follow-escapement","1","Seguir el escape","guided-practice / worked-example","4-work-on-real-calibre","core","calibre-service","[""graduated-hints:6"",""support:full"",""worked-example"",""graduated-attempts""]","false","false","false","[""evidence.miyota8215.explain-escapement-oscillator:procedure""]","false","false","K","V","{""modalities"":[""K"",""V""],""primaryModality"":""V"",""knowledgeExplanationRequired"":true,""virtualDemonstrationRequired"":true,""physicalExecutionRequired"":false,""measuredOrReviewedResultRequired"":false,""physicalCompetenceClaim"":false,""reviewerRequired"":false,""measurableAcceptanceCriteria"":[],""evidenceArtifacts"":[""evidence.miyota8215.explain-escapement-oscillator""],""classificationMethod"":""explicit-metadata"",""confidence"":""high""}","simulation","normal","normal","partial","manual-review","[]","[]","true"
"wplab.horology.miyota8215","route.miyota8215.complete","module.miyota8215.escapement-oscillator","lesson.miyota8215.escapement-oscillator","activity.miyota8215.compare-conceptual-real","2","Comparar el escape conceptual y el modelo estructural","comparison / worked-example","4-work-on-real-calibre","core","calibre-service","[""graduated-hints:6"",""support:full"",""worked-example"",""graduated-attempts""]","false","false","false","[""evidence.miyota8215.explain-escapement-oscillator:procedure""]","false","false","K","V","{""modalities"":[""K"",""V""],""primaryModality"":""V"",""knowledgeExplanationRequired"":true,""virtualDemonstrationRequired"":true,""physicalExecutionRequired"":false,""measuredOrReviewedResultRequired"":false,""physicalCompetenceClaim"":false,""reviewerRequired"":false,""measurableAcceptanceCriteria"":[],""evidenceArtifacts"":[""evidence.miyota8215.explain-escapement-oscillator""],""classificationMethod"":""explicit-metadata"",""confidence"":""high""}","simulation","normal","normal","partial","manual-review","[]","[]","true"
"wplab.horology.miyota8215","route.miyota8215.complete","module.miyota8215.plan-disassembly","lesson.miyota8215.plan-disassembly","activity.miyota8215.prepare-workbench","1","Preparar banco","guided-practice / guided-practice","4-work-on-real-calibre","core","calibre-service","[""graduated-hints:6"",""support:guided"",""worked-example"",""graduated-attempts""]","false","false","false","[""evidence.miyota8215.prepare-disassembly:procedure""]","false","false","K","V","{""modalities"":[""K"",""V""],""primaryModality"":""V"",""knowledgeExplanationRequired"":true,""virtualDemonstrationRequired"":true,""physicalExecutionRequired"":false,""measuredOrReviewedResultRequired"":false,""physicalCompetenceClaim"":false,""reviewerRequired"":false,""measurableAcceptanceCriteria"":[],""evidenceArtifacts"":[""evidence.miyota8215.prepare-disassembly""],""classificationMethod"":""explicit-metadata"",""confidence"":""high""}","simulation","normal","normal","partial","manual-review","[]","[]","true"
"wplab.horology.miyota8215","route.miyota8215.complete","module.miyota8215.plan-disassembly","lesson.miyota8215.plan-disassembly","activity.miyota8215.create-disassembly-plan","2","Crear plan de desmontaje","guided-practice / guided-practice","4-work-on-real-calibre","core","calibre-service","[""graduated-hints:6"",""support:guided"",""worked-example"",""graduated-attempts""]","false","false","false","[""evidence.miyota8215.prepare-disassembly:procedure""]","false","false","K","V","{""modalities"":[""K"",""V""],""primaryModality"":""V"",""knowledgeExplanationRequired"":true,""virtualDemonstrationRequired"":true,""physicalExecutionRequired"":false,""measuredOrReviewedResultRequired"":false,""physicalCompetenceClaim"":false,""reviewerRequired"":false,""measurableAcceptanceCriteria"":[],""evidenceArtifacts"":[""evidence.miyota8215.prepare-disassembly""],""classificationMethod"":""explicit-metadata"",""confidence"":""high""}","simulation","normal","normal","partial","manual-review","[]","[]","true"
"wplab.horology.miyota8215","route.miyota8215.complete","module.miyota8215.guided-disassembly","lesson.miyota8215.guided-disassembly","activity.miyota8215.remove-rotor","1","Retirar rotor","guided-practice / guided-practice","4-work-on-real-calibre","core","calibre-service","[""graduated-hints:6"",""support:guided"",""worked-example"",""graduated-attempts""]","false","false","false","[""evidence.miyota8215.virtual-disassembly:procedure""]","false","false","K","V","{""modalities"":[""K"",""V""],""primaryModality"":""V"",""knowledgeExplanationRequired"":true,""virtualDemonstrationRequired"":true,""physicalExecutionRequired"":false,""measuredOrReviewedResultRequired"":false,""physicalCompetenceClaim"":false,""reviewerRequired"":false,""measurableAcceptanceCriteria"":[],""evidenceArtifacts"":[""evidence.miyota8215.virtual-disassembly""],""classificationMethod"":""curated-override"",""confidence"":""high""}","simulation","normal","normal","partial","manual-review","[]","[]","true"
"wplab.horology.miyota8215","route.miyota8215.complete","module.miyota8215.guided-disassembly","lesson.miyota8215.guided-disassembly","activity.miyota8215.manage-fasteners","2","Gestionar tornillos","guided-practice / guided-practice","4-work-on-real-calibre","core","calibre-service","[""graduated-hints:6"",""support:guided"",""worked-example"",""graduated-attempts""]","false","false","false","[""evidence.miyota8215.preserve-identity-orientation:procedure""]","false","false","K","V","{""modalities"":[""K"",""V""],""primaryModality"":""V"",""knowledgeExplanationRequired"":true,""virtualDemonstrationRequired"":true,""physicalExecutionRequired"":false,""measuredOrReviewedResultRequired"":false,""physicalCompetenceClaim"":false,""reviewerRequired"":false,""measurableAcceptanceCriteria"":[],""evidenceArtifacts"":[""evidence.miyota8215.preserve-identity-orientation""],""classificationMethod"":""curated-override"",""confidence"":""high""}","simulation","normal","normal","partial","manual-review","[]","[]","true"
"wplab.horology.miyota8215","route.miyota8215.complete","module.miyota8215.guided-disassembly","lesson.miyota8215.guided-disassembly","activity.miyota8215.guided-disassembly","3","Completar desmontaje guiado disponible","guided-practice / worked-example","4-work-on-real-calibre","core","calibre-service","[""graduated-hints:6"",""support:full"",""worked-example"",""graduated-attempts""]","false","false","false","[""evidence.miyota8215.virtual-disassembly:procedure""]","false","false","K","V","{""modalities"":[""K"",""V""],""primaryModality"":""V"",""knowledgeExplanationRequired"":true,""virtualDemonstrationRequired"":true,""physicalExecutionRequired"":false,""measuredOrReviewedResultRequired"":false,""physicalCompetenceClaim"":false,""reviewerRequired"":false,""measurableAcceptanceCriteria"":[],""evidenceArtifacts"":[""evidence.miyota8215.virtual-disassembly""],""classificationMethod"":""curated-override"",""confidence"":""high""}","simulation","normal","normal","partial","manual-review","[]","[]","true"
"wplab.horology.miyota8215","route.miyota8215.complete","module.miyota8215.assisted-free-disassembly","lesson.miyota8215.assisted-free-disassembly","activity.miyota8215.assisted-disassembly","1","Completar desmontaje asistido","guided-practice / completion-problem","4-work-on-real-calibre","core","calibre-service","[""graduated-hints:6"",""support:faded"",""worked-example"",""graduated-attempts""]","false","false","false","[""evidence.miyota8215.virtual-disassembly:procedure""]","false","false","K","V","{""modalities"":[""K"",""V""],""primaryModality"":""V"",""knowledgeExplanationRequired"":true,""virtualDemonstrationRequired"":true,""physicalExecutionRequired"":false,""measuredOrReviewedResultRequired"":false,""physicalCompetenceClaim"":false,""reviewerRequired"":false,""measurableAcceptanceCriteria"":[],""evidenceArtifacts"":[""evidence.miyota8215.virtual-disassembly""],""classificationMethod"":""explicit-metadata"",""confidence"":""high""}","simulation","normal","normal","aligned","manual-review","[]","[]","true"
"wplab.horology.miyota8215","route.miyota8215.complete","module.miyota8215.assisted-free-disassembly","lesson.miyota8215.assisted-free-disassembly","activity.miyota8215.free-disassembly","2","Realizar práctica libre","guided-practice / independent-practice","4-work-on-real-calibre","core","calibre-service","[""graduated-hints:6"",""support:independent"",""worked-example"",""graduated-attempts""]","false","false","false","[""evidence.miyota8215.virtual-disassembly:procedure""]","false","false","V","V","{""modalities"":[""K"",""V""],""primaryModality"":""V"",""knowledgeExplanationRequired"":true,""virtualDemonstrationRequired"":true,""physicalExecutionRequired"":false,""measuredOrReviewedResultRequired"":false,""physicalCompetenceClaim"":false,""reviewerRequired"":false,""measurableAcceptanceCriteria"":[],""evidenceArtifacts"":[""evidence.miyota8215.virtual-disassembly""],""classificationMethod"":""explicit-metadata"",""confidence"":""high""}","simulation","normal","normal","aligned","manual-review","[]","[]","true"
"wplab.horology.miyota8215","route.miyota8215.complete","module.miyota8215.inspection","lesson.miyota8215.inspection","activity.miyota8215.inspect-parts","1","Inspeccionar piezas","guided-practice / guided-practice","4-work-on-real-calibre","core","inspection","[""graduated-hints:6"",""support:guided"",""worked-example"",""graduated-attempts""]","false","false","false","[""evidence.miyota8215.inspect:procedure""]","false","false","K","R","{""modalities"":[""K"",""V"",""R""],""primaryModality"":""R"",""knowledgeExplanationRequired"":true,""virtualDemonstrationRequired"":true,""physicalExecutionRequired"":false,""measuredOrReviewedResultRequired"":true,""physicalCompetenceClaim"":false,""reviewerRequired"":true,""measurableAcceptanceCriteria"":[],""evidenceArtifacts"":[""evidence.miyota8215.inspect""],""classificationMethod"":""curated-override"",""confidence"":""high""}","simulation","normal","normal","partial","manual-review","[]","[]","true"
"wplab.horology.miyota8215","route.miyota8215.complete","module.miyota8215.inspection","lesson.miyota8215.inspection","activity.miyota8215.detect-symbolic-defect","2","Detectar un defecto simbólico","guided-practice / diagnostic","4-work-on-real-calibre","core","inspection","[""graduated-hints:6"",""support:guided"",""worked-example"",""graduated-attempts""]","false","false","false","[""evidence.miyota8215.inspect:procedure""]","false","false","K","V","{""modalities"":[""K"",""V""],""primaryModality"":""V"",""knowledgeExplanationRequired"":true,""virtualDemonstrationRequired"":true,""physicalExecutionRequired"":false,""measuredOrReviewedResultRequired"":false,""physicalCompetenceClaim"":false,""reviewerRequired"":false,""measurableAcceptanceCriteria"":[],""evidenceArtifacts"":[""evidence.miyota8215.inspect""],""classificationMethod"":""explicit-metadata"",""confidence"":""high""}","simulation","normal","normal","partial","manual-review","[]","[]","true"
"wplab.horology.miyota8215","route.miyota8215.complete","module.miyota8215.assembly-verification","lesson.miyota8215.assembly-verification","activity.miyota8215.guided-assembly","1","Montar en modo guiado","guided-practice / worked-example","4-work-on-real-calibre","core","calibre-service","[""graduated-hints:6"",""support:full"",""worked-example"",""graduated-attempts""]","false","false","false","[""evidence.miyota8215.virtual-assembly:procedure""]","false","false","K","V","{""modalities"":[""K"",""V""],""primaryModality"":""V"",""knowledgeExplanationRequired"":true,""virtualDemonstrationRequired"":true,""physicalExecutionRequired"":false,""measuredOrReviewedResultRequired"":false,""physicalCompetenceClaim"":false,""reviewerRequired"":false,""measurableAcceptanceCriteria"":[],""evidenceArtifacts"":[""evidence.miyota8215.virtual-assembly""],""classificationMethod"":""explicit-metadata"",""confidence"":""high""}","simulation","normal","normal","partial","manual-review","[]","[]","true"
"wplab.horology.miyota8215","route.miyota8215.complete","module.miyota8215.assembly-verification","lesson.miyota8215.assembly-verification","activity.miyota8215.assisted-assembly","2","Montar en modo asistido","guided-practice / completion-problem","4-work-on-real-calibre","core","calibre-service","[""graduated-hints:6"",""support:faded"",""worked-example"",""graduated-attempts""]","false","false","false","[""evidence.miyota8215.virtual-assembly:procedure""]","false","false","K","V","{""modalities"":[""K"",""V""],""primaryModality"":""V"",""knowledgeExplanationRequired"":true,""virtualDemonstrationRequired"":true,""physicalExecutionRequired"":false,""measuredOrReviewedResultRequired"":false,""physicalCompetenceClaim"":false,""reviewerRequired"":false,""measurableAcceptanceCriteria"":[],""evidenceArtifacts"":[""evidence.miyota8215.virtual-assembly""],""classificationMethod"":""explicit-metadata"",""confidence"":""high""}","simulation","normal","normal","partial","manual-review","[]","[]","true"
"wplab.horology.miyota8215","route.miyota8215.complete","module.miyota8215.assembly-verification","lesson.miyota8215.assembly-verification","activity.miyota8215.free-assembly","3","Montar en modo libre","guided-practice / independent-practice","4-work-on-real-calibre","core","calibre-service","[""graduated-hints:6"",""support:independent"",""worked-example"",""graduated-attempts""]","false","false","false","[""evidence.miyota8215.virtual-assembly:procedure""]","false","false","V","V","{""modalities"":[""K"",""V""],""primaryModality"":""V"",""knowledgeExplanationRequired"":true,""virtualDemonstrationRequired"":true,""physicalExecutionRequired"":false,""measuredOrReviewedResultRequired"":false,""physicalCompetenceClaim"":false,""reviewerRequired"":false,""measurableAcceptanceCriteria"":[],""evidenceArtifacts"":[""evidence.miyota8215.virtual-assembly""],""classificationMethod"":""explicit-metadata"",""confidence"":""high""}","simulation","normal","normal","partial","manual-review","[]","[]","true"
"wplab.horology.miyota8215","route.miyota8215.complete","module.miyota8215.assembly-verification","lesson.miyota8215.assembly-verification","activity.miyota8215.partial-verifications","4","Realizar comprobaciones parciales","guided-practice / guided-practice","4-work-on-real-calibre","core","calibre-service","[""graduated-hints:6"",""support:guided"",""worked-example"",""graduated-attempts""]","false","false","false","[""evidence.miyota8215.verify-partially:procedure""]","false","false","K","V","{""modalities"":[""K"",""V""],""primaryModality"":""V"",""knowledgeExplanationRequired"":true,""virtualDemonstrationRequired"":true,""physicalExecutionRequired"":false,""measuredOrReviewedResultRequired"":false,""physicalCompetenceClaim"":false,""reviewerRequired"":false,""measurableAcceptanceCriteria"":[],""evidenceArtifacts"":[""evidence.miyota8215.verify-partially""],""classificationMethod"":""explicit-metadata"",""confidence"":""high""}","simulation","normal","normal","partial","manual-review","[]","[]","true"
"wplab.horology.miyota8215","route.miyota8215.complete","module.miyota8215.diagnosis-project","lesson.miyota8215.diagnosis-project","activity.miyota8215.identify-affected-subsystem","1","Identificar un subsistema afectado","guided-practice / guided-practice","4-work-on-real-calibre","core","diagnosis-case","[""graduated-hints:6"",""support:guided"",""worked-example"",""graduated-attempts""]","false","false","false","[""evidence.miyota8215.form-hypothesis:observation""]","false","false","K","V","{""modalities"":[""K"",""V""],""primaryModality"":""V"",""knowledgeExplanationRequired"":true,""virtualDemonstrationRequired"":true,""physicalExecutionRequired"":false,""measuredOrReviewedResultRequired"":false,""physicalCompetenceClaim"":false,""reviewerRequired"":false,""measurableAcceptanceCriteria"":[],""evidenceArtifacts"":[""evidence.miyota8215.form-hypothesis""],""classificationMethod"":""explicit-metadata"",""confidence"":""high""}","simulation","normal","normal","partial","manual-review","[]","[]","true"
"wplab.horology.miyota8215","route.miyota8215.complete","module.miyota8215.diagnosis-project","lesson.miyota8215.diagnosis-project","activity.miyota8215.form-hypothesis","2","Formular hipótesis","guided-practice / diagnostic","4-work-on-real-calibre","core","diagnosis-case","[""graduated-hints:6"",""support:guided"",""worked-example"",""graduated-attempts""]","false","false","false","[""evidence.miyota8215.form-hypothesis:observation""]","false","false","K","V","{""modalities"":[""K"",""V""],""primaryModality"":""V"",""knowledgeExplanationRequired"":true,""virtualDemonstrationRequired"":true,""physicalExecutionRequired"":false,""measuredOrReviewedResultRequired"":false,""physicalCompetenceClaim"":false,""reviewerRequired"":false,""measurableAcceptanceCriteria"":[],""evidenceArtifacts"":[""evidence.miyota8215.form-hypothesis""],""classificationMethod"":""explicit-metadata"",""confidence"":""high""}","simulation","normal","normal","partial","manual-review","[]","[]","true"
"wplab.horology.miyota8215","route.miyota8215.complete","module.miyota8215.diagnosis-project","lesson.miyota8215.diagnosis-project","activity.miyota8215.select-verification","3","Seleccionar comprobación","guided-practice / diagnostic","4-work-on-real-calibre","core","diagnosis-case","[""graduated-hints:6"",""support:guided"",""worked-example"",""graduated-attempts""]","false","false","false","[""evidence.miyota8215.conceptual-diagnosis:observation""]","false","false","K","V","{""modalities"":[""K"",""V""],""primaryModality"":""V"",""knowledgeExplanationRequired"":true,""virtualDemonstrationRequired"":true,""physicalExecutionRequired"":false,""measuredOrReviewedResultRequired"":false,""physicalCompetenceClaim"":false,""reviewerRequired"":false,""measurableAcceptanceCriteria"":[],""evidenceArtifacts"":[""evidence.miyota8215.conceptual-diagnosis""],""classificationMethod"":""explicit-metadata"",""confidence"":""high""}","simulation","normal","normal","partial","manual-review","[]","[]","true"
"wplab.horology.miyota8215","route.miyota8215.complete","module.miyota8215.diagnosis-project","lesson.miyota8215.diagnosis-project","activity.miyota8215.complete-diagnosis","4","Completar diagnóstico","guided-practice / mastery-check","4-work-on-real-calibre","core","diagnosis-case","[""graduated-hints:6"",""support:independent"",""worked-example"",""graduated-attempts""]","true","false","false","[""evidence.miyota8215.conceptual-diagnosis:observation""]","false","false","V","R","{""modalities"":[""K"",""V"",""R""],""primaryModality"":""R"",""knowledgeExplanationRequired"":true,""virtualDemonstrationRequired"":true,""physicalExecutionRequired"":false,""measuredOrReviewedResultRequired"":true,""physicalCompetenceClaim"":false,""reviewerRequired"":true,""measurableAcceptanceCriteria"":[],""evidenceArtifacts"":[""evidence.miyota8215.conceptual-diagnosis""],""classificationMethod"":""curated-override"",""confidence"":""high""}","simulation","normal","normal","partial","manual-review","[]","[]","true"
"wplab.horology.miyota8215","route.miyota8215.complete","module.miyota8215.diagnosis-project","lesson.miyota8215.diagnosis-project","activity.miyota8215.final-project","5","Completar proyecto final","guided-practice / transfer","4-work-on-real-calibre","core","diagnosis-case","[""graduated-hints:6"",""support:independent"",""worked-example"",""graduated-attempts""]","true","true","false","[""evidence.miyota8215.document-calibre:artifact""]","false","false","R","R","{""modalities"":[""K"",""V"",""R""],""primaryModality"":""R"",""knowledgeExplanationRequired"":true,""virtualDemonstrationRequired"":true,""physicalExecutionRequired"":false,""measuredOrReviewedResultRequired"":true,""physicalCompetenceClaim"":false,""reviewerRequired"":false,""measurableAcceptanceCriteria"":[],""evidenceArtifacts"":[""evidence.miyota8215.document-calibre""],""classificationMethod"":""explicit-metadata"",""confidence"":""high""}","simulation","normal","normal","partial","keep","[]","[]","true"
"wplab.horology.watchmaking-encyclopedia","route.encyclopedia.cases-water","module.encyclopedia.cases-water.arquitectura-de-caja","lesson.encyclopedia.cases-water.arquitectura-de-caja","activity.encyclopedia.cases-water.arquitectura-de-caja","1","Explicar y transferir: Arquitectura de caja y encaje del movimiento","guided-practice / guided-practice","5-build-complete-watch","core","design","[""support:guided"",""worked-example"",""graduated-attempts""]","false","false","false","[""evidence.encyclopedia.cases-water.arquitectura-de-caja:answer""]","false","false","K","V","{""modalities"":[""K"",""V""],""primaryModality"":""V"",""knowledgeExplanationRequired"":true,""virtualDemonstrationRequired"":true,""physicalExecutionRequired"":false,""measuredOrReviewedResultRequired"":false,""physicalCompetenceClaim"":false,""reviewerRequired"":false,""measurableAcceptanceCriteria"":[],""evidenceArtifacts"":[""evidence.encyclopedia.cases-water.arquitectura-de-caja""],""classificationMethod"":""explicit-metadata"",""confidence"":""high""}","simulation","normal","normal","aligned","keep","[]","[]","false"
"wplab.horology.watchmaking-encyclopedia","route.encyclopedia.cases-water","module.encyclopedia.cases-water.corona-tubo-y-tija","lesson.encyclopedia.cases-water.corona-tubo-y-tija","activity.encyclopedia.cases-water.corona-tubo-y-tija","1","Explicar y transferir: Corona, tubo, tija y órganos de mando","guided-practice / guided-practice","5-build-complete-watch","core","design","[""support:guided"",""worked-example"",""graduated-attempts""]","false","false","false","[""evidence.encyclopedia.cases-water.corona-tubo-y-tija:answer""]","false","false","K","V","{""modalities"":[""K"",""V""],""primaryModality"":""V"",""knowledgeExplanationRequired"":true,""virtualDemonstrationRequired"":true,""physicalExecutionRequired"":false,""measuredOrReviewedResultRequired"":false,""physicalCompetenceClaim"":false,""reviewerRequired"":false,""measurableAcceptanceCriteria"":[],""evidenceArtifacts"":[""evidence.encyclopedia.cases-water.corona-tubo-y-tija""],""classificationMethod"":""explicit-metadata"",""confidence"":""high""}","simulation","normal","normal","aligned","keep","[]","[]","false"
"wplab.horology.watchmaking-encyclopedia","route.encyclopedia.cases-water","module.encyclopedia.cases-water.cristales-y-biseles","lesson.encyclopedia.cases-water.cristales-y-biseles","activity.encyclopedia.cases-water.cristales-y-biseles","1","Explicar y transferir: Cristales, biseles, tensiones y adhesivos","guided-practice / guided-practice","5-build-complete-watch","core","design","[""support:guided"",""worked-example"",""graduated-attempts""]","false","false","false","[""evidence.encyclopedia.cases-water.cristales-y-biseles:answer""]","false","false","K","V","{""modalities"":[""K"",""V""],""primaryModality"":""V"",""knowledgeExplanationRequired"":true,""virtualDemonstrationRequired"":true,""physicalExecutionRequired"":false,""measuredOrReviewedResultRequired"":false,""physicalCompetenceClaim"":false,""reviewerRequired"":false,""measurableAcceptanceCriteria"":[],""evidenceArtifacts"":[""evidence.encyclopedia.cases-water.cristales-y-biseles""],""classificationMethod"":""explicit-metadata"",""confidence"":""high""}","simulation","normal","normal","aligned","keep","[]","[]","false"
"wplab.horology.watchmaking-encyclopedia","route.encyclopedia.cases-water","module.encyclopedia.cases-water.juntas-y-sellado","lesson.encyclopedia.cases-water.juntas-y-sellado","activity.encyclopedia.cases-water.juntas-y-sellado","1","Explicar y transferir: Juntas, compresión y rutas de fuga","guided-practice / guided-practice","3-observe-measure-diagnose","core","measurement","[""support:guided"",""worked-example"",""graduated-attempts""]","false","false","false","[""evidence.encyclopedia.cases-water.juntas-y-sellado:answer""]","false","false","K","V","{""modalities"":[""K"",""V""],""primaryModality"":""V"",""knowledgeExplanationRequired"":true,""virtualDemonstrationRequired"":true,""physicalExecutionRequired"":false,""measuredOrReviewedResultRequired"":false,""physicalCompetenceClaim"":false,""reviewerRequired"":false,""measurableAcceptanceCriteria"":[],""evidenceArtifacts"":[""evidence.encyclopedia.cases-water.juntas-y-sellado""],""classificationMethod"":""explicit-metadata"",""confidence"":""high""}","simulation","normal","normal","aligned","keep","[]","[]","false"
"wplab.horology.watchmaking-encyclopedia","route.encyclopedia.cases-water","module.encyclopedia.cases-water.pruebas-de-presion","lesson.encyclopedia.cases-water.pruebas-de-presion","activity.encyclopedia.cases-water.pruebas-de-presion","1","Explicar y transferir: Pruebas de presión, condensación y límites de seguridad","guided-practice / guided-practice","3-observe-measure-diagnose","core","measurement","[""support:guided"",""worked-example"",""graduated-attempts""]","false","false","false","[""evidence.encyclopedia.cases-water.pruebas-de-presion:answer""]","false","false","K","V","{""modalities"":[""K"",""V""],""primaryModality"":""V"",""knowledgeExplanationRequired"":true,""virtualDemonstrationRequired"":true,""physicalExecutionRequired"":false,""measuredOrReviewedResultRequired"":false,""physicalCompetenceClaim"":false,""reviewerRequired"":false,""measurableAcceptanceCriteria"":[],""evidenceArtifacts"":[""evidence.encyclopedia.cases-water.pruebas-de-presion""],""classificationMethod"":""explicit-metadata"",""confidence"":""high""}","simulation","normal","normal","aligned","keep","[]","[]","false"
"wplab.horology.watchmaking-encyclopedia","route.encyclopedia.cases-water","module.encyclopedia.cases-water.brazaletes-y-restauracion-de-caja","lesson.encyclopedia.cases-water.brazaletes-y-restauracion-de-caja","activity.encyclopedia.cases-water.brazaletes-y-restauracion-de-caja","1","Explicar y transferir: Brazaletes, cierres y restauración responsable de caja","guided-practice / guided-practice","6-repair-adapt-manufacture-components","core","design","[""support:guided"",""worked-example"",""graduated-attempts""]","false","false","false","[""evidence.encyclopedia.cases-water.brazaletes-y-restauracion-de-caja:answer""]","false","false","K","V","{""modalities"":[""K"",""V""],""primaryModality"":""V"",""knowledgeExplanationRequired"":true,""virtualDemonstrationRequired"":true,""physicalExecutionRequired"":false,""measuredOrReviewedResultRequired"":false,""physicalCompetenceClaim"":false,""reviewerRequired"":false,""measurableAcceptanceCriteria"":[],""evidenceArtifacts"":[""evidence.encyclopedia.cases-water.brazaletes-y-restauracion-de-caja""],""classificationMethod"":""explicit-metadata"",""confidence"":""high""}","simulation","normal","normal","aligned","keep","[]","[]","false"
"wplab.horology.watchmaking-encyclopedia","route.encyclopedia.cases-water","module.encyclopedia.cases-water.toh-exterior-interfaces","lesson.encyclopedia.cases-water.toh-exterior-interfaces","activity.encyclopedia.cases-water.toh-exterior-interfaces","1","Explicar y transferir: Exterior del reloj como cadena de interfaces","guided-practice / guided-practice","5-build-complete-watch","core","design","[""support:guided"",""worked-example"",""graduated-attempts""]","false","false","false","[""evidence.encyclopedia.cases-water.toh-exterior-interfaces:answer""]","false","false","K","V","{""modalities"":[""K"",""V""],""primaryModality"":""V"",""knowledgeExplanationRequired"":true,""virtualDemonstrationRequired"":true,""physicalExecutionRequired"":false,""measuredOrReviewedResultRequired"":false,""physicalCompetenceClaim"":false,""reviewerRequired"":false,""measurableAcceptanceCriteria"":[],""evidenceArtifacts"":[""evidence.encyclopedia.cases-water.toh-exterior-interfaces""],""classificationMethod"":""explicit-metadata"",""confidence"":""high""}","simulation","normal","normal","aligned","keep","[]","[]","false"
"wplab.horology.watchmaking-encyclopedia","route.encyclopedia.cases-water","module.encyclopedia.cases-water.toh-materiales-exterior","lesson.encyclopedia.cases-water.toh-materiales-exterior","activity.encyclopedia.cases-water.toh-materiales-exterior","1","Explicar y transferir: Materiales, cristales, juntas y fijaciones exteriores","guided-practice / guided-practice","5-build-complete-watch","core","design","[""support:guided"",""worked-example"",""graduated-attempts""]","false","false","false","[""evidence.encyclopedia.cases-water.toh-materiales-exterior:answer""]","false","false","K","V","{""modalities"":[""K"",""V""],""primaryModality"":""V"",""knowledgeExplanationRequired"":true,""virtualDemonstrationRequired"":true,""physicalExecutionRequired"":false,""measuredOrReviewedResultRequired"":false,""physicalCompetenceClaim"":false,""reviewerRequired"":false,""measurableAcceptanceCriteria"":[],""evidenceArtifacts"":[""evidence.encyclopedia.cases-water.toh-materiales-exterior""],""classificationMethod"":""explicit-metadata"",""confidence"":""high""}","simulation","normal","normal","aligned","keep","[]","[]","false"
"wplab.horology.watchmaking-encyclopedia","route.encyclopedia.cases-water","module.encyclopedia.cases-water.chicago-caja-corona-tija","lesson.encyclopedia.cases-water.chicago-caja-corona-tija","activity.encyclopedia.cases-water.chicago-caja-corona-tija","1","Explicar y transferir: Expediente Chicago I: caja, corona, tubo y tija","guided-practice / guided-practice","6-repair-adapt-manufacture-components","historical-case","design","[""support:guided"",""worked-example"",""graduated-attempts""]","false","false","false","[""evidence.encyclopedia.cases-water.chicago-caja-corona-tija:answer""]","false","false","K","V","{""modalities"":[""K"",""V""],""primaryModality"":""V"",""knowledgeExplanationRequired"":true,""virtualDemonstrationRequired"":true,""physicalExecutionRequired"":false,""measuredOrReviewedResultRequired"":false,""physicalCompetenceClaim"":false,""reviewerRequired"":false,""measurableAcceptanceCriteria"":[],""evidenceArtifacts"":[""evidence.encyclopedia.cases-water.chicago-caja-corona-tija""],""classificationMethod"":""explicit-metadata"",""confidence"":""high""}","simulation","normal","normal","aligned","keep","[]","[]","false"
"wplab.horology.watchmaking-encyclopedia","route.encyclopedia.cases-water","module.encyclopedia.cases-water.chicago-cristales-fijaciones","lesson.encyclopedia.cases-water.chicago-cristales-fijaciones","activity.encyclopedia.cases-water.chicago-cristales-fijaciones","1","Explicar y transferir: Expediente Chicago II: cristales, biseles y fijaciones","explanation / transfer","6-repair-adapt-manufacture-components","historical-case","design","[""support:independent"",""worked-example"",""graduated-attempts""]","true","true","false","[""evidence.encyclopedia.cases-water.chicago-cristales-fijaciones:answer""]","false","false","K","V","{""modalities"":[""K"",""V""],""primaryModality"":""V"",""knowledgeExplanationRequired"":true,""virtualDemonstrationRequired"":true,""physicalExecutionRequired"":false,""measuredOrReviewedResultRequired"":false,""physicalCompetenceClaim"":false,""reviewerRequired"":false,""measurableAcceptanceCriteria"":[],""evidenceArtifacts"":[""evidence.encyclopedia.cases-water.chicago-cristales-fijaciones""],""classificationMethod"":""explicit-metadata"",""confidence"":""high""}","simulation","normal","normal","aligned","keep","[]","[]","false"
"wplab.horology.watchmaking-encyclopedia","route.encyclopedia.micromechanics","module.encyclopedia.micromechanics.trazado-medicion-y-sujecion","lesson.encyclopedia.micromechanics.trazado-medicion-y-sujecion","activity.encyclopedia.micromechanics.trazado-medicion-y-sujecion","1","Explicar y transferir: Trazado, referencias, medición y sujeción","guided-practice / guided-practice","6-repair-adapt-manufacture-components","core","manufacturing","[""support:guided"",""worked-example"",""graduated-attempts""]","false","false","false","[""evidence.encyclopedia.micromechanics.trazado-medicion-y-sujecion:answer""]","false","false","K","V","{""modalities"":[""K"",""V""],""primaryModality"":""V"",""knowledgeExplanationRequired"":true,""virtualDemonstrationRequired"":true,""physicalExecutionRequired"":false,""measuredOrReviewedResultRequired"":false,""physicalCompetenceClaim"":false,""reviewerRequired"":false,""measurableAcceptanceCriteria"":[],""evidenceArtifacts"":[""evidence.encyclopedia.micromechanics.trazado-medicion-y-sujecion""],""classificationMethod"":""explicit-metadata"",""confidence"":""high""}","specialist-workshop","normal","normal","aligned","keep","[]","[]","false"
"wplab.horology.watchmaking-encyclopedia","route.encyclopedia.micromechanics","module.encyclopedia.micromechanics.torno-y-trabajo-entre-puntos","lesson.encyclopedia.micromechanics.torno-y-trabajo-entre-puntos","activity.encyclopedia.micromechanics.torno-y-trabajo-entre-puntos","1","Explicar y transferir: Torno relojero, pinzas y trabajo entre puntos","guided-practice / guided-practice","6-repair-adapt-manufacture-components","core","manufacturing","[""support:guided"",""worked-example"",""graduated-attempts""]","false","false","false","[""evidence.encyclopedia.micromechanics.torno-y-trabajo-entre-puntos:answer""]","false","false","K","V","{""modalities"":[""K"",""V""],""primaryModality"":""V"",""knowledgeExplanationRequired"":true,""virtualDemonstrationRequired"":true,""physicalExecutionRequired"":false,""measuredOrReviewedResultRequired"":false,""physicalCompetenceClaim"":false,""reviewerRequired"":false,""measurableAcceptanceCriteria"":[],""evidenceArtifacts"":[""evidence.encyclopedia.micromechanics.torno-y-trabajo-entre-puntos""],""classificationMethod"":""explicit-metadata"",""confidence"":""high""}","specialist-workshop","normal","normal","aligned","manual-review","[]","[]","true"
"wplab.horology.watchmaking-encyclopedia","route.encyclopedia.micromechanics","module.encyclopedia.micromechanics.ejes-pivotes-y-reparacion","lesson.encyclopedia.micromechanics.ejes-pivotes-y-reparacion","activity.encyclopedia.micromechanics.ejes-pivotes-y-reparacion","1","Explicar y transferir: Ejes, pivotes, hombros y sustitución de staffs","guided-practice / guided-practice","6-repair-adapt-manufacture-components","core","manufacturing","[""support:guided"",""worked-example"",""graduated-attempts""]","false","false","false","[""evidence.encyclopedia.micromechanics.ejes-pivotes-y-reparacion:answer""]","false","false","K","V","{""modalities"":[""K"",""V""],""primaryModality"":""V"",""knowledgeExplanationRequired"":true,""virtualDemonstrationRequired"":true,""physicalExecutionRequired"":false,""measuredOrReviewedResultRequired"":false,""physicalCompetenceClaim"":false,""reviewerRequired"":false,""measurableAcceptanceCriteria"":[],""evidenceArtifacts"":[""evidence.encyclopedia.micromechanics.ejes-pivotes-y-reparacion""],""classificationMethod"":""explicit-metadata"",""confidence"":""high""}","specialist-workshop","normal","normal","aligned","keep","[]","[]","false"
"wplab.horology.watchmaking-encyclopedia","route.encyclopedia.micromechanics","module.encyclopedia.micromechanics.ruedas-y-pinones","lesson.encyclopedia.micromechanics.ruedas-y-pinones","activity.encyclopedia.micromechanics.ruedas-y-pinones","1","Explicar y transferir: Fabricación de ruedas, piñones y cortadores","guided-practice / guided-practice","6-repair-adapt-manufacture-components","core","manufacturing","[""support:guided"",""worked-example"",""graduated-attempts""]","false","false","false","[""evidence.encyclopedia.micromechanics.ruedas-y-pinones:answer""]","false","false","K","R","{""modalities"":[""K"",""V"",""R""],""primaryModality"":""R"",""knowledgeExplanationRequired"":true,""virtualDemonstrationRequired"":true,""physicalExecutionRequired"":false,""measuredOrReviewedResultRequired"":true,""physicalCompetenceClaim"":false,""reviewerRequired"":true,""measurableAcceptanceCriteria"":[],""evidenceArtifacts"":[""evidence.encyclopedia.micromechanics.ruedas-y-pinones""],""classificationMethod"":""curated-override"",""confidence"":""high""}","specialist-workshop","supervised","supervised","aligned","keep","[]","[]","false"
"wplab.horology.watchmaking-encyclopedia","route.encyclopedia.micromechanics","module.encyclopedia.micromechanics.tornillos-muelles-y-pequenas-piezas","lesson.encyclopedia.micromechanics.tornillos-muelles-y-pequenas-piezas","activity.encyclopedia.micromechanics.tornillos-muelles-y-pequenas-piezas","1","Explicar y transferir: Tornillos, pasadores, muelles y piezas pequeñas","guided-practice / guided-practice","6-repair-adapt-manufacture-components","core","manufacturing","[""support:guided"",""worked-example"",""graduated-attempts""]","false","false","false","[""evidence.encyclopedia.micromechanics.tornillos-muelles-y-pequenas-piezas:answer""]","false","false","K","V","{""modalities"":[""K"",""V""],""primaryModality"":""V"",""knowledgeExplanationRequired"":true,""virtualDemonstrationRequired"":true,""physicalExecutionRequired"":false,""measuredOrReviewedResultRequired"":false,""physicalCompetenceClaim"":false,""reviewerRequired"":false,""measurableAcceptanceCriteria"":[],""evidenceArtifacts"":[""evidence.encyclopedia.micromechanics.tornillos-muelles-y-pequenas-piezas""],""classificationMethod"":""explicit-metadata"",""confidence"":""high""}","specialist-workshop","normal","normal","aligned","keep","[]","[]","false"
"wplab.horology.watchmaking-encyclopedia","route.encyclopedia.micromechanics","module.encyclopedia.micromechanics.platinas-puentes-y-jewelling","lesson.encyclopedia.micromechanics.platinas-puentes-y-jewelling","activity.encyclopedia.micromechanics.platinas-puentes-y-jewelling","1","Explicar y transferir: Platinas, puentes, taladros, escariado y colocación de rubíes","guided-practice / guided-practice","6-repair-adapt-manufacture-components","core","manufacturing","[""support:guided"",""worked-example"",""graduated-attempts""]","false","false","false","[""evidence.encyclopedia.micromechanics.platinas-puentes-y-jewelling:answer""]","false","false","K","V","{""modalities"":[""K"",""V""],""primaryModality"":""V"",""knowledgeExplanationRequired"":true,""virtualDemonstrationRequired"":true,""physicalExecutionRequired"":false,""measuredOrReviewedResultRequired"":false,""physicalCompetenceClaim"":false,""reviewerRequired"":false,""measurableAcceptanceCriteria"":[],""evidenceArtifacts"":[""evidence.encyclopedia.micromechanics.platinas-puentes-y-jewelling""],""classificationMethod"":""explicit-metadata"",""confidence"":""high""}","specialist-workshop","normal","normal","aligned","keep","[]","[]","false"
"wplab.horology.watchmaking-encyclopedia","route.encyclopedia.micromechanics","module.encyclopedia.micromechanics.bulova-botador-eje","lesson.encyclopedia.micromechanics.bulova-botador-eje","activity.encyclopedia.micromechanics.bulova-botador-eje","1","Explicar y transferir: Pasaporte III: botador y sustitución de eje","guided-practice / guided-practice","6-repair-adapt-manufacture-components","historical-case","psychomotor-skill","[""support:guided"",""worked-example"",""graduated-attempts""]","false","false","false","[""evidence.encyclopedia.micromechanics.bulova-botador-eje:answer""]","false","false","K","V","{""modalities"":[""K"",""V""],""primaryModality"":""V"",""knowledgeExplanationRequired"":true,""virtualDemonstrationRequired"":true,""physicalExecutionRequired"":false,""measuredOrReviewedResultRequired"":false,""physicalCompetenceClaim"":false,""reviewerRequired"":false,""measurableAcceptanceCriteria"":[],""evidenceArtifacts"":[""evidence.encyclopedia.micromechanics.bulova-botador-eje""],""classificationMethod"":""explicit-metadata"",""confidence"":""high""}","specialist-workshop","normal","normal","aligned","keep","[]","[]","false"
"wplab.horology.watchmaking-encyclopedia","route.encyclopedia.micromechanics","module.encyclopedia.micromechanics.bulova-torneado-fundamental","lesson.encyclopedia.micromechanics.bulova-torneado-fundamental","activity.encyclopedia.micromechanics.bulova-torneado-fundamental","1","Explicar y transferir: Pasaporte IV: torneado entre puntos y buril","guided-practice / guided-practice","6-repair-adapt-manufacture-components","enrichment","psychomotor-skill","[""support:guided"",""worked-example"",""graduated-attempts""]","false","false","false","[""evidence.encyclopedia.micromechanics.bulova-torneado-fundamental:answer""]","false","false","K","V","{""modalities"":[""K"",""V""],""primaryModality"":""V"",""knowledgeExplanationRequired"":true,""virtualDemonstrationRequired"":true,""physicalExecutionRequired"":false,""measuredOrReviewedResultRequired"":false,""physicalCompetenceClaim"":false,""reviewerRequired"":false,""measurableAcceptanceCriteria"":[],""evidenceArtifacts"":[""evidence.encyclopedia.micromechanics.bulova-torneado-fundamental""],""classificationMethod"":""curated-override"",""confidence"":""high""}","specialist-workshop","supervised","supervised","aligned","keep","[]","[]","false"
"wplab.horology.watchmaking-encyclopedia","route.encyclopedia.micromechanics","module.encyclopedia.micromechanics.bulova-eje-pivotes","lesson.encyclopedia.micromechanics.bulova-eje-pivotes","activity.encyclopedia.micromechanics.bulova-eje-pivotes","1","Explicar y transferir: Pasaporte V: eje de volante, pivotes y hombros","guided-practice / guided-practice","6-repair-adapt-manufacture-components","historical-case","psychomotor-skill","[""support:guided"",""worked-example"",""graduated-attempts""]","false","false","false","[""evidence.encyclopedia.micromechanics.bulova-eje-pivotes:answer""]","false","false","K","V","{""modalities"":[""K"",""V""],""primaryModality"":""V"",""knowledgeExplanationRequired"":true,""virtualDemonstrationRequired"":true,""physicalExecutionRequired"":false,""measuredOrReviewedResultRequired"":false,""physicalCompetenceClaim"":false,""reviewerRequired"":false,""measurableAcceptanceCriteria"":[],""evidenceArtifacts"":[""evidence.encyclopedia.micromechanics.bulova-eje-pivotes""],""classificationMethod"":""explicit-metadata"",""confidence"":""high""}","specialist-workshop","normal","normal","aligned","keep","[]","[]","false"
"wplab.horology.watchmaking-encyclopedia","route.encyclopedia.micromechanics","module.encyclopedia.micromechanics.bulova-tija","lesson.encyclopedia.micromechanics.bulova-tija","activity.encyclopedia.micromechanics.bulova-tija","1","Explicar y transferir: Pasaporte VI: fabricación y ajuste de una tija","guided-practice / guided-practice","6-repair-adapt-manufacture-components","historical-case","psychomotor-skill","[""support:guided"",""worked-example"",""graduated-attempts""]","false","false","false","[""evidence.encyclopedia.micromechanics.bulova-tija:answer""]","false","false","K","V","{""modalities"":[""K"",""V""],""primaryModality"":""V"",""knowledgeExplanationRequired"":true,""virtualDemonstrationRequired"":true,""physicalExecutionRequired"":false,""measuredOrReviewedResultRequired"":false,""physicalCompetenceClaim"":false,""reviewerRequired"":false,""measurableAcceptanceCriteria"":[],""evidenceArtifacts"":[""evidence.encyclopedia.micromechanics.bulova-tija""],""classificationMethod"":""explicit-metadata"",""confidence"":""high""}","specialist-workshop","normal","normal","aligned","keep","[]","[]","false"
"wplab.horology.watchmaking-encyclopedia","route.encyclopedia.micromechanics","module.encyclopedia.micromechanics.bulova-brunido","lesson.encyclopedia.micromechanics.bulova-brunido","activity.encyclopedia.micromechanics.bulova-brunido","1","Explicar y transferir: Pasaporte VII: bruñido de pivotes","guided-practice / guided-practice","6-repair-adapt-manufacture-components","historical-case","psychomotor-skill","[""support:guided"",""worked-example"",""graduated-attempts""]","false","false","false","[""evidence.encyclopedia.micromechanics.bulova-brunido:answer""]","false","false","K","V","{""modalities"":[""K"",""V""],""primaryModality"":""V"",""knowledgeExplanationRequired"":true,""virtualDemonstrationRequired"":true,""physicalExecutionRequired"":false,""measuredOrReviewedResultRequired"":false,""physicalCompetenceClaim"":false,""reviewerRequired"":false,""measurableAcceptanceCriteria"":[],""evidenceArtifacts"":[""evidence.encyclopedia.micromechanics.bulova-brunido""],""classificationMethod"":""explicit-metadata"",""confidence"":""high""}","specialist-workshop","normal","normal","aligned","keep","[]","[]","false"
"wplab.horology.watchmaking-encyclopedia","route.encyclopedia.micromechanics","module.encyclopedia.micromechanics.chicago-rubies-antichoque","lesson.encyclopedia.micromechanics.chicago-rubies-antichoque","activity.encyclopedia.micromechanics.chicago-rubies-antichoque","1","Explicar y transferir: Expediente Chicago VIII: rubíes, contrapiedras y antichoque","guided-practice / guided-practice","1-understand-watch-as-system","historical-case","historical-comparison","[""support:guided"",""worked-example"",""graduated-attempts""]","false","false","false","[""evidence.encyclopedia.micromechanics.chicago-rubies-antichoque:answer""]","false","false","K","V","{""modalities"":[""K"",""V""],""primaryModality"":""V"",""knowledgeExplanationRequired"":true,""virtualDemonstrationRequired"":true,""physicalExecutionRequired"":false,""measuredOrReviewedResultRequired"":false,""physicalCompetenceClaim"":false,""reviewerRequired"":false,""measurableAcceptanceCriteria"":[],""evidenceArtifacts"":[""evidence.encyclopedia.micromechanics.chicago-rubies-antichoque""],""classificationMethod"":""explicit-metadata"",""confidence"":""high""}","simulation","normal","normal","aligned","keep","[]","[]","false"
"wplab.horology.watchmaking-encyclopedia","route.encyclopedia.micromechanics","module.encyclopedia.micromechanics.chicago-escape-dibujo","lesson.encyclopedia.micromechanics.chicago-escape-dibujo","activity.encyclopedia.micromechanics.chicago-escape-dibujo","1","Explicar y transferir: Expediente Chicago IX: construcción geométrica del escape","guided-practice / guided-practice","7-design-validate-own-watch-or-movement","historical-case","design","[""support:guided"",""worked-example"",""graduated-attempts""]","false","false","false","[""evidence.encyclopedia.micromechanics.chicago-escape-dibujo:answer""]","false","false","K","R","{""modalities"":[""K"",""R""],""primaryModality"":""R"",""knowledgeExplanationRequired"":true,""virtualDemonstrationRequired"":false,""physicalExecutionRequired"":false,""measuredOrReviewedResultRequired"":true,""physicalCompetenceClaim"":false,""reviewerRequired"":true,""measurableAcceptanceCriteria"":[],""evidenceArtifacts"":[""evidence.encyclopedia.micromechanics.chicago-escape-dibujo""],""classificationMethod"":""curated-override"",""confidence"":""high""}","simulation","normal","normal","aligned","keep","[]","[]","false"
"wplab.horology.watchmaking-encyclopedia","route.encyclopedia.micromechanics","module.encyclopedia.micromechanics.chicago-escape-emparejado","lesson.encyclopedia.micromechanics.chicago-escape-emparejado","activity.encyclopedia.micromechanics.chicago-escape-emparejado","1","Explicar y transferir: Expediente Chicago X: emparejar y reparar un escape","guided-practice / guided-practice","1-understand-watch-as-system","historical-case","historical-comparison","[""support:guided"",""worked-example"",""graduated-attempts""]","false","false","false","[""evidence.encyclopedia.micromechanics.chicago-escape-emparejado:answer""]","false","false","K","V","{""modalities"":[""K"",""V""],""primaryModality"":""V"",""knowledgeExplanationRequired"":true,""virtualDemonstrationRequired"":true,""physicalExecutionRequired"":false,""measuredOrReviewedResultRequired"":false,""physicalCompetenceClaim"":false,""reviewerRequired"":false,""measurableAcceptanceCriteria"":[],""evidenceArtifacts"":[""evidence.encyclopedia.micromechanics.chicago-escape-emparejado""],""classificationMethod"":""explicit-metadata"",""confidence"":""high""}","simulation","normal","normal","aligned","keep","[]","[]","false"
"wplab.horology.watchmaking-encyclopedia","route.encyclopedia.micromechanics","module.encyclopedia.micromechanics.chicago-torno-repivotado","lesson.encyclopedia.micromechanics.chicago-torno-repivotado","activity.encyclopedia.micromechanics.chicago-torno-repivotado","1","Explicar y transferir: Expediente Chicago XI: torno, repivotado y piezas perdidas","explanation / transfer","1-understand-watch-as-system","historical-case","historical-comparison","[""support:independent"",""worked-example"",""graduated-attempts""]","true","true","false","[""evidence.encyclopedia.micromechanics.chicago-torno-repivotado:answer""]","false","false","K","V","{""modalities"":[""K"",""V""],""primaryModality"":""V"",""knowledgeExplanationRequired"":true,""virtualDemonstrationRequired"":true,""physicalExecutionRequired"":false,""measuredOrReviewedResultRequired"":false,""physicalCompetenceClaim"":false,""reviewerRequired"":false,""measurableAcceptanceCriteria"":[],""evidenceArtifacts"":[""evidence.encyclopedia.micromechanics.chicago-torno-repivotado""],""classificationMethod"":""explicit-metadata"",""confidence"":""high""}","simulation","normal","normal","aligned","manual-review","[]","[]","true"
"wplab.horology.watchmaking-encyclopedia","route.encyclopedia.dials-hands-finishing","module.encyclopedia.dials-hands-finishing.arquitectura-de-esfera","lesson.encyclopedia.dials-hands-finishing.arquitectura-de-esfera","activity.encyclopedia.dials-hands-finishing.arquitectura-de-esfera","1","Explicar y transferir: Arquitectura de esfera, pies, aberturas e interfaces","guided-practice / guided-practice","5-build-complete-watch","core","design","[""support:guided"",""worked-example"",""graduated-attempts""]","false","false","false","[""evidence.encyclopedia.dials-hands-finishing.arquitectura-de-esfera:answer""]","false","false","K","V","{""modalities"":[""K"",""V""],""primaryModality"":""V"",""knowledgeExplanationRequired"":true,""virtualDemonstrationRequired"":true,""physicalExecutionRequired"":false,""measuredOrReviewedResultRequired"":false,""physicalCompetenceClaim"":false,""reviewerRequired"":false,""measurableAcceptanceCriteria"":[],""evidenceArtifacts"":[""evidence.encyclopedia.dials-hands-finishing.arquitectura-de-esfera""],""classificationMethod"":""explicit-metadata"",""confidence"":""high""}","simulation","normal","normal","aligned","keep","[]","[]","false"
"wplab.horology.watchmaking-encyclopedia","route.encyclopedia.dials-hands-finishing","module.encyclopedia.dials-hands-finishing.impresion-indices-y-lume","lesson.encyclopedia.dials-hands-finishing.impresion-indices-y-lume","activity.encyclopedia.dials-hands-finishing.impresion-indices-y-lume","1","Explicar y transferir: Impresión, índices aplicados y material luminoso","guided-practice / guided-practice","6-repair-adapt-manufacture-components","core","manufacturing","[""support:guided"",""worked-example"",""graduated-attempts""]","false","false","false","[""evidence.encyclopedia.dials-hands-finishing.impresion-indices-y-lume:answer""]","false","false","K","V","{""modalities"":[""K"",""V""],""primaryModality"":""V"",""knowledgeExplanationRequired"":true,""virtualDemonstrationRequired"":true,""physicalExecutionRequired"":false,""measuredOrReviewedResultRequired"":false,""physicalCompetenceClaim"":false,""reviewerRequired"":false,""measurableAcceptanceCriteria"":[],""evidenceArtifacts"":[""evidence.encyclopedia.dials-hands-finishing.impresion-indices-y-lume""],""classificationMethod"":""explicit-metadata"",""confidence"":""high""}","specialist-workshop","normal","normal","aligned","keep","[]","[]","false"
"wplab.horology.watchmaking-encyclopedia","route.encyclopedia.dials-hands-finishing","module.encyclopedia.dials-hands-finishing.agujas-geometria-y-ajuste","lesson.encyclopedia.dials-hands-finishing.agujas-geometria-y-ajuste","activity.encyclopedia.dials-hands-finishing.agujas-geometria-y-ajuste","1","Explicar y transferir: Agujas: geometría, masa, tubo, ajuste y alturas","guided-practice / guided-practice","5-build-complete-watch","core","design","[""support:guided"",""worked-example"",""graduated-attempts""]","false","false","false","[""evidence.encyclopedia.dials-hands-finishing.agujas-geometria-y-ajuste:answer""]","false","false","K","V","{""modalities"":[""K"",""V""],""primaryModality"":""V"",""knowledgeExplanationRequired"":true,""virtualDemonstrationRequired"":true,""physicalExecutionRequired"":false,""measuredOrReviewedResultRequired"":false,""physicalCompetenceClaim"":false,""reviewerRequired"":false,""measurableAcceptanceCriteria"":[],""evidenceArtifacts"":[""evidence.encyclopedia.dials-hands-finishing.agujas-geometria-y-ajuste""],""classificationMethod"":""explicit-metadata"",""confidence"":""high""}","simulation","normal","normal","aligned","keep","[]","[]","false"
"wplab.horology.watchmaking-encyclopedia","route.encyclopedia.dials-hands-finishing","module.encyclopedia.dials-hands-finishing.pulido-satinado-y-cepillado","lesson.encyclopedia.dials-hands-finishing.pulido-satinado-y-cepillado","activity.encyclopedia.dials-hands-finishing.pulido-satinado-y-cepillado","1","Explicar y transferir: Pulido, satinado, cepillado y geometría","guided-practice / guided-practice","6-repair-adapt-manufacture-components","core","manufacturing","[""support:guided"",""worked-example"",""graduated-attempts""]","false","false","false","[""evidence.encyclopedia.dials-hands-finishing.pulido-satinado-y-cepillado:answer""]","false","false","K","V","{""modalities"":[""K"",""V""],""primaryModality"":""V"",""knowledgeExplanationRequired"":true,""virtualDemonstrationRequired"":true,""physicalExecutionRequired"":false,""measuredOrReviewedResultRequired"":false,""physicalCompetenceClaim"":false,""reviewerRequired"":false,""measurableAcceptanceCriteria"":[],""evidenceArtifacts"":[""evidence.encyclopedia.dials-hands-finishing.pulido-satinado-y-cepillado""],""classificationMethod"":""explicit-metadata"",""confidence"":""high""}","specialist-workshop","normal","normal","aligned","keep","[]","[]","false"
"wplab.horology.watchmaking-encyclopedia","route.encyclopedia.dials-hands-finishing","module.encyclopedia.dials-hands-finishing.decoracion-del-movimiento","lesson.encyclopedia.dials-hands-finishing.decoracion-del-movimiento","activity.encyclopedia.dials-hands-finishing.decoracion-del-movimiento","1","Explicar y transferir: Anglage, perlage, Côtes y pulido negro","guided-practice / guided-practice","6-repair-adapt-manufacture-components","core","manufacturing","[""support:guided"",""worked-example"",""graduated-attempts""]","false","false","false","[""evidence.encyclopedia.dials-hands-finishing.decoracion-del-movimiento:answer""]","false","false","K","V","{""modalities"":[""K"",""V""],""primaryModality"":""V"",""knowledgeExplanationRequired"":true,""virtualDemonstrationRequired"":true,""physicalExecutionRequired"":false,""measuredOrReviewedResultRequired"":false,""physicalCompetenceClaim"":false,""reviewerRequired"":false,""measurableAcceptanceCriteria"":[],""evidenceArtifacts"":[""evidence.encyclopedia.dials-hands-finishing.decoracion-del-movimiento""],""classificationMethod"":""explicit-metadata"",""confidence"":""high""}","specialist-workshop","normal","normal","aligned","keep","[]","[]","false"
"wplab.horology.watchmaking-encyclopedia","route.encyclopedia.dials-hands-finishing","module.encyclopedia.dials-hands-finishing.guilloche-y-motores-de-rosas","lesson.encyclopedia.dials-hands-finishing.guilloche-y-motores-de-rosas","activity.encyclopedia.dials-hands-finishing.guilloche-y-motores-de-rosas","1","Explicar y transferir: Guilloché, motor de línea recta y motor de rosas","explanation / transfer","6-repair-adapt-manufacture-components","core","manufacturing","[""support:independent"",""worked-example"",""graduated-attempts""]","true","true","false","[""evidence.encyclopedia.dials-hands-finishing.guilloche-y-motores-de-rosas:answer""]","false","false","K","V","{""modalities"":[""K"",""V""],""primaryModality"":""V"",""knowledgeExplanationRequired"":true,""virtualDemonstrationRequired"":true,""physicalExecutionRequired"":false,""measuredOrReviewedResultRequired"":false,""physicalCompetenceClaim"":false,""reviewerRequired"":false,""measurableAcceptanceCriteria"":[],""evidenceArtifacts"":[""evidence.encyclopedia.dials-hands-finishing.guilloche-y-motores-de-rosas""],""classificationMethod"":""explicit-metadata"",""confidence"":""high""}","specialist-workshop","normal","normal","aligned","keep","[]","[]","false"
"wplab.horology.watchmaking-encyclopedia","route.encyclopedia.atlas-restoration-design","module.encyclopedia.atlas-restoration-design.identidad-y-comparacion","lesson.encyclopedia.atlas-restoration-design.identidad-y-comparacion","activity.encyclopedia.atlas-restoration-design.identidad-y-comparacion","1","Explicar y transferir: Identidad, atlas y comparación entre familias","guided-practice / guided-practice","1-understand-watch-as-system","specialization","historical-comparison","[""support:guided"",""worked-example"",""graduated-attempts""]","false","false","false","[""evidence.encyclopedia.atlas-restoration-design.identidad-y-comparacion:answer""]","false","false","K","V","{""modalities"":[""K"",""V""],""primaryModality"":""V"",""knowledgeExplanationRequired"":true,""virtualDemonstrationRequired"":true,""physicalExecutionRequired"":false,""measuredOrReviewedResultRequired"":false,""physicalCompetenceClaim"":false,""reviewerRequired"":false,""measurableAcceptanceCriteria"":[],""evidenceArtifacts"":[""evidence.encyclopedia.atlas-restoration-design.identidad-y-comparacion""],""classificationMethod"":""explicit-metadata"",""confidence"":""high""}","simulation","normal","normal","aligned","keep","[]","[]","false"
"wplab.horology.watchmaking-encyclopedia","route.encyclopedia.atlas-restoration-design","module.encyclopedia.atlas-restoration-design.casos-6497-2824-8215","lesson.encyclopedia.atlas-restoration-design.casos-6497-2824-8215","activity.encyclopedia.atlas-restoration-design.casos-6497-2824-8215","1","Explicar y transferir: Casos de transferencia: ETA 6497, ETA 2824 y MIYOTA 8215","guided-practice / guided-practice","1-understand-watch-as-system","specialization","historical-comparison","[""support:guided"",""worked-example"",""graduated-attempts""]","false","false","false","[""evidence.encyclopedia.atlas-restoration-design.casos-6497-2824-8215:answer""]","false","false","K","V","{""modalities"":[""K"",""V""],""primaryModality"":""V"",""knowledgeExplanationRequired"":true,""virtualDemonstrationRequired"":true,""physicalExecutionRequired"":false,""measuredOrReviewedResultRequired"":false,""physicalCompetenceClaim"":false,""reviewerRequired"":false,""measurableAcceptanceCriteria"":[],""evidenceArtifacts"":[""evidence.encyclopedia.atlas-restoration-design.casos-6497-2824-8215""],""classificationMethod"":""explicit-metadata"",""confidence"":""high""}","simulation","normal","normal","aligned","keep","[]","[]","false"
"wplab.horology.watchmaking-encyclopedia","route.encyclopedia.atlas-restoration-design","module.encyclopedia.atlas-restoration-design.casos-7750-6138-y-cuarzo","lesson.encyclopedia.atlas-restoration-design.casos-7750-6138-y-cuarzo","activity.encyclopedia.atlas-restoration-design.casos-7750-6138-y-cuarzo","1","Explicar y transferir: Casos de transferencia: 7750, Seiko 6138 y cuarzo analógico","guided-practice / guided-practice","1-understand-watch-as-system","specialization","historical-comparison","[""support:guided"",""worked-example"",""graduated-attempts""]","false","false","false","[""evidence.encyclopedia.atlas-restoration-design.casos-7750-6138-y-cuarzo:answer""]","false","false","K","V","{""modalities"":[""K"",""V""],""primaryModality"":""V"",""knowledgeExplanationRequired"":true,""virtualDemonstrationRequired"":true,""physicalExecutionRequired"":false,""measuredOrReviewedResultRequired"":false,""physicalCompetenceClaim"":false,""reviewerRequired"":false,""measurableAcceptanceCriteria"":[],""evidenceArtifacts"":[""evidence.encyclopedia.atlas-restoration-design.casos-7750-6138-y-cuarzo""],""classificationMethod"":""explicit-metadata"",""confidence"":""high""}","simulation","normal","normal","aligned","keep","[]","[]","false"
"wplab.horology.watchmaking-encyclopedia","route.encyclopedia.atlas-restoration-design","module.encyclopedia.atlas-restoration-design.vintage-bolsillo-y-electromecanico","lesson.encyclopedia.atlas-restoration-design.vintage-bolsillo-y-electromecanico","activity.encyclopedia.atlas-restoration-design.vintage-bolsillo-y-electromecanico","1","Explicar y transferir: Relojes vintage, de bolsillo y electromecánicos","guided-practice / guided-practice","1-understand-watch-as-system","specialization","historical-comparison","[""support:guided"",""worked-example"",""graduated-attempts""]","false","false","false","[""evidence.encyclopedia.atlas-restoration-design.vintage-bolsillo-y-electromecanico:answer""]","false","false","K","V","{""modalities"":[""K"",""V""],""primaryModality"":""V"",""knowledgeExplanationRequired"":true,""virtualDemonstrationRequired"":true,""physicalExecutionRequired"":false,""measuredOrReviewedResultRequired"":false,""physicalCompetenceClaim"":false,""reviewerRequired"":false,""measurableAcceptanceCriteria"":[],""evidenceArtifacts"":[""evidence.encyclopedia.atlas-restoration-design.vintage-bolsillo-y-electromecanico""],""classificationMethod"":""explicit-metadata"",""confidence"":""high""}","simulation","normal","normal","aligned","keep","[]","[]","false"
"wplab.horology.watchmaking-encyclopedia","route.encyclopedia.atlas-restoration-design","module.encyclopedia.atlas-restoration-design.restauracion-y-fabricacion-de-repuesto","lesson.encyclopedia.atlas-restoration-design.restauracion-y-fabricacion-de-repuesto","activity.encyclopedia.atlas-restoration-design.restauracion-y-fabricacion-de-repuesto","1","Explicar y transferir: Restauración, donantes y fabricación de repuesto","guided-practice / guided-practice","6-repair-adapt-manufacture-components","specialization","historical-comparison","[""support:guided"",""worked-example"",""graduated-attempts""]","false","false","false","[""evidence.encyclopedia.atlas-restoration-design.restauracion-y-fabricacion-de-repuesto:answer""]","false","false","K","R","{""modalities"":[""K"",""R""],""primaryModality"":""R"",""knowledgeExplanationRequired"":true,""virtualDemonstrationRequired"":false,""physicalExecutionRequired"":false,""measuredOrReviewedResultRequired"":true,""physicalCompetenceClaim"":false,""reviewerRequired"":true,""measurableAcceptanceCriteria"":[],""evidenceArtifacts"":[""evidence.encyclopedia.atlas-restoration-design.restauracion-y-fabricacion-de-repuesto""],""classificationMethod"":""curated-override"",""confidence"":""high""}","simulation","normal","normal","aligned","keep","[]","[]","false"
"wplab.horology.watchmaking-encyclopedia","route.encyclopedia.atlas-restoration-design","module.encyclopedia.atlas-restoration-design.de-movimiento-adquirido-a-propio","lesson.encyclopedia.atlas-restoration-design.de-movimiento-adquirido-a-propio","activity.encyclopedia.atlas-restoration-design.de-movimiento-adquirido-a-propio","1","Explicar y transferir: Ruta de diseño: de movimiento adquirido a movimiento propio","guided-practice / guided-practice","7-design-validate-own-watch-or-movement","specialization","design","[""support:guided"",""worked-example"",""graduated-attempts""]","false","false","false","[""evidence.encyclopedia.atlas-restoration-design.de-movimiento-adquirido-a-propio:answer""]","false","false","K","V","{""modalities"":[""K"",""V""],""primaryModality"":""V"",""knowledgeExplanationRequired"":true,""virtualDemonstrationRequired"":true,""physicalExecutionRequired"":false,""measuredOrReviewedResultRequired"":false,""physicalCompetenceClaim"":false,""reviewerRequired"":false,""measurableAcceptanceCriteria"":[],""evidenceArtifacts"":[""evidence.encyclopedia.atlas-restoration-design.de-movimiento-adquirido-a-propio""],""classificationMethod"":""explicit-metadata"",""confidence"":""high""}","simulation","normal","normal","aligned","keep","[]","[]","false"
"wplab.horology.watchmaking-encyclopedia","route.encyclopedia.atlas-restoration-design","module.encyclopedia.atlas-restoration-design.tm-hamilton-992b","lesson.encyclopedia.atlas-restoration-design.tm-hamilton-992b","activity.encyclopedia.atlas-restoration-design.tm-hamilton-992b","1","Explicar y transferir: Caso oficial TM III: Hamilton 992B","guided-practice / guided-practice","3-observe-measure-diagnose","historical-case","diagnosis-case","[""support:guided"",""worked-example"",""graduated-attempts""]","false","false","false","[""evidence.encyclopedia.atlas-restoration-design.tm-hamilton-992b:answer""]","false","false","K","V","{""modalities"":[""K"",""V""],""primaryModality"":""V"",""knowledgeExplanationRequired"":true,""virtualDemonstrationRequired"":true,""physicalExecutionRequired"":false,""measuredOrReviewedResultRequired"":false,""physicalCompetenceClaim"":false,""reviewerRequired"":false,""measurableAcceptanceCriteria"":[],""evidenceArtifacts"":[""evidence.encyclopedia.atlas-restoration-design.tm-hamilton-992b""],""classificationMethod"":""curated-override"",""confidence"":""high""}","simulation","normal","normal","aligned","keep","[]","[]","false"
"wplab.horology.watchmaking-encyclopedia","route.encyclopedia.atlas-restoration-design","module.encyclopedia.atlas-restoration-design.tm-elgin-waltham","lesson.encyclopedia.atlas-restoration-design.tm-elgin-waltham","activity.encyclopedia.atlas-restoration-design.tm-elgin-waltham","1","Explicar y transferir: Caso oficial TM IV: Elgin y Waltham de bolsillo","guided-practice / guided-practice","1-understand-watch-as-system","historical-case","historical-comparison","[""support:guided"",""worked-example"",""graduated-attempts""]","false","false","false","[""evidence.encyclopedia.atlas-restoration-design.tm-elgin-waltham:answer""]","false","false","K","V","{""modalities"":[""K"",""V""],""primaryModality"":""V"",""knowledgeExplanationRequired"":true,""virtualDemonstrationRequired"":true,""physicalExecutionRequired"":false,""measuredOrReviewedResultRequired"":false,""physicalCompetenceClaim"":false,""reviewerRequired"":false,""measurableAcceptanceCriteria"":[],""evidenceArtifacts"":[""evidence.encyclopedia.atlas-restoration-design.tm-elgin-waltham""],""classificationMethod"":""explicit-metadata"",""confidence"":""high""}","simulation","normal","normal","aligned","keep","[]","[]","false"
"wplab.horology.watchmaking-encyclopedia","route.encyclopedia.atlas-restoration-design","module.encyclopedia.atlas-restoration-design.tm-relojes-pulsera","lesson.encyclopedia.atlas-restoration-design.tm-relojes-pulsera","activity.encyclopedia.atlas-restoration-design.tm-relojes-pulsera","1","Explicar y transferir: Caso oficial TM V: Hamilton, Elgin y Waltham de pulsera","guided-practice / guided-practice","1-understand-watch-as-system","historical-case","historical-comparison","[""support:guided"",""worked-example"",""graduated-attempts""]","false","false","false","[""evidence.encyclopedia.atlas-restoration-design.tm-relojes-pulsera:answer""]","false","false","K","V","{""modalities"":[""K"",""V""],""primaryModality"":""V"",""knowledgeExplanationRequired"":true,""virtualDemonstrationRequired"":true,""physicalExecutionRequired"":false,""measuredOrReviewedResultRequired"":false,""physicalCompetenceClaim"":false,""reviewerRequired"":false,""measurableAcceptanceCriteria"":[],""evidenceArtifacts"":[""evidence.encyclopedia.atlas-restoration-design.tm-relojes-pulsera""],""classificationMethod"":""explicit-metadata"",""confidence"":""high""}","simulation","normal","normal","aligned","keep","[]","[]","false"
"wplab.horology.watchmaking-encyclopedia","route.encyclopedia.atlas-restoration-design","module.encyclopedia.atlas-restoration-design.tm-bulova-10ak","lesson.encyclopedia.atlas-restoration-design.tm-bulova-10ak","activity.encyclopedia.atlas-restoration-design.tm-bulova-10ak","1","Explicar y transferir: Caso oficial TM VI: Bulova 10AK y estanqueidad histórica","guided-practice / guided-practice","1-understand-watch-as-system","historical-case","historical-comparison","[""support:guided"",""worked-example"",""graduated-attempts""]","false","false","false","[""evidence.encyclopedia.atlas-restoration-design.tm-bulova-10ak:answer""]","false","false","K","V","{""modalities"":[""K"",""V""],""primaryModality"":""V"",""knowledgeExplanationRequired"":true,""virtualDemonstrationRequired"":true,""physicalExecutionRequired"":false,""measuredOrReviewedResultRequired"":false,""physicalCompetenceClaim"":false,""reviewerRequired"":false,""measurableAcceptanceCriteria"":[],""evidenceArtifacts"":[""evidence.encyclopedia.atlas-restoration-design.tm-bulova-10ak""],""classificationMethod"":""explicit-metadata"",""confidence"":""high""}","simulation","normal","normal","aligned","keep","[]","[]","false"
"wplab.horology.watchmaking-encyclopedia","route.encyclopedia.atlas-restoration-design","module.encyclopedia.atlas-restoration-design.tm-cronometros-reloj-m1","lesson.encyclopedia.atlas-restoration-design.tm-cronometros-reloj-m1","activity.encyclopedia.atlas-restoration-design.tm-cronometros-reloj-m1","1","Explicar y transferir: Caso oficial TM VII: stopwatches Elgin y Message Center Clock M1","explanation / transfer","1-understand-watch-as-system","historical-case","historical-comparison","[""support:independent"",""worked-example"",""graduated-attempts""]","true","true","false","[""evidence.encyclopedia.atlas-restoration-design.tm-cronometros-reloj-m1:answer""]","false","false","K","V","{""modalities"":[""K"",""V""],""primaryModality"":""V"",""knowledgeExplanationRequired"":true,""virtualDemonstrationRequired"":true,""physicalExecutionRequired"":false,""measuredOrReviewedResultRequired"":false,""physicalCompetenceClaim"":false,""reviewerRequired"":false,""measurableAcceptanceCriteria"":[],""evidenceArtifacts"":[""evidence.encyclopedia.atlas-restoration-design.tm-cronometros-reloj-m1""],""classificationMethod"":""explicit-metadata"",""confidence"":""high""}","simulation","normal","normal","aligned","keep","[]","[]","false"
"wplab.horology.advanced-architecture-service","route.advanced.comparative-atlas","module.advanced.atlas-authority","lesson.advanced.atlas-authority","activity.advanced.atlas-authority","1","Leer un movimiento con autoridad y procedencia","comparison / guided-practice","2-understand-mechanical-systems","specialization","visual-anatomy","[""support:guided"",""worked-example"",""graduated-attempts""]","false","false","false","[""evidence.advanced.atlas-authority:answer"",""evidence.advanced.atlas-authority.human-review:human-review""]","false","false","R","R","{""modalities"":[""K"",""V"",""R""],""primaryModality"":""R"",""knowledgeExplanationRequired"":true,""virtualDemonstrationRequired"":true,""physicalExecutionRequired"":false,""measuredOrReviewedResultRequired"":true,""physicalCompetenceClaim"":false,""reviewerRequired"":true,""measurableAcceptanceCriteria"":[],""evidenceArtifacts"":[""evidence.advanced.atlas-authority"",""evidence.advanced.atlas-authority.human-review""],""classificationMethod"":""explicit-metadata"",""confidence"":""high""}","simulation","normal","normal","aligned","keep","[]","[]","false"
"wplab.horology.advanced-architecture-service","route.advanced.comparative-atlas","module.advanced.seconds-layout","lesson.advanced.seconds-layout","activity.advanced.seconds-layout","1","Pequeño segundero, central directo e indirecto","comparison / guided-practice","2-understand-mechanical-systems","specialization","visual-anatomy","[""support:guided"",""worked-example"",""graduated-attempts""]","false","false","false","[""evidence.advanced.seconds-layout:answer"",""evidence.advanced.seconds-layout.human-review:human-review""]","false","false","R","R","{""modalities"":[""K"",""V"",""R""],""primaryModality"":""R"",""knowledgeExplanationRequired"":true,""virtualDemonstrationRequired"":true,""physicalExecutionRequired"":false,""measuredOrReviewedResultRequired"":true,""physicalCompetenceClaim"":false,""reviewerRequired"":true,""measurableAcceptanceCriteria"":[],""evidenceArtifacts"":[""evidence.advanced.seconds-layout"",""evidence.advanced.seconds-layout.human-review""],""classificationMethod"":""explicit-metadata"",""confidence"":""high""}","simulation","normal","normal","aligned","keep","[]","[]","false"
"wplab.horology.advanced-architecture-service","route.advanced.comparative-atlas","module.advanced.winding-systems","lesson.advanced.winding-systems","activity.advanced.winding-systems","1","Inversores, palanca de uñas y carga unidireccional","comparison / guided-practice","2-understand-mechanical-systems","specialization","visual-anatomy","[""support:guided"",""worked-example"",""graduated-attempts""]","false","false","false","[""evidence.advanced.winding-systems:answer"",""evidence.advanced.winding-systems.human-review:human-review""]","false","false","R","R","{""modalities"":[""K"",""V"",""R""],""primaryModality"":""R"",""knowledgeExplanationRequired"":true,""virtualDemonstrationRequired"":true,""physicalExecutionRequired"":false,""measuredOrReviewedResultRequired"":true,""physicalCompetenceClaim"":false,""reviewerRequired"":true,""measurableAcceptanceCriteria"":[],""evidenceArtifacts"":[""evidence.advanced.winding-systems"",""evidence.advanced.winding-systems.human-review""],""classificationMethod"":""explicit-metadata"",""confidence"":""high""}","simulation","normal","normal","aligned","keep","[]","[]","false"
"wplab.horology.advanced-architecture-service","route.advanced.comparative-atlas","module.advanced.construction-trade-study","lesson.advanced.construction-trade-study","activity.advanced.construction-trade-study","1","Puentes, platinas y presupuesto de altura","comparison / guided-practice","2-understand-mechanical-systems","specialization","visual-anatomy","[""support:guided"",""worked-example"",""graduated-attempts""]","false","false","false","[""evidence.advanced.construction-trade-study:answer"",""evidence.advanced.construction-trade-study.human-review:human-review""]","false","false","R","R","{""modalities"":[""K"",""V"",""R""],""primaryModality"":""R"",""knowledgeExplanationRequired"":true,""virtualDemonstrationRequired"":true,""physicalExecutionRequired"":false,""measuredOrReviewedResultRequired"":true,""physicalCompetenceClaim"":false,""reviewerRequired"":true,""measurableAcceptanceCriteria"":[],""evidenceArtifacts"":[""evidence.advanced.construction-trade-study"",""evidence.advanced.construction-trade-study.human-review""],""classificationMethod"":""explicit-metadata"",""confidence"":""high""}","simulation","normal","normal","aligned","keep","[]","[]","false"
"wplab.horology.advanced-architecture-service","route.advanced.service-method","module.advanced.service-baseline","lesson.advanced.service-baseline","activity.advanced.service-baseline","1","Estado inicial, alcance y seguridad","guided-practice / guided-practice","0-prepare-bench-and-control","specialization","bench-procedure","[""support:guided"",""worked-example"",""graduated-attempts""]","false","false","false","[""evidence.advanced.service-baseline:answer"",""evidence.advanced.service-baseline.human-review:human-review""]","false","false","R","R","{""modalities"":[""K"",""V"",""R""],""primaryModality"":""R"",""knowledgeExplanationRequired"":true,""virtualDemonstrationRequired"":true,""physicalExecutionRequired"":false,""measuredOrReviewedResultRequired"":true,""physicalCompetenceClaim"":false,""reviewerRequired"":true,""measurableAcceptanceCriteria"":[""acceptance.service.traceable"",""acceptance.service.safe-sequence""],""evidenceArtifacts"":[""evidence.advanced.service-baseline"",""evidence.advanced.service-baseline.human-review""],""classificationMethod"":""explicit-metadata"",""confidence"":""high""}","simulation","normal","normal","aligned","keep","[]","[]","true"
"wplab.horology.advanced-architecture-service","route.advanced.service-method","module.advanced.service-disassembly","lesson.advanced.service-disassembly","activity.advanced.service-disassembly","1","Desmontar por dependencias, no por memoria","guided-practice / guided-practice","4-work-on-real-calibre","specialization","bench-procedure","[""support:guided"",""worked-example"",""graduated-attempts""]","false","false","false","[""evidence.advanced.service-disassembly:answer"",""evidence.advanced.service-disassembly.human-review:human-review""]","false","false","R","R","{""modalities"":[""K"",""V"",""R""],""primaryModality"":""R"",""knowledgeExplanationRequired"":true,""virtualDemonstrationRequired"":true,""physicalExecutionRequired"":false,""measuredOrReviewedResultRequired"":true,""physicalCompetenceClaim"":false,""reviewerRequired"":true,""measurableAcceptanceCriteria"":[],""evidenceArtifacts"":[""evidence.advanced.service-disassembly"",""evidence.advanced.service-disassembly.human-review""],""classificationMethod"":""curated-override"",""confidence"":""high""}","simulation","normal","normal","aligned","keep","[]","[]","true"
"wplab.horology.advanced-architecture-service","route.advanced.service-method","module.advanced.service-clean-lube","lesson.advanced.service-clean-lube","activity.advanced.service-clean-lube","1","Limpieza y lubricación como decisiones documentadas","guided-practice / guided-practice","2-understand-mechanical-systems","specialization","bench-procedure","[""support:guided"",""worked-example"",""graduated-attempts""]","false","false","false","[""evidence.advanced.service-clean-lube:answer"",""evidence.advanced.service-clean-lube.human-review:human-review""]","false","false","R","R","{""modalities"":[""K"",""V"",""R""],""primaryModality"":""R"",""knowledgeExplanationRequired"":true,""virtualDemonstrationRequired"":true,""physicalExecutionRequired"":false,""measuredOrReviewedResultRequired"":true,""physicalCompetenceClaim"":false,""reviewerRequired"":true,""measurableAcceptanceCriteria"":[""acceptance.service.visual-condition"",""acceptance.service.report-complete""],""evidenceArtifacts"":[""evidence.advanced.service-clean-lube"",""evidence.advanced.service-clean-lube.human-review""],""classificationMethod"":""explicit-metadata"",""confidence"":""high""}","simulation","normal","normal","aligned","keep","[]","[]","true"
"wplab.horology.advanced-architecture-service","route.advanced.service-method","module.advanced.service-assembly","lesson.advanced.service-assembly","activity.advanced.service-assembly","1","Montaje incremental y verificación por capas","guided-practice / guided-practice","2-understand-mechanical-systems","specialization","bench-procedure","[""support:guided"",""worked-example"",""graduated-attempts""]","false","false","false","[""evidence.advanced.service-assembly:answer"",""evidence.advanced.service-assembly.human-review:human-review""]","false","false","R","R","{""modalities"":[""K"",""V"",""R""],""primaryModality"":""R"",""knowledgeExplanationRequired"":true,""virtualDemonstrationRequired"":true,""physicalExecutionRequired"":false,""measuredOrReviewedResultRequired"":true,""physicalCompetenceClaim"":false,""reviewerRequired"":true,""measurableAcceptanceCriteria"":[""acceptance.service.measured-with-limit"",""acceptance.service.function-verified""],""evidenceArtifacts"":[""evidence.advanced.service-assembly"",""evidence.advanced.service-assembly.human-review""],""classificationMethod"":""explicit-metadata"",""confidence"":""high""}","simulation","normal","normal","aligned","keep","[]","[]","true"
"wplab.horology.advanced-architecture-service","route.advanced.service-method","module.advanced.service-diagnosis","lesson.advanced.service-diagnosis","activity.advanced.service-diagnosis","1","Diagnóstico causal e informe defendible","guided-practice / guided-practice","3-observe-measure-diagnose","specialization","diagnosis-case","[""support:guided"",""worked-example"",""graduated-attempts""]","false","false","false","[""evidence.advanced.service-diagnosis:answer"",""evidence.advanced.service-diagnosis.human-review:human-review""]","false","false","R","R","{""modalities"":[""K"",""V"",""R""],""primaryModality"":""R"",""knowledgeExplanationRequired"":true,""virtualDemonstrationRequired"":true,""physicalExecutionRequired"":false,""measuredOrReviewedResultRequired"":true,""physicalCompetenceClaim"":false,""reviewerRequired"":true,""measurableAcceptanceCriteria"":[""acceptance.service.visual-condition"",""acceptance.service.report-complete""],""evidenceArtifacts"":[""evidence.advanced.service-diagnosis"",""evidence.advanced.service-diagnosis.human-review""],""classificationMethod"":""explicit-metadata"",""confidence"":""high""}","simulation","normal","normal","aligned","keep","[]","[]","true"
"wplab.horology.advanced-architecture-service","route.advanced.architectures-complications","module.advanced.escapement-compare","lesson.advanced.escapement-compare","activity.advanced.escapement-compare","1","Escapes: funciones comunes y geometrías no transferibles","comparison / guided-practice","2-understand-mechanical-systems","core","mechanism-explanation","[""support:guided"",""worked-example"",""graduated-attempts""]","false","false","false","[""evidence.advanced.escapement-compare:answer"",""evidence.advanced.escapement-compare.human-review:human-review""]","false","false","R","R","{""modalities"":[""K"",""V"",""R""],""primaryModality"":""R"",""knowledgeExplanationRequired"":true,""virtualDemonstrationRequired"":true,""physicalExecutionRequired"":false,""measuredOrReviewedResultRequired"":true,""physicalCompetenceClaim"":false,""reviewerRequired"":true,""measurableAcceptanceCriteria"":[],""evidenceArtifacts"":[""evidence.advanced.escapement-compare"",""evidence.advanced.escapement-compare.human-review""],""classificationMethod"":""explicit-metadata"",""confidence"":""high""}","simulation","normal","normal","aligned","keep","[]","[]","false"
"wplab.horology.advanced-architecture-service","route.advanced.architectures-complications","module.advanced.ultra-thin","lesson.advanced.ultra-thin","activity.advanced.ultra-thin","1","Arquitectura extraplana y presupuesto axial","comparison / guided-practice","2-understand-mechanical-systems","core","mechanism-explanation","[""support:guided"",""worked-example"",""graduated-attempts""]","false","false","false","[""evidence.advanced.ultra-thin:answer"",""evidence.advanced.ultra-thin.human-review:human-review""]","false","false","R","R","{""modalities"":[""K"",""V"",""R""],""primaryModality"":""R"",""knowledgeExplanationRequired"":true,""virtualDemonstrationRequired"":true,""physicalExecutionRequired"":false,""measuredOrReviewedResultRequired"":true,""physicalCompetenceClaim"":false,""reviewerRequired"":true,""measurableAcceptanceCriteria"":[],""evidenceArtifacts"":[""evidence.advanced.ultra-thin"",""evidence.advanced.ultra-thin.human-review""],""classificationMethod"":""explicit-metadata"",""confidence"":""high""}","simulation","normal","normal","aligned","keep","[]","[]","false"
"wplab.horology.advanced-architecture-service","route.advanced.architectures-complications","module.advanced.calendars","lesson.advanced.calendars","activity.advanced.calendars","1","Calendarios como acumulación, salto, retención y corrección","comparison / guided-practice","2-understand-mechanical-systems","specialization","mechanism-explanation","[""support:guided"",""worked-example"",""graduated-attempts""]","false","false","false","[""evidence.advanced.calendars:answer"",""evidence.advanced.calendars.human-review:human-review""]","false","false","R","R","{""modalities"":[""K"",""V"",""R""],""primaryModality"":""R"",""knowledgeExplanationRequired"":true,""virtualDemonstrationRequired"":true,""physicalExecutionRequired"":false,""measuredOrReviewedResultRequired"":true,""physicalCompetenceClaim"":false,""reviewerRequired"":true,""measurableAcceptanceCriteria"":[],""evidenceArtifacts"":[""evidence.advanced.calendars"",""evidence.advanced.calendars.human-review""],""classificationMethod"":""curated-override"",""confidence"":""high""}","simulation","normal","normal","aligned","keep","[]","[]","false"
"wplab.horology.advanced-architecture-service","route.advanced.architectures-complications","module.advanced.chronograph-control","lesson.advanced.chronograph-control","activity.advanced.chronograph-control","1","Control de cronógrafo: levas y rueda de pilares","comparison / guided-practice","2-understand-mechanical-systems","specialization","visual-anatomy","[""support:guided"",""worked-example"",""graduated-attempts""]","false","false","false","[""evidence.advanced.chronograph-control:answer"",""evidence.advanced.chronograph-control.human-review:human-review""]","false","false","R","R","{""modalities"":[""K"",""V"",""R""],""primaryModality"":""R"",""knowledgeExplanationRequired"":true,""virtualDemonstrationRequired"":true,""physicalExecutionRequired"":false,""measuredOrReviewedResultRequired"":true,""physicalCompetenceClaim"":false,""reviewerRequired"":true,""measurableAcceptanceCriteria"":[],""evidenceArtifacts"":[""evidence.advanced.chronograph-control"",""evidence.advanced.chronograph-control.human-review""],""classificationMethod"":""curated-override"",""confidence"":""high""}","simulation","normal","normal","aligned","keep","[]","[]","false"
"wplab.horology.advanced-architecture-service","route.advanced.architectures-complications","module.advanced.chronograph-coupling","lesson.advanced.chronograph-coupling","activity.advanced.chronograph-coupling","1","Acoplamiento horizontal y embrague vertical","comparison / guided-practice","2-understand-mechanical-systems","core","mechanism-explanation","[""support:guided"",""worked-example"",""graduated-attempts""]","false","false","false","[""evidence.advanced.chronograph-coupling:answer"",""evidence.advanced.chronograph-coupling.human-review:human-review""]","false","false","R","R","{""modalities"":[""K"",""V"",""R""],""primaryModality"":""R"",""knowledgeExplanationRequired"":true,""virtualDemonstrationRequired"":true,""physicalExecutionRequired"":false,""measuredOrReviewedResultRequired"":true,""physicalCompetenceClaim"":false,""reviewerRequired"":true,""measurableAcceptanceCriteria"":[],""evidenceArtifacts"":[""evidence.advanced.chronograph-coupling"",""evidence.advanced.chronograph-coupling.human-review""],""classificationMethod"":""explicit-metadata"",""confidence"":""high""}","simulation","normal","normal","aligned","keep","[]","[]","false"
"wplab.horology.advanced-architecture-service","route.advanced.architectures-complications","module.advanced.architecture-capstone","lesson.advanced.architecture-capstone","activity.advanced.architecture-capstone","1","Proyecto: defender una arquitectura completa","comparison / transfer","7-design-validate-own-watch-or-movement","core","capstone-project","[""support:independent"",""worked-example"",""graduated-attempts""]","false","true","false","[""evidence.advanced.architecture-capstone:answer"",""evidence.advanced.architecture-capstone.human-review:human-review""]","false","false","R","R","{""modalities"":[""K"",""R""],""primaryModality"":""R"",""knowledgeExplanationRequired"":true,""virtualDemonstrationRequired"":false,""physicalExecutionRequired"":false,""measuredOrReviewedResultRequired"":true,""physicalCompetenceClaim"":false,""reviewerRequired"":true,""measurableAcceptanceCriteria"":[],""evidenceArtifacts"":[""evidence.advanced.architecture-capstone"",""evidence.advanced.architecture-capstone.human-review""],""classificationMethod"":""curated-override"",""confidence"":""high""}","simulation","normal","normal","aligned","keep","[]","[]","false"
"wplab.horology.manufacturing-design-validation","route.capstone.manufacturing-finishing","module.capstone.manufacturing.dfm-datums","lesson.capstone.manufacturing.dfm-datums","activity.capstone.manufacturing.dfm-datums","1","Diseño para fabricar, medir y revisar","guided-practice / guided-practice","6-repair-adapt-manufacture-components","core","manufacturing","[""support:guided"",""worked-example"",""graduated-attempts""]","false","false","false","[""evidence.capstone.manufacturing.dfm-datums:answer"",""evidence.capstone.manufacturing.dfm-datums.human-review:human-review""]","false","false","R","R","{""modalities"":[""K"",""V"",""R""],""primaryModality"":""R"",""knowledgeExplanationRequired"":true,""virtualDemonstrationRequired"":true,""physicalExecutionRequired"":false,""measuredOrReviewedResultRequired"":true,""physicalCompetenceClaim"":false,""reviewerRequired"":true,""measurableAcceptanceCriteria"":[""acceptance.manufacturing.drawing-complete""],""evidenceArtifacts"":[""evidence.capstone.manufacturing.dfm-datums"",""evidence.capstone.manufacturing.dfm-datums.human-review""],""classificationMethod"":""explicit-metadata"",""confidence"":""high""}","specialist-workshop","caution","caution","aligned","keep","[]","[]","true"
"wplab.horology.manufacturing-design-validation","route.capstone.manufacturing-finishing","module.capstone.manufacturing.case","lesson.capstone.manufacturing.case","activity.capstone.manufacturing.case","1","Caja y arquitectura exterior","guided-practice / guided-practice","6-repair-adapt-manufacture-components","core","manufacturing","[""support:guided"",""worked-example"",""graduated-attempts""]","false","false","false","[""evidence.capstone.manufacturing.case:answer"",""evidence.capstone.manufacturing.case.human-review:human-review""]","false","false","R","R","{""modalities"":[""K"",""V"",""R""],""primaryModality"":""R"",""knowledgeExplanationRequired"":true,""virtualDemonstrationRequired"":true,""physicalExecutionRequired"":false,""measuredOrReviewedResultRequired"":true,""physicalCompetenceClaim"":false,""reviewerRequired"":true,""measurableAcceptanceCriteria"":[""acceptance.manufacturing.case-fit""],""evidenceArtifacts"":[""evidence.capstone.manufacturing.case"",""evidence.capstone.manufacturing.case.human-review""],""classificationMethod"":""explicit-metadata"",""confidence"":""high""}","specialist-workshop","caution","caution","aligned","keep","[]","[]","true"
"wplab.horology.manufacturing-design-validation","route.capstone.manufacturing-finishing","module.capstone.manufacturing.dial","lesson.capstone.manufacturing.dial","activity.capstone.manufacturing.dial","1","Esfera, índices y superficies gráficas","guided-practice / guided-practice","6-repair-adapt-manufacture-components","core","manufacturing","[""support:guided"",""worked-example"",""graduated-attempts""]","false","false","false","[""evidence.capstone.manufacturing.dial:answer"",""evidence.capstone.manufacturing.dial.human-review:human-review""]","false","false","R","R","{""modalities"":[""K"",""V"",""R""],""primaryModality"":""R"",""knowledgeExplanationRequired"":true,""virtualDemonstrationRequired"":true,""physicalExecutionRequired"":false,""measuredOrReviewedResultRequired"":true,""physicalCompetenceClaim"":false,""reviewerRequired"":true,""measurableAcceptanceCriteria"":[""acceptance.manufacturing.dial-legibility""],""evidenceArtifacts"":[""evidence.capstone.manufacturing.dial"",""evidence.capstone.manufacturing.dial.human-review""],""classificationMethod"":""explicit-metadata"",""confidence"":""high""}","specialist-workshop","caution","caution","aligned","keep","[]","[]","true"
"wplab.horology.manufacturing-design-validation","route.capstone.manufacturing-finishing","module.capstone.manufacturing.hands","lesson.capstone.manufacturing.hands","activity.capstone.manufacturing.hands","1","Agujas, cañones y holguras","guided-practice / guided-practice","6-repair-adapt-manufacture-components","core","manufacturing","[""support:guided"",""worked-example"",""graduated-attempts""]","false","false","false","[""evidence.capstone.manufacturing.hands:answer"",""evidence.capstone.manufacturing.hands.human-review:human-review""]","false","false","R","R","{""modalities"":[""K"",""V"",""R""],""primaryModality"":""R"",""knowledgeExplanationRequired"":true,""virtualDemonstrationRequired"":true,""physicalExecutionRequired"":false,""measuredOrReviewedResultRequired"":true,""physicalCompetenceClaim"":false,""reviewerRequired"":true,""measurableAcceptanceCriteria"":[""acceptance.manufacturing.hand-clearance""],""evidenceArtifacts"":[""evidence.capstone.manufacturing.hands"",""evidence.capstone.manufacturing.hands.human-review""],""classificationMethod"":""explicit-metadata"",""confidence"":""high""}","specialist-workshop","caution","caution","aligned","keep","[]","[]","true"
"wplab.horology.manufacturing-design-validation","route.capstone.manufacturing-finishing","module.capstone.manufacturing.plates-bridges","lesson.capstone.manufacturing.plates-bridges","activity.capstone.manufacturing.plates-bridges","1","Platinas, puentes, apoyos y rubíes","guided-practice / guided-practice","6-repair-adapt-manufacture-components","core","manufacturing","[""support:guided"",""worked-example"",""graduated-attempts""]","false","false","false","[""evidence.capstone.manufacturing.plates-bridges:answer"",""evidence.capstone.manufacturing.plates-bridges.human-review:human-review""]","false","false","R","R","{""modalities"":[""K"",""V"",""R""],""primaryModality"":""R"",""knowledgeExplanationRequired"":true,""virtualDemonstrationRequired"":true,""physicalExecutionRequired"":false,""measuredOrReviewedResultRequired"":true,""physicalCompetenceClaim"":false,""reviewerRequired"":true,""measurableAcceptanceCriteria"":[""acceptance.manufacturing.plate-supports""],""evidenceArtifacts"":[""evidence.capstone.manufacturing.plates-bridges"",""evidence.capstone.manufacturing.plates-bridges.human-review""],""classificationMethod"":""explicit-metadata"",""confidence"":""high""}","specialist-workshop","caution","caution","aligned","keep","[]","[]","true"
"wplab.horology.manufacturing-design-validation","route.capstone.manufacturing-finishing","module.capstone.manufacturing.micromechanics","lesson.capstone.manufacturing.micromechanics","activity.capstone.manufacturing.micromechanics","1","Micromecánica: ejes, piñones, tornillos y muelles","guided-practice / guided-practice","6-repair-adapt-manufacture-components","core","manufacturing","[""support:guided"",""worked-example"",""graduated-attempts""]","false","false","false","[""evidence.capstone.manufacturing.micromechanics:answer"",""evidence.capstone.manufacturing.micromechanics.human-review:human-review""]","false","false","R","R","{""modalities"":[""K"",""V"",""R""],""primaryModality"":""R"",""knowledgeExplanationRequired"":true,""virtualDemonstrationRequired"":true,""physicalExecutionRequired"":false,""measuredOrReviewedResultRequired"":true,""physicalCompetenceClaim"":false,""reviewerRequired"":true,""measurableAcceptanceCriteria"":[],""evidenceArtifacts"":[""evidence.capstone.manufacturing.micromechanics"",""evidence.capstone.manufacturing.micromechanics.human-review""],""classificationMethod"":""curated-override"",""confidence"":""high""}","specialist-workshop","caution","caution","aligned","keep","[]","[]","true"
"wplab.horology.manufacturing-design-validation","route.capstone.manufacturing-finishing","module.capstone.manufacturing.decoration","lesson.capstone.manufacturing.decoration","activity.capstone.manufacturing.decoration","1","Acabados y decoración funcionalmente seguros","guided-practice / guided-practice","6-repair-adapt-manufacture-components","core","manufacturing","[""support:guided"",""worked-example"",""graduated-attempts""]","false","false","false","[""evidence.capstone.manufacturing.decoration:answer"",""evidence.capstone.manufacturing.decoration.human-review:human-review""]","false","false","R","R","{""modalities"":[""K"",""V"",""R""],""primaryModality"":""R"",""knowledgeExplanationRequired"":true,""virtualDemonstrationRequired"":true,""physicalExecutionRequired"":false,""measuredOrReviewedResultRequired"":true,""physicalCompetenceClaim"":false,""reviewerRequired"":true,""measurableAcceptanceCriteria"":[""acceptance.manufacturing.finish-consistent""],""evidenceArtifacts"":[""evidence.capstone.manufacturing.decoration"",""evidence.capstone.manufacturing.decoration.human-review""],""classificationMethod"":""explicit-metadata"",""confidence"":""high""}","specialist-workshop","caution","caution","aligned","keep","[]","[]","true"
"wplab.horology.manufacturing-design-validation","route.capstone.personal-watch-design","module.capstone.design.requirements","lesson.capstone.design.requirements","activity.capstone.design.requirements","1","Pliego, usuario y arquitectura del producto","guided-practice / guided-practice","5-build-complete-watch","core","design","[""support:guided"",""worked-example"",""graduated-attempts""]","false","false","false","[""evidence.capstone.design.requirements:answer"",""evidence.capstone.design.requirements.human-review:human-review""]","false","false","R","R","{""modalities"":[""K"",""V"",""R""],""primaryModality"":""R"",""knowledgeExplanationRequired"":true,""virtualDemonstrationRequired"":true,""physicalExecutionRequired"":false,""measuredOrReviewedResultRequired"":true,""physicalCompetenceClaim"":false,""reviewerRequired"":true,""measurableAcceptanceCriteria"":[],""evidenceArtifacts"":[""evidence.capstone.design.requirements"",""evidence.capstone.design.requirements.human-review""],""classificationMethod"":""explicit-metadata"",""confidence"":""high""}","simulation","normal","normal","aligned","keep","[]","[]","false"
"wplab.horology.manufacturing-design-validation","route.capstone.personal-watch-design","module.capstone.design.acquired-movement","lesson.capstone.design.acquired-movement","activity.capstone.design.acquired-movement","1","Integración de un movimiento adquirido","guided-practice / guided-practice","5-build-complete-watch","core","capstone-project","[""support:guided"",""worked-example"",""graduated-attempts""]","false","false","false","[""evidence.capstone.design.acquired-movement:answer"",""evidence.capstone.design.acquired-movement.human-review:human-review""]","false","false","R","R","{""modalities"":[""K"",""R""],""primaryModality"":""R"",""knowledgeExplanationRequired"":true,""virtualDemonstrationRequired"":false,""physicalExecutionRequired"":false,""measuredOrReviewedResultRequired"":true,""physicalCompetenceClaim"":false,""reviewerRequired"":true,""measurableAcceptanceCriteria"":[],""evidenceArtifacts"":[""evidence.capstone.design.acquired-movement"",""evidence.capstone.design.acquired-movement.human-review""],""classificationMethod"":""curated-override"",""confidence"":""high""}","simulation","normal","normal","aligned","keep","[]","[]","false"
"wplab.horology.manufacturing-design-validation","route.capstone.personal-watch-design","module.capstone.design.external-components","lesson.capstone.design.external-components","activity.capstone.design.external-components","1","Caja, esfera, agujas y experiencia de uso","guided-practice / guided-practice","5-build-complete-watch","core","design","[""support:guided"",""worked-example"",""graduated-attempts""]","false","false","false","[""evidence.capstone.design.external-components:answer"",""evidence.capstone.design.external-components.human-review:human-review""]","false","false","R","R","{""modalities"":[""K"",""R""],""primaryModality"":""R"",""knowledgeExplanationRequired"":true,""virtualDemonstrationRequired"":false,""physicalExecutionRequired"":false,""measuredOrReviewedResultRequired"":true,""physicalCompetenceClaim"":false,""reviewerRequired"":true,""measurableAcceptanceCriteria"":[],""evidenceArtifacts"":[""evidence.capstone.design.external-components"",""evidence.capstone.design.external-components.human-review""],""classificationMethod"":""curated-override"",""confidence"":""high""}","simulation","normal","normal","aligned","keep","[]","[]","false"
"wplab.horology.manufacturing-design-validation","route.capstone.personal-watch-design","module.capstone.design.controlled-modification","lesson.capstone.design.controlled-modification","activity.capstone.design.controlled-modification","1","Modificación arquitectónica controlada","guided-practice / guided-practice","5-build-complete-watch","core","design","[""support:guided"",""worked-example"",""graduated-attempts""]","false","false","false","[""evidence.capstone.design.controlled-modification:answer"",""evidence.capstone.design.controlled-modification.human-review:human-review""]","false","false","R","R","{""modalities"":[""K"",""V"",""R""],""primaryModality"":""R"",""knowledgeExplanationRequired"":true,""virtualDemonstrationRequired"":true,""physicalExecutionRequired"":false,""measuredOrReviewedResultRequired"":true,""physicalCompetenceClaim"":false,""reviewerRequired"":true,""measurableAcceptanceCriteria"":[],""evidenceArtifacts"":[""evidence.capstone.design.controlled-modification"",""evidence.capstone.design.controlled-modification.human-review""],""classificationMethod"":""explicit-metadata"",""confidence"":""high""}","simulation","normal","normal","aligned","keep","[]","[]","false"
"wplab.horology.manufacturing-design-validation","route.capstone.personal-watch-design","module.capstone.design.own-movement","lesson.capstone.design.own-movement","activity.capstone.design.own-movement","1","Arquitectura de un movimiento propio","guided-practice / guided-practice","7-design-validate-own-watch-or-movement","core","design","[""support:guided"",""worked-example"",""graduated-attempts""]","false","false","false","[""evidence.capstone.design.own-movement:answer"",""evidence.capstone.design.own-movement.human-review:human-review""]","false","false","R","R","{""modalities"":[""K"",""R""],""primaryModality"":""R"",""knowledgeExplanationRequired"":true,""virtualDemonstrationRequired"":false,""physicalExecutionRequired"":false,""measuredOrReviewedResultRequired"":true,""physicalCompetenceClaim"":false,""reviewerRequired"":true,""measurableAcceptanceCriteria"":[],""evidenceArtifacts"":[""evidence.capstone.design.own-movement"",""evidence.capstone.design.own-movement.human-review""],""classificationMethod"":""curated-override"",""confidence"":""high""}","simulation","normal","normal","aligned","keep","[]","[]","false"
"wplab.horology.manufacturing-design-validation","route.capstone.personal-watch-design","module.capstone.design.capstone","lesson.capstone.design.capstone","activity.capstone.design.capstone","1","Dossier integral y puerta de prototipo","guided-practice / guided-practice","5-build-complete-watch","core","capstone-project","[""support:guided"",""worked-example"",""graduated-attempts""]","false","false","false","[""evidence.capstone.design.capstone:answer"",""evidence.capstone.design.capstone.human-review:human-review""]","false","false","R","R","{""modalities"":[""K"",""R""],""primaryModality"":""R"",""knowledgeExplanationRequired"":true,""virtualDemonstrationRequired"":false,""physicalExecutionRequired"":false,""measuredOrReviewedResultRequired"":true,""physicalCompetenceClaim"":false,""reviewerRequired"":true,""measurableAcceptanceCriteria"":[],""evidenceArtifacts"":[""evidence.capstone.design.capstone"",""evidence.capstone.design.capstone.human-review""],""classificationMethod"":""curated-override"",""confidence"":""high""}","simulation","normal","normal","aligned","keep","[]","[]","false"
"wplab.horology.manufacturing-design-validation","route.capstone.watch-validation","module.capstone.validation.watchmaker-review","lesson.capstone.validation.watchmaker-review","activity.capstone.validation.watchmaker-review","1","Revisión relojera independiente","guided-practice / transfer","7-design-validate-own-watch-or-movement","core","capstone-project","[""support:independent"",""worked-example"",""graduated-attempts""]","false","true","false","[""evidence.capstone.validation.watchmaker-review:answer"",""evidence.capstone.validation.watchmaker-review.human-review:human-review""]","false","false","R","R","{""modalities"":[""K"",""R""],""primaryModality"":""R"",""knowledgeExplanationRequired"":true,""virtualDemonstrationRequired"":false,""physicalExecutionRequired"":false,""measuredOrReviewedResultRequired"":true,""physicalCompetenceClaim"":false,""reviewerRequired"":true,""measurableAcceptanceCriteria"":[],""evidenceArtifacts"":[""evidence.capstone.validation.watchmaker-review"",""evidence.capstone.validation.watchmaker-review.human-review""],""classificationMethod"":""curated-override"",""confidence"":""high""}","simulation","normal","normal","aligned","keep","[]","[]","false"
"wplab.horology.manufacturing-design-validation","route.capstone.watch-validation","module.capstone.validation.calibre-transfer","lesson.capstone.validation.calibre-transfer","activity.capstone.validation.calibre-transfer","1","Transferencia entre calibres y arquitecturas","guided-practice / transfer","5-build-complete-watch","core","capstone-project","[""support:independent"",""worked-example"",""graduated-attempts""]","false","true","false","[""evidence.capstone.validation.calibre-transfer:answer"",""evidence.capstone.validation.calibre-transfer.human-review:human-review""]","false","false","R","R","{""modalities"":[""K"",""V"",""R""],""primaryModality"":""R"",""knowledgeExplanationRequired"":true,""virtualDemonstrationRequired"":true,""physicalExecutionRequired"":false,""measuredOrReviewedResultRequired"":true,""physicalCompetenceClaim"":false,""reviewerRequired"":true,""measurableAcceptanceCriteria"":[""validation-acceptance.transfer.no-false-transfer"",""validation-acceptance.transfer.causal""],""evidenceArtifacts"":[""evidence.capstone.validation.calibre-transfer"",""evidence.capstone.validation.calibre-transfer.human-review""],""classificationMethod"":""explicit-metadata"",""confidence"":""high""}","simulation","normal","normal","aligned","keep","[]","[]","false"
